source_page,category,code,name,sale_price,source_initial_stock,source_total_stock,import_stock,requires_review
1,Abarrotes,000100000,Termo Mickey Mouse,185.0,0.0,0.0,0,
1,Abarrotes,000196232,Café Pureza 1/2 Libra,80.0,5.0,5.0,5.0,
1,Abarrotes,000196233,AZUCAR PANTALEON,13.7,0.0,0.0,0,
1,Abarrotes,000198388,CHINELAS SUAVE GANCHO,40.0,0.0,0.0,0,
1,Abarrotes,000198389,CHINELA ROLTER,75.0,0.0,0.0,0,
1,Abarrotes,000198390,VASELINA SIMPLE PEQUEÑA (MI BEBE Y KB),16.0,0.0,0.0,0,
1,Abarrotes,000198391,POLLO MARINADO,50.0,0.8,0.8,0.8,
1,Abarrotes,000198392,CEPILLO ORAL DE NIÑO,13.0,0.0,0.0,0,
1,Abarrotes,000198393,ACETONA DAROSA 60 ML,35.0,4.0,4.0,4.0,
1,Abarrotes,000198394,"TOBILLERAS LLOYD""S",8.33,2.0,2.0,2.0,
1,Abarrotes,000198395,CALCETINES BRENDAS SCHOOL,20.0,1.0,1.0,1.0,
1,Abarrotes,000198396,MOCHILA DELTA CREMA,385.0,0.0,0.0,0,
1,Abarrotes,000198397,MOCHILA DELTA AZUL,390.0,0.0,0.0,0,
1,Abarrotes,000198398,MOCHILA DELTA ROJA PEQ,300.0,0.0,0.0,0,
1,Abarrotes,000198399,MOCHILAS DELTA,350.0,0.0,0.0,0,
1,Abarrotes,000198400,BOLSITOS CR2,300.0,0.0,0.0,0,
1,Abarrotes,000198401,GELATINA FRUIT JELLY 1575g 48 und,5.0,823.0,823.0,823.0,
1,Abarrotes,000198402,CUADERNO DE 5 MATERIA,170.0,4.0,4.0,4.0,
1,Abarrotes,000198403,ESPUMIA DE COLORES,1.0,0.0,0.0,0,
1,Abarrotes,000198404,MORTADELA KIMBY 150 GM,25.0,0.0,0.0,0,
1,Abarrotes,000198405,PAN TOSTADO INTEGRAL,45.0,0.0,0.0,0,
1,Abarrotes,000198406,JUGO MARAVILLA,190.0,0.0,0.0,0,
1,Abarrotes,000198407,Arroz Economico 80/20,13.8,0.0,0.0,0,
1,Abarrotes,000198408,ARROZ CONTINENTAL,15.3,0.0,0.0,0,
2,Abarrotes,000198409,VELADORAS DE TUBO MEDIANA Y GRANDE,90.0,0.0,0.0,0,
2,Abarrotes,000198410,GORRA FITTED,200.0,0.0,0.0,0,
2,Abarrotes,000198411,GORRA TOMMY NEGRA 1985,310.0,0.0,0.0,0,
2,Abarrotes,000198412,GORRA TOMMY JEANS,250.0,0.0,0.0,0,
2,Abarrotes,000198413,GORRA TOMMY AZUL,140.0,0.0,0.0,0,
2,Abarrotes,000198414,GORRA ADIDAS AZUL,210.0,0.0,0.0,0,
2,Abarrotes,000198415,GORRA CAPZ AZULONA,200.0,0.0,0.0,0,
2,Abarrotes,000198416,GORRA POLO AZUL CLARO,240.0,0.0,0.0,0,
2,Abarrotes,000198417,GORRA FLEXFIT,160.0,0.0,0.0,0,
2,Abarrotes,000198418,GORRA JORDAN ROJA,120.0,0.0,0.0,0,
2,Abarrotes,000198419,Azucar Pantaleon Arroba 10 kg,345.0,0.0,0.0,0,
2,Abarrotes,000198420,PINTURA CR,30.0,0.0,0.0,0,
2,Abarrotes,000198421,ARROZ ESPERANZA 60/40,11.7,0.0,0.0,0,
2,Abarrotes,000198422,ARROZ LA ESPERANZA 80/20,14.5,0.0,0.0,0,
2,Abarrotes,000198423,Frambuesa Rey 350 ml,16.0,0.0,0.0,0,
2,Abarrotes,000198424,COCOA DULCE 400 GR,105.0,22.0,22.0,22.0,
2,Abarrotes,000198425,LIMA IMACASA,43.33,4.0,4.0,4.0,
2,Abarrotes,000198426,PIMIENTA OLOROSA GRANDE,6.0,2.0,2.0,2.0,
2,Abarrotes,000198427,ARROZ SAMARITANO 60/40,11.9,0.0,0.0,0,
2,Abarrotes,000198428,FILETE PREPARADO,210.0,0.0,0.0,0,
2,Abarrotes,000198429,CUADERNOS LORO VERDE GRANDE,40.0,0.0,0.0,0,
2,Abarrotes,000198430,AZUCAR DEL INGENIO ARROBA 10 K,345.0,17.0,46.0,46.0,
2,Abarrotes,000198431,"ACEITE SANTA MONICA 3,785 LT",310.0,0.0,0.0,0,
2,Abarrotes,000198432,BOLSA DE MASEN USADAS,5.0,0.0,0.0,0,
3,Abarrotes,000198433,JABON ZOON,25.83,0.0,0.0,0,
3,Abarrotes,000198434,ACEITE PALMA RICA 3.785 LT,300.0,0.0,0.0,0,
3,Abarrotes,000198435,LAZOS PEQUEÑOS,15.0,0.0,0.0,0,
3,Abarrotes,000198436,SOMBRAS YH 18 COLORES,65.0,6.0,6.0,6.0,
3,Abarrotes,000198437,GORRO CONEJITO,45.0,0.0,0.0,0,
3,Abarrotes,000198438,GORRITO PELOTA,80.0,0.0,0.0,0,
3,Abarrotes,000198439,GORRO KIDDS,50.0,0.0,0.0,0,
3,Abarrotes,000198440,BOXER NIÑO WEAR WOLF,100.0,3.0,3.0,3.0,
3,Abarrotes,000198441,TOALLAS PRINCESSA,170.0,0.0,0.0,0,
3,Abarrotes,000198442,PANITAS DECORADAS JL,30.0,0.0,0.0,0,
3,Abarrotes,000198443,PIRAÑAS PLASTICA DE COLORES,5.0,0.0,0.0,0,
3,Abarrotes,000198444,PIÑATA ANGELINA,195.0,0.0,0.0,0,
3,Abarrotes,000198445,PIÑATA WOODY,185.0,0.0,0.0,0,
3,Abarrotes,000198446,PIÑATA PRINCESA,200.0,0.0,0.0,0,
3,Abarrotes,000198447,ACEITE PALMA RICA 10 LT,720.0,0.0,0.0,0,
3,Abarrotes,000198448,DIADEMAS PARA DAMAS,50.0,0.0,0.0,0,
3,Abarrotes,000198449,ESCOBAS ECOPLAST PEQUEÑA,95.0,0.0,0.0,0,
3,Abarrotes,000198450,TINA MEGA GRANDE CON TAPA,500.0,0.0,0.0,0,
3,Abarrotes,000198451,TINA PROPLAS C0N TAPA PEQUEÑA,300.0,0.0,0.0,0,
3,Abarrotes,000198452,TINA CON AGARRDERO MEGA,380.0,0.0,0.0,0,
3,Abarrotes,000198453,SILLAS DE NIÑAS PRIMA,165.0,0.0,0.0,0,
3,Abarrotes,000198454,SILLAS CON RESPALDADERO,180.0,0.0,0.0,0,
3,Abarrotes,000198455,AZUCAR DEL INGENIO,11.62,0.0,0.0,0,
3,Abarrotes,000198456,SET DE VASOS DE COLORES,180.0,0.0,0.0,0,
4,Abarrotes,000198457,MASCARILLA,2.2,55.0,55.0,55.0,
4,Abarrotes,000198458,TERMO VACUUM FLASK 1.8 LT,260.0,3.0,3.0,3.0,
4,Abarrotes,000198459,LAZOS DE PICOS DE MIKEY Y PRINCESSA,20.0,0.0,0.0,0,
4,Abarrotes,000198460,ALCOHOL ANTIBACTERIAL ORVEL,130.0,0.0,0.0,0,
4,Abarrotes,000198461,SET DE PANAS TAPA DE COLORES,150.0,0.0,0.0,0,
4,Abarrotes,000198462,SET DE PANAS VERDES DECORADAS,150.0,0.0,0.0,0,
4,Abarrotes,000198463,CANASTA ROPERA MEGA,380.0,3.0,3.0,3.0,
4,Abarrotes,000198464,ACEITE SAN ANTONIO 10 LT,640.0,0.0,0.0,0,
4,Abarrotes,000198465,INSECTICIDA 2-4-D,260.0,4.0,4.0,4.0,
4,Abarrotes,000198466,INSECTICIDA GRAMOXONE,190.0,0.0,0.0,0,
4,Abarrotes,000198467,INSECTICIDA GLIFOSATO,222.0,1.0,1.0,1.0,
4,Abarrotes,000198468,PRENSAPELO ESCARCHADOS WONDER NATION,45.0,0.0,0.0,0,
4,Abarrotes,000198469,PRENSAPELO DE LAZO ACCESSORY,25.0,0.0,0.0,0,
4,Abarrotes,000198470,HULES ABCD,45.0,0.0,0.0,0,
4,Abarrotes,000198471,ATOMIZADOR PEQ,65.0,0.0,0.0,0,
4,Abarrotes,000198472,PLATITOS ONDOS PM P.MARGARITA,35.0,0.0,0.0,0,
4,Abarrotes,000198473,PLATOS DE LOSA DE COLORES,40.0,0.0,0.0,0,
4,Abarrotes,000198474,PLATOS DE VIDRIO GRANDES,40.0,0.0,0.0,0,
4,Abarrotes,000198475,POMADA DE LA VACA,30.0,0.0,0.0,0,
4,Abarrotes,000198476,GOTAS PARA EL PELO IC KERATINA 180 ML,110.0,0.0,0.0,0,
4,Abarrotes,000198477,GOTAS PARA PELO OLIVE OIL 200 ML,175.0,0.0,0.0,0,
4,Abarrotes,000198478,ARROZ REYNA 80/20,630.0,0.0,0.0,0,
4,Abarrotes,000198479,TOBILLERA CAMINANDO CABALLERO,14.0,0.0,0.0,0,
4,Abarrotes,000198480,TOBILLERA DAMA MARYURI,25.0,17.0,17.0,17.0,
5,Abarrotes,000198481,TOBILLERA SOCITEX DAMA,15.0,1.0,1.0,1.0,
5,Abarrotes,000198482,PACHA CHIQUITAS SENCILLAS,35.0,0.0,0.0,0,
5,Abarrotes,000198483,JABON TUYO,150.0,0.0,0.0,0,
5,Abarrotes,000198484,"BLUMER VK""S LOVE",40.0,0.0,0.0,0,
5,Abarrotes,000198485,Lapiz de Grafito Latino,3.0,16.0,16.0,16.0,
5,Abarrotes,000198486,PINTURA MKC 18 ML,35.0,0.0,0.0,0,
5,Abarrotes,000198487,PERCOLADORA MILENIUM,400.0,0.0,0.0,0,
5,Abarrotes,000198488,TAZAS CHINA I LOVE MOM,40.0,0.0,0.0,0,
5,Abarrotes,000198489,VASO POROPLAS POLY CUPS 6 ONZ,15.0,0.0,0.0,0,
5,Abarrotes,000198490,ARROZ MARIA 50/50,11.3,0.0,0.0,0,
5,Abarrotes,000198491,QUESITO,200.0,34.0,33.0,33.0,
5,Abarrotes,000198492,LUCES MULTI FUNCION 100 L,45.0,0.0,0.0,0,
5,Abarrotes,000198493,CAMISOLIN TRICOTEXTIL ADULTO,135.0,1.0,1.0,1.0,
5,Abarrotes,000198494,PINESOL TINA,55.0,1.0,1.0,1.0,
5,Abarrotes,000198495,BRASIEL LOVE STYLO,145.0,0.0,0.0,0,
5,Abarrotes,000198496,ARROZ SOL 80/20,14.2,0.0,0.0,0,
5,Abarrotes,000198497,PORRA DE ALUMINIO #28,285.0,0.0,0.0,0,
5,Abarrotes,000198498,TAJADEROS DE PLASTICOS,150.0,1.0,1.0,1.0,
5,Abarrotes,000198499,BLUMERCITO LOVABLE NIÑA,44.0,13.0,13.0,13.0,
5,Abarrotes,000198500,QUESO AMARRILLO,35.0,0.0,0.0,0,
5,Abarrotes,000198501,MOCHILA LIVING,600.0,0.0,0.0,0,
5,Abarrotes,000198502,BOLSO SHAMPION,420.0,0.0,0.0,0,
5,Abarrotes,000198503,ARROZ DON CARLOS 80/20,16.0,0.0,0.0,0,
5,Abarrotes,000198504,ARROZ DELFIN 50%,12.7,0.5,0.5,0.5,
6,Abarrotes,000198505,PACHA DE BEBES ECONOMICA,30.0,0.0,0.0,0,
6,Abarrotes,000198506,CALSETINES WAKIDS,35.0,0.0,0.0,0,
6,Abarrotes,000198507,PAPEL HIGIENICO NEVAX RENDIDOR 1X24,21.67,215.0,575.0,575.0,
6,Abarrotes,000198508,PAPEL HIGIENICO NEVAX PRACTIT 1X4,35.0,0.0,0.0,0,
6,Abarrotes,000198509,GORRA LEVIS ECONOMICA,185.0,0.0,0.0,0,
6,Abarrotes,000198510,SET DE PANA REDONDA ANARANJADA,150.0,0.0,0.0,0,
6,Abarrotes,000198511,PANA GUACAL SALVA PLASTIC,30.0,1.0,1.0,1.0,
6,Abarrotes,000198512,PAILA CON OREJA LOTUS #24,270.0,0.0,0.0,0,
6,Abarrotes,000198513,PAILA CON OREJA LOTUS #28,380.0,0.0,0.0,0,
6,Abarrotes,000198514,PANAS HONESTAR,38.0,0.0,0.0,0,
6,Abarrotes,000198515,CIGARRO MODERN,33.0,1396.5,1367.5,1367.5,
6,Abarrotes,000198516,LAPIZ DE CEJA NIÑA BONITA,10.0,0.0,0.0,0,
6,Abarrotes,000198517,GUSTITO,165.0,0.0,0.0,0,
6,Abarrotes,000198518,ABANICO SANKEY,2300.0,0.0,0.0,0,
6,Abarrotes,000198519,ARROZ NICOYA,18.0,0.0,0.0,0,
6,Abarrotes,000198520,PANTALLA MILENIUM 24,3650.0,0.0,0.0,0,
6,Abarrotes,000198521,CARAMELO MIEL RELLENO,110.0,0.0,0.0,0,
6,Abarrotes,000198522,LECHE BURRA,85.0,20.0,17.0,17.0,
6,Abarrotes,000198523,ARROZ SAMARITANO 96/4,21.7,61.0,61.0,61.0,
6,Abarrotes,000198524,PELOTAS DE COLORES GRANDES,35.0,0.0,0.0,0,
6,Abarrotes,000198525,GALLETA PINDI,55.0,8.0,8.0,8.0,
6,Abarrotes,000198526,DINOSAURIO JUGUETE LAYIN-TOY,340.0,0.0,0.0,0,
6,Abarrotes,000198527,MUÑECA LQL,70.0,0.0,0.0,0,
6,Abarrotes,000198528,CARRO OFF ROAD,330.0,0.0,0.0,0,
7,Abarrotes,000198529,JUEGO DE COSMETICO,200.0,0.0,0.0,0,
7,Abarrotes,000198530,MUÑECA LOWERLY,190.0,0.0,0.0,0,
7,Abarrotes,000198531,MOTOCICLETA,150.0,0.0,0.0,0,
7,Abarrotes,000198532,JUEGO DE COCINA,320.0,0.0,0.0,0,
7,Abarrotes,000198533,JUEGO DE CARRO FAST,260.0,0.0,0.0,0,
7,Abarrotes,000198534,HUEVO CON CARRITO,50.0,0.0,0.0,0,
7,Abarrotes,000198535,CARRETILLA SHOPPING,385.0,0.0,0.0,0,
7,Abarrotes,000198536,RELOJ DE PARED,220.0,0.0,0.0,0,
7,Abarrotes,000198537,SET DE JUGUETE KITCHEN WONDER,110.0,0.0,0.0,0,
7,Abarrotes,000198538,SET DE JUGUETE WORLD MEAL,130.0,0.0,0.0,0,
7,Abarrotes,000198539,LAZITOS PRETTY BABY,40.0,0.0,0.0,0,
7,Abarrotes,000198540,CINTILLO JEWERY,50.0,5.0,5.0,5.0,
7,Abarrotes,000198541,CIGARRO BELMONTH CLIC,7.0,0.0,0.0,0,
7,Abarrotes,000198542,JUGUETE POLTRY,130.0,0.0,0.0,0,
7,Abarrotes,000198543,CANDADO SHENLING,180.0,0.0,0.0,0,
7,Abarrotes,000198544,CALCETINES P/CABALLERO GALAN,18.0,0.0,0.0,0,
7,Abarrotes,000198545,CARRO CONTROL REMOTO,650.0,0.0,0.0,0,
7,Abarrotes,000198546,BLUMERES VARIADO,40.0,0.0,0.0,0,
7,Abarrotes,000198547,CUCHARAS METALICAS GRANDES,10.0,0.0,0.0,0,
7,Abarrotes,000198548,PAPEL HIGENICO ENCANTO 1000 HJ ECONOMICO,18.75,3.0,3.0,3.0,
7,Abarrotes,000198549,PLATO PM,40.0,8.0,8.0,8.0,
7,Abarrotes,000198550,PLATO REEZ,45.0,0.0,0.0,0,
7,Abarrotes,000198551,PLATO BIG HOME,70.0,0.0,0.0,0,
7,Abarrotes,000198552,PLATO ECONOMICO,20.0,0.0,0.0,0,
8,Abarrotes,000198553,Jabon hogareña,112.0,0.0,0.0,0,
8,Abarrotes,000198554,BOLSA PARTY GOODS PAQUETE,40.0,1.0,1.0,1.0,
8,Abarrotes,000198555,CARRITOS BEACH TOYS,40.0,0.0,0.0,0,
8,Abarrotes,000198556,Cuaderno Scribe Cocido,40.0,0.0,0.0,0,
8,Abarrotes,000198557,CUADERNO COCIDO SAV,45.0,0.0,0.0,0,
8,Abarrotes,000198558,Papel Higienico Nevax 1x12 XTRA MAS,340.0,594.0,594.0,594.0,
8,Abarrotes,000198559,Vasos Amarillos Carita,38.0,0.0,0.0,0,
8,Abarrotes,000198560,Chinelas Crocs Shoes,170.0,0.0,0.0,0,
8,Abarrotes,000198561,BUJIA LUMIMAX,85.0,0.0,0.0,0,
8,Abarrotes,000198709,SET DE TAZA LA ROSA,180.0,0.0,0.0,0,
8,Abarrotes,000198710,ABANICO TORNADO GRANDE,1000.0,0.0,0.0,0,
8,Abarrotes,000198711,EMBUDOS,25.0,0.0,0.0,0,
8,Abarrotes,000198712,PEPSI DE 1 LT,318.0,4.0,4.0,4.0,
8,Abarrotes,000198713,PASTE DE BAÑO NIÑO SUAVE,20.0,0.0,0.0,0,
8,Abarrotes,000198714,PANITA BIG HOME,42.0,0.0,0.0,0,
8,Abarrotes,000198715,GALLETA SODA,35.0,0.0,0.0,0,
8,Abarrotes,000198716,CHINELA NIKE,245.0,0.0,0.0,0,
8,Abarrotes,000198717,VASO DE LICUADORA OSTER,250.0,0.0,0.0,0,
8,Abarrotes,000198718,CUCHILLA PARA LICUADORA,220.0,0.0,0.0,0,
8,Abarrotes,000198719,PLATO DE VIDRIO IBROS,60.0,0.0,0.0,0,
8,Abarrotes,000198720,TAZAS PLATICAS FLOREADA,40.0,0.0,0.0,0,
8,Abarrotes,000198721,TAZA LOZA,55.0,0.0,0.0,0,
8,Abarrotes,000198722,CARAMELO COLOMBINA,60.0,0.0,0.0,0,
8,Abarrotes,000198723,ARROZ GUARDABARRANCO,14.9,0.0,0.0,0,
9,Abarrotes,000198724,CALSETINES GALAN,20.0,0.0,0.0,0,
9,Abarrotes,000198725,CARRO TRACTOR DE ANIMALES,250.0,0.0,0.0,0,
9,Abarrotes,000198726,JUGUETE URBANO CONSTRUCCION,80.0,0.0,0.0,0,
9,Abarrotes,000198727,ALCOHOL DE 1 LT,120.0,3.0,7.0,7.0,
9,Abarrotes,000198728,CHINELA PATROL DE NIÑO,75.0,0.0,0.0,0,
9,Abarrotes,000198729,ANI,5.0,0.0,0.0,0,
9,Abarrotes,000198730,BOMBA PARA CHIMBOMBA,55.0,0.0,0.0,0,
9,Abarrotes,000198731,PICHELES DE COLORES PEQUEÑOS,20.0,2.0,2.0,2.0,
9,Abarrotes,000198732,ARROZ DOÑA MARIA 70/30 50 LB,725.0,0.0,0.0,0,
9,Abarrotes,000198733,ACEITE PALMA RICA 1/2 GALON,165.0,0.0,0.0,0,
9,Abarrotes,000198734,LIMAS BEAUTIFUL,5.0,0.0,0.0,0,
9,Abarrotes,000198735,CHOCOLATE I LOVE,190.0,0.0,0.0,0,
9,Abarrotes,000198736,CARRITO SORPRESA,115.0,0.0,0.0,0,
9,Abarrotes,000198737,DIADEMAS DE DAMA ECONOMICAS,35.0,0.0,0.0,0,
9,Abarrotes,000198738,CONTENEDOR 8X8,5.0,405.0,405.0,405.0,
9,Abarrotes,000198739,BAYGON OFERTA 400 ML,300.0,7.0,7.0,7.0,
9,Abarrotes,000198740,VASELINA SIMPLE 60 GR,25.0,0.0,0.0,0,
9,Abarrotes,000198741,CHINELA HELLO,90.0,0.0,0.0,0,
9,Abarrotes,000198742,MUÑECAS DE COLORES,200.0,0.0,0.0,0,
9,Abarrotes,000198743,ARROZ LUZ 80%,15.0,0.5,0.5,0.5,
9,Abarrotes,000198744,ARROZ LUZ 50%,12.9,0.0,0.0,0,
9,Abarrotes,000198745,BRILLATINA 46 GR,50.0,1.0,1.0,1.0,
9,Abarrotes,000198746,TOBILLERAS TEXAS,20.0,0.0,0.0,0,
9,Abarrotes,000198747,CALCETINES TEXAS BASIC,20.0,0.0,0.0,0,
10,Abarrotes,000198748,SERVILLETA LO NUESTRO,20.0,32.0,32.0,32.0,
10,Abarrotes,000198749,SEMOLINA,7.0,0.0,0.0,0,
10,Abarrotes,000198750,COLADOR STRAYNER,90.0,0.0,0.0,0,
10,Abarrotes,000198751,AJEDREZ MEDIANO,130.0,2.0,2.0,2.0,
10,Abarrotes,000198752,JUEGO DE PANA BLANCA 5 PIEZAS,185.0,0.0,0.0,0,
10,Abarrotes,000198753,PANA CAFE GRANDE,120.0,0.0,0.0,0,
10,Abarrotes,000198754,JABON LIQUIDO DOÑA TINA GALON,230.0,0.0,0.0,0,
10,Abarrotes,000198755,CANDADOS GRANDE YUNHUAN,75.0,0.0,0.0,0,
10,Abarrotes,000198756,RAQUETAS PARA MOSQUITOS,200.0,0.0,0.0,0,
10,Abarrotes,000198757,PORRA DE ALUMINIO # 20,200.0,0.0,0.0,0,
10,Abarrotes,000198758,PORRA DE ALUMINIO #18,200.0,0.0,0.0,0,
10,Abarrotes,000198759,PORRA DE ALUMINIO #24,360.0,0.0,0.0,0,
10,Abarrotes,000198760,PORRA DE ALUMINIO #32,400.0,0.0,0.0,0,
10,Abarrotes,000198761,PORRA DE ALUMINIO #16,140.0,0.0,0.0,0,
10,Abarrotes,000198762,MASETERA PEQUEÑA,100.0,0.0,0.0,0,
10,Abarrotes,000198763,MASETERA MEDIANA,115.0,0.0,0.0,0,
10,Abarrotes,000198764,VASOS PLASTICO,20.0,0.0,0.0,0,
10,Abarrotes,000198765,VASOS TRANSPARENTE DE COLORES,42.0,0.0,0.0,0,
10,Abarrotes,000198766,CHOCOLATE ISTAMBUL,210.0,0.0,0.0,0,
10,Abarrotes,000198767,ARROZ DOÑITA 80/20,1360.0,0.0,0.0,0,
10,Abarrotes,000198768,ARROZ DOÑA MARIA 50/50,13.5,0.5,0.5,0.5,
10,Abarrotes,000198770,CEPILLO LAVA ROPA PROBAL,25.0,0.0,0.0,0,
10,Abarrotes,000198771,PALETA DE LECHE (paleton),5.0,0.0,0.0,0,
10,Abarrotes,000198772,ARROZ CHAGUITO,19.9,0.0,0.0,0,
11,Abarrotes,000198773,ATOMIZADOR ALCOHOL SPRAY 70%,45.0,0.0,0.0,0,
11,Abarrotes,000198774,BOXER 400,45.0,0.0,0.0,0,
11,Abarrotes,000198775,TORTILLITAS LIMON,170.0,0.0,0.0,0,
11,Abarrotes,000198776,RINGOS QUESO,125.0,0.0,0.0,0,
11,Abarrotes,000198777,SHAMPO KB 32 ONZA,80.0,0.0,0.0,0,
11,Abarrotes,000198778,ARROZ DARIANO 96/4,21.8,26.0,26.0,26.0,
11,Abarrotes,000198779,ARROZ DARIANO 80/20,12.75,0.0,0.0,0,
11,Abarrotes,000198780,ARROZ DARIANO 60/40,12.1,0.0,0.0,0,
11,Abarrotes,000198781,VANIDAD P.W,110.0,0.0,0.0,0,
11,Abarrotes,000198782,RUBOR NIÑA BONITA,110.0,0.0,0.0,0,
11,Abarrotes,000198783,LIMAS METALICAS,20.0,0.0,0.0,0,
11,Abarrotes,000198784,ALFILERES GENIAL,25.0,0.0,0.0,0,
11,Abarrotes,000198785,CORTA UÑA MEDIANO,25.0,0.0,0.0,0,
11,Abarrotes,000198786,LONCHERITA LUCH BOX,230.0,0.0,0.0,0,
11,Abarrotes,000198787,BOXER TRECO,100.0,4.0,4.0,4.0,
11,Abarrotes,000198788,CALZETIN TEXAS BASIC,20.0,0.0,0.0,0,
11,Abarrotes,000198789,TOALLA DE BAÑO ISWARA,210.0,0.0,0.0,0,
11,Abarrotes,000198790,TOALLA DE BAÑO CAMAZONA,210.0,0.0,0.0,0,
11,Abarrotes,000198791,BOLSAS DE BASURA ESTRELLA,95.0,0.0,0.0,0,
11,Abarrotes,000198792,BOLSA DE BASURA JARDIN,95.0,0.0,0.0,0,
11,Abarrotes,000198793,ARROZ DEL VALLE 80/20,16.0,0.5,0.5,0.5,
11,Abarrotes,000198794,VOLQUETE NEW,130.0,0.0,0.0,0,
11,Abarrotes,000198795,TAZAS PLASTICA DE COLORES,18.0,0.0,0.0,0,
11,Abarrotes,000198796,SAL PURAMAR,3.8,0.0,0.0,0,
12,Abarrotes,000198797,ARROZ ESPERANZA 50/50,13.0,0.0,0.0,0,
12,Abarrotes,000198798,CUCHARONES DE METAL,60.0,1.0,1.0,1.0,
12,Abarrotes,000198799,ARROZ LUZ 70/30,14.3,0.0,0.0,0,
12,Abarrotes,000198800,DOÑA LUZ ARROBA 80%,500.0,32.0,31.0,31.0,
12,Abarrotes,000198801,TERMO VACUM 450,185.0,1.0,1.0,1.0,
12,Abarrotes,000198802,PANITAS DE VIDRIO REDONDAS,46.0,0.0,0.0,0,
12,Abarrotes,000198803,SET DE TAZA DIAMONDS 1X6,170.0,0.0,0.0,0,
12,Abarrotes,000198804,SET DE VASO ZUMBA,140.0,0.0,0.0,0,
12,Abarrotes,000198805,SET DE VASO LOTUS 1X3,130.0,0.0,0.0,0,
12,Abarrotes,000198806,LUCES NAVIDEÑAS 60 LED,85.0,0.0,0.0,0,
12,Abarrotes,000198807,LUCES NAVIDEÑAS 10 LED,480.0,0.0,0.0,0,
12,Abarrotes,000198808,LUCES NAVIDEÑAS 100 LED,125.0,0.0,0.0,0,
12,Abarrotes,000198809,TRACTORES PEQUEÑOS,130.0,0.0,0.0,0,
12,Abarrotes,000198810,VOLQUETES MEDIANOS,240.0,0.0,0.0,0,
12,Abarrotes,000198811,GUITARRA CAFE,290.0,0.0,0.0,0,
12,Abarrotes,000198812,BOXER CALVIN KLEIN,110.0,0.0,0.0,0,
12,Abarrotes,000198813,TERMO RADIANT 1.8 LT,450.0,0.0,0.0,0,
12,Abarrotes,000198814,PINTURA ANNY SELECTION,30.0,3.0,3.0,3.0,
12,Abarrotes,000198815,ESCOBA KIKA,80.0,0.0,0.0,0,
12,Abarrotes,000198816,CARTERA DE DAMA MOLLA,380.0,0.0,0.0,0,
12,Abarrotes,000198817,LAPICERO PAPER MATE,8.0,12.0,12.0,12.0,
12,Abarrotes,000199330,LAVA PACHA FISH,50.0,0.0,0.0,0,
12,Abarrotes,000199331,ARROZ EL PAISANO 80/20,21.0,1602.5,1502.5,1502.5,
12,Abarrotes,000199332,PASTE DE ESPONJA,50.0,0.0,0.0,0,
13,Abarrotes,000199333,ARROZ CABALLO NEGRO,22.8,729.0,629.0,629.0,
13,Abarrotes,000199334,MARUCHAN CUP NOODLS,220.0,0.0,0.0,0,
13,Abarrotes,000199335,ARROZ ECONOMICO 60/40,12.9,0.0,0.0,0,
13,Abarrotes,000199336,CREMA PECORA,80.0,0.0,0.0,0,
13,Abarrotes,000199337,BUJIA TRES B 25 WATTS,150.0,6.0,6.0,6.0,
13,Abarrotes,000199338,BUJIA TRES B 20 WATTS,75.0,0.0,0.0,0,
13,Abarrotes,000199339,BUJIAS TRES B 45 WATTS,175.0,2.0,2.0,2.0,
13,Abarrotes,000199340,BRASIER ROSADO FENZIXIA,85.0,0.0,0.0,0,
13,Abarrotes,000199341,BRASIER LINA FASHION,140.0,0.0,0.0,0,
13,Abarrotes,000199342,BOXER PEGASO,55.0,0.0,0.0,0,
13,Abarrotes,000199343,BOXER MR WOLF,50.0,0.0,0.0,0,
13,Abarrotes,000199344,TRAJECITOS BEBE,120.0,0.0,0.0,0,
13,Abarrotes,000199345,CAMISOLITA TRICOTEXTIL NIÑO,85.0,0.0,0.0,0,
13,Abarrotes,000199346,CALSETINES OJITOS,18.0,0.0,0.0,0,
13,Abarrotes,000199347,GUANTES PARA BEBE,35.0,0.0,0.0,0,
13,Abarrotes,000199348,LAZOS DE NIÑA,35.0,0.0,0.0,0,
13,Abarrotes,000199349,PORRA ALUMINIO #14,130.0,0.0,0.0,0,
13,Abarrotes,000199350,COMAL METALICO,185.0,0.0,0.0,0,
13,Abarrotes,000199351,LONCHERA TATOO,185.0,0.0,0.0,0,
13,Abarrotes,000199352,PALETA PINTA LABIO BENY 3 CORAZONES,65.0,0.0,0.0,0,
13,Abarrotes,000199353,JUEGO CUCHARAS TEFLON HAUS,135.0,0.0,0.0,0,
13,Abarrotes,000199354,CUCHARAS P TEFLON INDIVIDUAL,60.0,0.0,0.0,0,
13,Abarrotes,000199355,CUCHARAS DE PASCOS PLASTICAS,40.0,0.0,0.0,0,
13,Abarrotes,000199356,PLATERA SENCILLA CELESTE TIERNO,700.0,1.0,1.0,1.0,
14,Abarrotes,000199357,CORTA UÑA MINI PEQUEÑOS,15.0,7.0,7.0,7.0,
14,Abarrotes,000199358,TOSTADORA ASTOR,600.0,1.0,1.0,1.0,
14,Abarrotes,000199359,SET DE VASO PLASTICO,120.0,0.0,0.0,0,
14,Abarrotes,000199360,VASO PLASTICO #10,45.0,0.0,0.0,0,
14,Abarrotes,000199361,FACTURA COMERCIAL,30.0,4.0,4.0,4.0,
14,Abarrotes,000199362,PAN BOLSA GRANDE,24.0,115.0,107.0,107.0,
14,Abarrotes,000199363,VASO PLASTICO #12,35.0,1.0,1.0,1.0,
14,Abarrotes,000199364,OFERTA DE PANITA,85.0,0.0,0.0,0,
14,Abarrotes,000199365,PINTURA DE UÑA MODE LOVE,40.0,0.0,0.0,0,
14,Abarrotes,000199366,VALDES PLASTICO 12 LITRO,130.0,1.0,1.0,1.0,
14,Abarrotes,000199367,CALCULADORA PROCALC,400.0,0.0,0.0,0,
14,Abarrotes,000199368,CEPILLO DE LAVAR SAV,40.0,2.0,2.0,2.0,
14,Abarrotes,000199369,CUADERNO LATINO RESORTE,45.0,0.0,0.0,0,
14,Abarrotes,000199370,JUGO NECTAR 200 ML,235.0,0.0,0.0,0,
14,Abarrotes,000199371,VALDES TAYAYO,280.0,2.0,2.0,2.0,
14,Abarrotes,000199372,CALCETINES COLVEN,38.0,0.0,0.0,0,
14,Abarrotes,000199373,PORRA DE ALUMINIO #26,220.0,0.0,0.0,0,
14,Abarrotes,000199374,CALDERO DE HIERRO,180.0,0.0,0.0,0,
14,Abarrotes,000199375,VALDE CON CHORRO,380.0,1.0,1.0,1.0,
14,Abarrotes,000199376,MASETERA MEDIANA VERDE,170.0,0.0,0.0,0,
14,Abarrotes,000199377,CALDERO DE HIERRO #8,520.0,0.0,0.0,0,
14,Abarrotes,000199378,CALDERO DE HIERRO #9,560.0,2.0,2.0,2.0,
14,Abarrotes,000199379,CALDEROS DE HIERRO #6.1/2,380.0,0.0,0.0,0,
14,Abarrotes,000199380,SILLA PLASTICA PEQUEÑA,190.0,0.0,0.0,0,
15,Abarrotes,000199381,ALMOHADA DE MARIPOSA,320.0,0.0,0.0,0,
15,Abarrotes,000199382,PASTA SHINOLA 30 GR,35.0,0.0,0.0,0,
15,Abarrotes,000199383,PASTA SHINOLA 60 ML,48.0,0.0,0.0,0,
15,Abarrotes,000199384,PAPEL HIGENICO CORRIENTE QUITAKAQUITA,18.0,0.0,0.0,0,
15,Abarrotes,000199385,MAZO DE METAL,140.0,0.0,0.0,0,
15,Abarrotes,000199386,REFRESCO YUPI,110.0,32.0,32.0,32.0,
15,Abarrotes,000199387,SAPO CROKX,170.0,0.0,0.0,0,
15,Abarrotes,000199388,ALMOHADA DE ESPONJA P/ BEBE,220.0,0.0,0.0,0,
15,Abarrotes,000199389,CALCETINES ZGOOD 12-24,35.0,0.0,0.0,0,
15,Abarrotes,000199390,PASTA DE LUSTRAR ALTENSE 48 ML,48.0,0.0,0.0,0,
15,Abarrotes,000199391,DEPORTIVO DAMA GRIS CON ROSADO,350.0,0.0,0.0,0,
15,Abarrotes,000199392,DEPORTIVO ROSADO CLARO,350.0,0.0,0.0,0,
15,Abarrotes,000199393,DEPORTIVO DAMA MULTI COLOR,400.0,0.0,0.0,0,
15,Abarrotes,000199394,ARROZ DOÑA MARTHA 96/4,14.9,0.0,0.0,0,
15,Abarrotes,000199395,VASOS POROPLAS FELIZ CUMPLEAÑOS,45.0,0.0,0.0,0,
15,Abarrotes,000199396,VALDES DE COLORES CON TAPA/MEDIANOS,120.0,0.0,0.0,0,
15,Abarrotes,000199397,POTES CONFITEROS,110.0,0.0,0.0,0,
15,Abarrotes,000199398,ARROZ DIAMANTE 96/4,22.7,475.5,475.5,475.5,
15,Abarrotes,000199399,SERVILLETA DE CUMPLEAÑOS (SIRENITA),50.0,1.0,1.0,1.0,
15,Abarrotes,000199400,GLOBOS DE NUMEROS,50.0,5.0,5.0,5.0,
15,Abarrotes,000199401,LETRERO FELIZ CUMPLEAÑOS,90.0,0.0,0.0,0,
15,Abarrotes,000199402,SET DE GLOBOS BALLOOW,140.0,0.0,0.0,0,
15,Abarrotes,000199403,ARROZ PAISANO 96/4,22.5,489.5,489.5,489.5,
15,Abarrotes,000199404,ARROZ PAISANO 60/40,18.3,1095.0,1088.0,1088.0,
16,Abarrotes,000199405,CAL MEDIANA,45.0,2.0,2.0,2.0,
16,Abarrotes,000199406,BALANZA DE COLGAR,1350.0,2.0,2.0,2.0,
16,Abarrotes,000199407,GUANTES PARA BEBE TEJIDOS,15.0,0.0,0.0,0,
16,Abarrotes,000199408,ARROZ CHELON 80/20,20.3,0.5,0.5,0.5,
16,Abarrotes,000199409,JUGO DE LATA KERNS 330 ML,16.67,699.0,699.0,699.0,
16,Abarrotes,000199410,CORN FLAKES GRAN DIA 580 GR,105.0,11.0,11.0,11.0,
16,Abarrotes,000199411,POMADA RAXFLAX,35.0,0.0,0.0,0,
16,Abarrotes,000199412,UÑAS POSTIZAS,15.0,0.0,0.0,0,
16,Abarrotes,000199413,BROCHAS PEQUEÑA DE MAQUILLAJE,12.0,1.0,1.0,1.0,
16,Abarrotes,000199414,GALONES 10 LTS,140.0,0.0,0.0,0,
16,Abarrotes,000199415,ARROZ 80/20 CAMPEON NACIONAL,15.6,0.0,0.0,0,
16,Abarrotes,000199416,CUCHARONES METALICOS GRANDE,250.0,0.0,0.0,0,
16,Abarrotes,000199417,COLITAS DE COLORES PAQUETE,35.0,0.0,0.0,0,
16,Abarrotes,000199418,JUGUETE AVION,350.0,1.0,1.0,1.0,
16,Abarrotes,000199419,ATOMIZADOR GRANDES,125.0,1.0,1.0,1.0,
16,Abarrotes,000199420,JABON CORONA 1080 GR,70.0,0.0,0.0,0,
16,Abarrotes,000199421,ARROZ DOÑITA,15.9,0.0,0.0,0,
16,Abarrotes,000199422,RAJAS DE JALAPEÑO 180 GR,32.0,0.0,0.0,0,
16,Abarrotes,000199423,FOCOS RAGELY RECARGABLE,65.0,0.0,0.0,0,
16,Abarrotes,000199424,ARBOL NAVIDEÑO PEQUEÑO,500.0,0.0,0.0,0,
16,Abarrotes,000199425,ARBOL NAVIDEÑO MEDIANO,650.0,0.0,0.0,0,
16,Abarrotes,000199426,BOLITA NAVIDEÑAS MEDIANAS,135.0,0.0,0.0,0,
16,Abarrotes,000199427,BOLITA NAVIDEÑAS GRANDES,195.0,0.0,0.0,0,
16,Abarrotes,000199428,CAFE GALLO,4.85,0.0,0.0,0,
17,Abarrotes,000199430,SERVILLETEROS,55.0,0.0,0.0,0,
17,Abarrotes,000199431,SALSA DE TOMATE KETCHUP REGIA 100 GR,11.67,0.0,0.0,0,
17,Abarrotes,000199432,MOSTAZA MCCORMICK 100 GR,0.0,0.0,0.0,0,
17,Abarrotes,000199433,VASOS CERVECEROS,85.0,2.0,2.0,2.0,
17,Abarrotes,000199434,CARTUCHERAS,45.0,0.0,0.0,0,
17,Abarrotes,000199435,ACONDICIONADOR DISNEY,145.0,0.0,0.0,0,
17,Abarrotes,000199436,PEGAMENTO BLANCO 60 GR,15.0,1.0,1.0,1.0,
17,Abarrotes,000199437,CREMA PERFECT BOGY 480 ML,120.0,0.0,0.0,0,
17,Abarrotes,000199438,AVENA QUAKER INTEGRAL 300GR,38.0,0.0,0.0,0,
17,Abarrotes,000199439,LECHE NIDO 1+ POTE 2800 GR,1060.0,0.0,0.0,0,
17,Abarrotes,000199440,PEGAMENTO BLANCO 100 GR,30.0,0.0,0.0,0,
17,Abarrotes,000199441,SILICON LIQUIDO 100ML,60.0,3.0,3.0,3.0,
17,Abarrotes,000199442,OLLA CON OREJA DE ALUMINIO Nº 28,550.0,0.0,0.0,0,
17,Abarrotes,000199443,OLLA CON OREJA DE ALUMINIO Nº 21,220.0,0.0,0.0,0,
17,Abarrotes,000199444,ARROZ PAISANO ARROBA 96/4,585.0,9.0,8.0,8.0,
17,Abarrotes,000199445,ARROZ PAISANO ARROBA 80/20,550.0,18.0,18.0,18.0,
17,Abarrotes,000199446,SET DE PINTURA DE UÑA,85.0,0.0,0.0,0,
17,Abarrotes,000199447,DELINEADOR PEQUEÑOS,20.0,2.0,2.0,2.0,
17,Abarrotes,000199448,LECHE INTERLAC OFERTA,75.0,91.0,88.0,88.0,
17,Abarrotes,000199449,SHAMPO PALMOLIVE 680 ML,220.0,0.0,0.0,0,
17,Abarrotes,000199450,PINOLILLO SASA 45 GR,70.0,4.5,4.5,4.5,
17,Abarrotes,000199451,CONTENEDOR PARA LECHE / WAKIDS,100.0,0.0,0.0,0,
17,Abarrotes,000199452,SERVILLETA ROSAL,20.0,5.0,5.0,5.0,
17,Abarrotes,000199453,CANDADO IMACASA GRANDE,230.0,0.0,0.0,0,
18,Abarrotes,000199454,CANDADO IMACASA MEDIANO,145.0,0.0,0.0,0,
18,Abarrotes,000199455,MASECA HARIMASA,19.5,3978.0,3916.0,3916.0,
18,Abarrotes,000199456,DESODORANTE REXONA CLINICAL DAMA 46 GRM,105.0,0.0,0.0,0,
18,Abarrotes,000199457,COLCHAS CRISTEL,140.0,0.0,0.0,0,
18,Abarrotes,000199458,ALMOHADA DE CORAZON ROJO,350.0,0.0,0.0,0,
18,Abarrotes,000199459,JUGO D FRUTTA 3 LT,50.0,0.0,0.0,0,
18,Abarrotes,000199460,CARAMELO MENTA VENUS,75.0,11.0,11.0,11.0,
18,Abarrotes,000199461,JALAPEÑOS MAX,200.0,77.0,73.0,73.0,
18,Abarrotes,000199462,ACONDICIONADOR SAVILE,160.0,1.0,1.0,1.0,
18,Abarrotes,000199463,BATERIA PANASONIC,43.33,4.0,4.0,4.0,
18,Abarrotes,000199464,BOXERS DE NIÑA,35.0,1.0,1.0,1.0,
18,Abarrotes,000199465,PAPELERA STAMPO,100.0,0.0,0.0,0,
18,Abarrotes,000199466,MINI GAVETERO MULTICOLOR,280.0,0.0,0.0,0,
18,Abarrotes,000199467,CALDERO CON TAPA #1,400.0,0.0,0.0,0,
18,Abarrotes,000199468,SET DE PASTA Y CEPILLO NEVADA KIDS,110.0,0.0,0.0,0,
18,Abarrotes,000199469,ISOPO PARA INODORO,110.0,9.0,9.0,9.0,
18,Abarrotes,000199470,CEPILLO PARA INODORO CON RECIPIENTE,110.0,0.0,0.0,0,
18,Abarrotes,000199471,MADEJAS YOMAYO,28.0,1.0,1.0,1.0,
18,Abarrotes,000199472,COCINA DE GAS MILENIUM 2 QUEMADORES,700.0,0.0,0.0,0,
18,Abarrotes,000199473,FLORERO PLASTICO,60.0,0.0,0.0,0,
18,Abarrotes,000199474,TERMO DE AGUA SUNNY,230.0,0.0,0.0,0,
18,Abarrotes,000199475,BALBULA PARA COCINA,280.0,0.0,0.0,0,
18,Abarrotes,000199476,PELOTA DE BEISBOL,270.0,0.0,0.0,0,
18,Abarrotes,000199477,PAILA ALUMINIO #18,135.0,0.0,0.0,0,
19,Abarrotes,000199478,PERCHERO LOTUS,125.0,0.0,0.0,0,
19,Abarrotes,000199479,BURRITOS PARA NIÑO,320.0,0.0,0.0,0,
19,Abarrotes,000199480,JABON REYNA 1X24,25.0,0.0,0.0,0,
19,Abarrotes,000199481,BIBERON,30.0,0.0,0.0,0,
19,Abarrotes,000199482,PEINE AIMEISI,35.0,1.0,1.0,1.0,
19,Abarrotes,000199483,MARBELLINA YH COSMETICS,80.0,0.0,0.0,0,
19,Abarrotes,000199484,ALCANCIAS PLASTICAS JUMBO,145.0,2.0,2.0,2.0,
19,Abarrotes,000199485,TINA PEQUEÑA STAMPO,150.0,1.0,1.0,1.0,
19,Abarrotes,000199486,TERMOS DE AGUA PEQUEÑOS,90.0,0.0,0.0,0,
19,Abarrotes,000199487,ESPEJOS MEDIANOS,12.0,27.0,27.0,27.0,
19,Abarrotes,000199488,JABON TORO BANDEJA,170.0,30.0,30.0,30.0,
19,Abarrotes,000199489,CENTAVITO MAX,200.0,8.0,8.0,8.0,
19,Abarrotes,000199490,COLITAS ECONOMICAS (PAQUETE DE 6UND),10.0,0.0,0.0,0,
19,Abarrotes,000199491,CHOCOLATE BON O BON (VASO),5.5,0.0,0.0,0,
19,Abarrotes,000199492,PALITA PARA PIES MEDIANA,85.0,0.0,0.0,0,
19,Abarrotes,000199493,ESPONJA DE MAQUILLAJE BEAUTY,45.0,0.0,0.0,0,
19,Abarrotes,000199494,PELA PAPAS,25.0,1.0,1.0,1.0,
19,Abarrotes,000199495,LLAVEROS LED LIGTH,40.0,0.0,0.0,0,
19,Abarrotes,000199496,DETERGENTE XEDEX 4.50,350.0,0.0,0.0,0,
19,Abarrotes,000199497,COCINA DE GAS MILENIUM 3 QUEMADORES,1000.0,0.0,0.0,0,
19,Abarrotes,000199498,COCINA DE GAS MILENIUM 4 QUEMADORES,1250.0,0.0,0.0,0,
19,Abarrotes,000199499,NACHOS MAX,200.0,18.0,18.0,18.0,
19,Abarrotes,000199500,BUJIA MINI FAN BLADE,140.0,0.0,0.0,0,
19,Abarrotes,000199501,VINAGRE EL BANQUETE,20.0,0.0,0.0,0,
20,Abarrotes,000199502,GUSTITO MEGA,200.0,35.0,34.0,34.0,
20,Abarrotes,000199503,SET DE PIRAÑITAS Y COLITA,80.0,0.0,0.0,0,
20,Abarrotes,000199504,ESPEJITO PARA NIÑA,50.0,0.0,0.0,0,
20,Abarrotes,000199505,GALLETA CHOCOWOW,8.0,9.0,9.0,9.0,
20,Abarrotes,000199506,ARROZ TORITO 80/20,20.0,227.0,227.0,227.0,
20,Abarrotes,000199507,ARROZ CATALINA 80/20,17.3,0.0,0.0,0,
20,Abarrotes,000199508,ARROZ ESPIGA DE ORO 80/20,17.8,0.0,0.0,0,
20,Abarrotes,000199509,ARROZ SALVADOREÑO 80/20,18.3,0.0,0.0,0,
20,Abarrotes,000199510,TOZTECAS MAX,200.0,38.0,38.0,38.0,
20,Abarrotes,000199511,TARJADOR TUCAN,18.0,0.0,0.0,0,
20,Abarrotes,000199512,MICROONDAS PREMIER,3600.0,0.0,0.0,0,
20,Abarrotes,000199513,SALSEROS SET DE 2 UND,60.0,0.0,0.0,0,
20,Abarrotes,000199514,SALSEROS /INDIVIDUAL,50.0,0.0,0.0,0,
20,Abarrotes,000199515,PIRAÑA PLASTICAS MINI,35.0,0.0,0.0,0,
20,Abarrotes,000199516,VINAGRE RICO BLANCO 12 ONZ,15.0,0.0,0.0,0,
20,Abarrotes,000199517,CONTENEDOR PLASTICO PEQUEÑO,110.0,0.0,0.0,0,
20,Abarrotes,000199518,ARROZ PAISANO 70/30,18.0,0.0,0.0,0,
20,Abarrotes,000199519,chinelas sky bang,150.0,0.0,0.0,0,
20,Abarrotes,000199520,SAL SOL,22.0,32.0,32.0,32.0,
20,Abarrotes,000199521,BIBERON MEDIANO,40.0,0.0,0.0,0,
20,Abarrotes,000199522,ARROZ CHELON 96/4,22.8,8.0,8.0,8.0,
20,Abarrotes,000199523,COMPONEDORES SMARTY,150.0,7.0,7.0,7.0,
20,Abarrotes,000199524,GABACHA PEQUEÑA BOLPI,35.0,0.0,0.0,0,
20,Abarrotes,000199525,ARROZ SAMARITANO 90/10,18.6,0.0,0.0,0,
21,Abarrotes,000199526,COMPONEDORES EL GUEGUENSE,170.0,0.0,0.0,0,
21,Abarrotes,000199527,ACHIOTE BRIOMOL 90 GR,40.0,1.0,1.0,1.0,
21,Abarrotes,000199528,HULES FASHION JEWELRY 500 PCZ,60.0,0.0,0.0,0,
21,Abarrotes,000199529,DELINEADOR PEQUEÑOS YH COSMETICS,70.0,0.0,0.0,0,
21,Abarrotes,000199530,LAPIZ DE CEJAS WATERPROOF,110.0,0.0,0.0,0,
21,Abarrotes,000199531,BLUMER LOVABLE,65.0,0.0,0.0,0,
21,Abarrotes,000199532,BLUMER LOVABLE,70.0,0.0,0.0,0,
21,Abarrotes,000199910,Cuchillas p/ licuadoras,0.0,0.0,0.0,0,
21,Abarrotes,000199911,MARBELLINA KARITE 14 ML,50.0,0.0,0.0,0,
21,Abarrotes,000199912,CANDADO CASTOR PEQUEÑO,35.0,2.0,2.0,2.0,
21,Abarrotes,000199913,CANDADO CASTOR MEDIANO,45.0,1.0,1.0,1.0,
21,Abarrotes,000199914,CANDADO CASTOR GRANDE,60.0,1.0,1.0,1.0,
21,Abarrotes,000199915,PEPSI 2 lt retornable sabor,355.0,2.0,2.0,2.0,
21,Abarrotes,000199916,Gaseosa pepsi 3 lt sabor,407.0,9.0,9.0,9.0,
21,Abarrotes,000199917,Cappy ( 1x48),200.0,2.0,1.0,1.0,
21,Abarrotes,000199918,Colitas de colores (tarrito),70.0,0.0,0.0,0,
21,Abarrotes,000199919,ligas de colores,2.0,0.0,0.0,0,
21,Abarrotes,000199920,Candado sav Grande,60.0,0.0,0.0,0,
21,Abarrotes,000199921,Candado SAV mediano,55.0,1.0,1.0,1.0,
21,Abarrotes,000199922,Candado SAV pequeño,35.0,1.0,1.0,1.0,
21,Abarrotes,000199923,Bolsa basura Buffalo 23x32,150.0,6.0,6.0,6.0,
21,Abarrotes,000199924,Carteras Perlas de niña,200.0,0.0,0.0,0,
21,Abarrotes,000199925,Alcancia Capy Bara mini,45.0,0.0,0.0,0,
21,Abarrotes,000199926,Alcancia osito,60.0,0.0,0.0,0,
22,Abarrotes,000199927,Alcancia chavito,90.0,0.0,0.0,0,
22,Abarrotes,000199928,Valde proplas,120.0,2.0,2.0,2.0,
22,Abarrotes,000199929,Alcancia paw patrol,55.0,0.0,0.0,0,
22,Abarrotes,000199930,Envase p/salsa SALSERO,35.0,0.0,0.0,0,
22,Abarrotes,000199931,Saleritos,30.0,0.0,0.0,0,
22,Abarrotes,000199932,Platos verdes,33.0,0.0,0.0,0,
22,Abarrotes,000199933,Vasos teteritos,40.0,0.0,0.0,0,
22,Abarrotes,000199934,Panas soperas ondas bordeadas,50.0,3.0,3.0,3.0,
22,Abarrotes,000199935,Panas soperas,55.0,0.0,0.0,0,
22,Abarrotes,000199936,Tazas Feliz día Mamá,65.0,0.0,0.0,0,
22,Abarrotes,000199937,Yummi pops,240.0,3.0,3.0,3.0,
22,Abarrotes,000199938,Yummi mix,260.0,15.0,15.0,15.0,
22,Abarrotes,000199939,Vaso peq de colores,16.0,0.0,0.0,0,
22,Abarrotes,000199940,Plato vidrio estilo flor,35.0,2.0,2.0,2.0,
22,Abarrotes,000199941,Plato de vidrio indonesia,27.0,0.0,0.0,0,
22,Abarrotes,000199942,Sarten n° 26,400.0,0.0,0.0,0,
22,Abarrotes,000199943,Piraña tigreada,40.0,0.0,0.0,0,
22,Abarrotes,000199944,Piraña 2m,38.0,0.0,0.0,0,
22,Abarrotes,000199945,Colas Yuanjiao Jewelry,35.0,4.0,4.0,4.0,
22,Abarrotes,000199946,Dinosaur transport car,0.0,0.0,0.0,0,
22,Abarrotes,000199947,Set de carros constructor,135.0,0.0,0.0,0,
22,Abarrotes,000199948,Chinela SUMMER,170.0,0.0,0.0,0,
22,Abarrotes,000199949,Vinagre de frutas 365 ml,20.0,5.0,5.0,5.0,
22,Abarrotes,000199950,Cucharones PEQUEÑO METALICOS,180.0,1.0,1.0,1.0,
23,Abarrotes,000199951,Lazos brillantes,45.0,0.0,0.0,0,
23,Abarrotes,000199952,CINTILLO NIÑA,50.0,2.0,2.0,2.0,
23,Abarrotes,000199953,Arroz diamante 70/30,18.9,0.0,0.0,0,
23,Abarrotes,000199954,Torti chips,200.0,6.0,6.0,6.0,
23,Abarrotes,000199955,Jugo del Valle 3 lts,46.17,0.0,0.0,0,
23,Abarrotes,000199956,Teype transparente pequeño,8.0,11.0,11.0,11.0,
23,Abarrotes,000199957,Galleta pic nic 20 g,55.0,49.0,49.0,49.0,
23,Abarrotes,000199959,Mini canasta para ropa,160.0,0.0,0.0,0,
23,Abarrotes,000199960,Pichel de colores con vaso,140.0,1.0,1.0,1.0,
23,Abarrotes,000199961,Panitas pequeñas floreadas,40.0,1.0,1.0,1.0,
23,Abarrotes,000199962,Pichel / vasos,110.0,0.0,0.0,0,
23,Abarrotes,000199963,Set pana 5 piezas,120.0,0.0,0.0,0,
23,Abarrotes,000199964,Set pana redonda 4 und,95.0,0.0,0.0,0,
23,Abarrotes,000199965,Set pana rectangular 1x4,100.0,0.0,0.0,0,
23,Abarrotes,000199966,Set pana cuadrada 4x1,100.0,0.0,0.0,0,
23,Abarrotes,000199967,Nachos cinema,300.0,2.0,2.0,2.0,
23,Abarrotes,000199968,Cepillo más peine,130.0,0.0,0.0,0,
23,Abarrotes,000199969,Peine hor,20.0,0.0,0.0,0,
23,Abarrotes,000199970,Peine colilla,10.0,15.0,15.0,15.0,
23,Abarrotes,000199972,Tazas de vidrio transparente,32.0,0.0,0.0,0,
23,Abarrotes,000199973,Cepillo + espejo,85.0,0.0,0.0,0,
23,Abarrotes,000199974,Candado fortis,40.0,0.0,0.0,0,
23,Abarrotes,000199975,Tazas blancas floreadas,48.0,3.0,3.0,3.0,
23,Abarrotes,000199976,Lazos coquette,60.0,0.0,0.0,0,
24,Abarrotes,000199977,Colas algodón,15.0,11.0,11.0,11.0,
24,Abarrotes,000199978,Lazos con guindaje,45.0,0.0,0.0,0,
24,Abarrotes,000199979,Lazos de colores,60.0,2.0,2.0,2.0,
24,Abarrotes,000199980,Hules osito vaso,45.0,3.0,3.0,3.0,
24,Abarrotes,000199981,Diademas barbie,60.0,0.0,0.0,0,
24,Abarrotes,000199982,colas hule espiral,12.0,0.0,0.0,0,
24,Abarrotes,000199983,Lazo cinta estampado,45.0,0.0,0.0,0,
24,Abarrotes,000199984,Sombrilla Metropolitan,210.0,0.0,0.0,0,
24,Abarrotes,000199985,Diadema de perlas,70.0,0.0,0.0,0,
24,Abarrotes,000199986,Diadema plastica,70.0,0.0,0.0,0,
24,Abarrotes,000199987,Boxer triyons,35.0,0.0,0.0,0,
24,Abarrotes,000199988,Boxer patriot adulto,70.0,0.0,0.0,0,
24,Abarrotes,000199989,Tobillera flores org,25.0,1.0,1.0,1.0,
24,Abarrotes,000199990,PIESITO BIANKA,20.0,0.0,0.0,0,
24,Abarrotes,000199991,Calcetines Polo,50.0,6.0,6.0,6.0,
24,Abarrotes,000199992,Calsetin niña Bantex,30.0,0.0,0.0,0,
24,Abarrotes,000199993,Calcetines home socs,25.0,0.0,0.0,0,
24,Abarrotes,000199994,Piraña perla,70.0,2.0,2.0,2.0,
24,Abarrotes,000199995,Copas prince transparente,30.0,0.0,0.0,0,
24,Abarrotes,000199996,sellador pequeño,45.0,5.0,5.0,5.0,
24,Abarrotes,000199997,CEPILLO PARA CABELLO FROZEN,85.0,0.0,0.0,0,
24,Abarrotes,000199998,CINTA ADHESIVA COLORES,12.0,0.0,0.0,0,
24,Abarrotes,000199999,Termo tabcin,80.0,0.0,0.0,0,
24,Abarrotes,000392786,VELADORA BARRILITO,30.0,0.0,0.0,0,
25,Abarrotes,00224,Pachas Honey Baby peq,80.0,0.0,0.0,0,
25,Abarrotes,009550050206,Mayonesa Gourmet 190 gr,45.0,0.0,0.0,0,
25,Abarrotes,009550110214,Salsa de tomate gourmet 200 g,35.0,0.0,0.0,0,
25,Abarrotes,009550110405,Salsa de tomate gourmet 400 g,60.0,0.0,0.0,0,
25,Abarrotes,01100097,Crema Butter 532 ml,0.0,2.0,2.0,2.0,
25,Abarrotes,01100275,Paleta de figuras,6.0,174.0,174.0,174.0,
25,Abarrotes,01100472,Jugo Maravilla Lata,390.0,0.0,0.0,0,
25,Abarrotes,01100720,Cocina SAV 2 quemadores,650.0,1.0,1.0,1.0,
25,Abarrotes,01100802,Panita poroplast #8,50.0,0.0,0.0,0,
25,Abarrotes,01100848,Cafe 1820 cj mini,145.0,0.0,0.0,0,
25,Abarrotes,01100860,Zuko 13 g Cebada,8.75,4.0,4.0,4.0,
25,Abarrotes,01100953,Papel higienico PREMIER 6 rollos,0.0,0.0,0.0,0,
25,Abarrotes,01107015,Body Victoria´s Secret 250 ml,150.0,0.0,0.0,0,
25,Abarrotes,012005107011,JABON ROSA VENUS 100 ML,15.0,0.0,0.0,0,
25,Abarrotes,016000207660,SUPER MOIST 375 gr,125.0,0.0,0.0,0,
25,Abarrotes,016000207691,Super moist 375 g,120.0,0.0,0.0,0,
25,Abarrotes,018595012063,SALCEROS PLASTICO,35.0,0.0,0.0,0,
25,Abarrotes,020714450625,Polvo Clinique 30 g,120.0,1.0,1.0,1.0,
25,Abarrotes,02202001,SET DE LAZO Y CINTILLO PARA NIÑA,60.0,0.0,0.0,0,
25,Abarrotes,02202130,HULES PONYT AIL HOLDERS 1000 PCZ,50.0,0.0,0.0,0,
25,Abarrotes,02202419,Diadema HBM-10042GS,80.0,0.0,0.0,0,
25,Abarrotes,02202547,Colas Fashion Jewerly,25.0,0.0,0.0,0,
25,Abarrotes,024000163190,PITIPUAS MIXTO DEL MONTE 411 GR,48.0,0.0,0.0,0,
25,Abarrotes,024000323013,Jugo del monte 200 ml,13.75,0.0,0.0,0,
26,Abarrotes,024000500384,SARDINA DEL MONTE 425 GR,80.0,0.0,0.0,0,
26,Abarrotes,024000500391,SARDINA DEL MONTE 155 GR,30.0,0.0,0.0,0,
26,Abarrotes,024000501190,JUGO DEL MONTE 330 ML,16.25,405.0,405.0,405.0,
26,Abarrotes,026964080018,Alcohol Clinico 1000ml,115.0,6.0,6.0,6.0,
26,Abarrotes,026964080025,Alcohol Clínico 70% 1750 ml,225.0,2.0,5.0,5.0,
26,Abarrotes,028571000274,SARDINA BAHIA 260G,71.0,0.0,0.0,0,
26,Abarrotes,028571000502,SARDINA LA SIRENA 425 GR,110.0,0.0,0.0,0,
26,Abarrotes,028571000601,SARDINA LA SIRENA 425 GR OVALADA,100.0,53.0,53.0,53.0,
26,Abarrotes,028571012147,ATUN BAHIA 142 GR,45.0,0.0,0.0,0,
26,Abarrotes,030000653906,Mezcla para pancakes ( original ) 454grm,110.0,4.0,4.0,4.0,
26,Abarrotes,0311703281,PAMPER JUEGUITOS DE 3 UND,20.0,0.0,0.0,0,
26,Abarrotes,033844004149,MOJO 295.74 ML,135.0,1.0,1.0,1.0,
26,Abarrotes,033844007089,NARANJA AGRIA 591.4 ML,200.0,3.0,3.0,3.0,
26,Abarrotes,033844007096,NARANJA AGRIA 295.74 ML,120.0,10.0,10.0,10.0,
26,Abarrotes,034264042421,LICUADORA OSTER,2100.0,2.0,2.0,2.0,
26,Abarrotes,034264487949,Repuesto licuadora OSTER,280.0,4.0,4.0,4.0,
26,Abarrotes,037836093159,Crema Corporal Maja España 400 ml,180.0,1.0,1.0,1.0,
26,Abarrotes,038527014330,MIEL PARA PANCAKES ORIGINAL,110.0,1.0,1.0,1.0,
26,Abarrotes,0397580201355,LAPIZ DE CEJA PEQ RAQUEL,12.0,0.0,0.0,0,
26,Abarrotes,039758021227,POLVO COMPACTO FACIAL RAQUEL,90.0,0.0,0.0,0,
26,Abarrotes,040094375424,ARROCERA HAMILTON BEACH,2250.0,0.0,0.0,0,
26,Abarrotes,041331011037,Aceite de Oliva Virgen Extra 89 ml,165.0,10.0,10.0,10.0,
26,Abarrotes,041331011051,Aceite de oliva Virgen Extra 250 ml,320.0,2.0,2.0,2.0,
26,Abarrotes,041331037891,VINO LA VIÑA 700 ML,190.0,0.0,0.0,0,
27,Abarrotes,041348001205,SHAMPO BABY DAYS 445 ML,110.0,0.0,0.0,0,
27,Abarrotes,041407676016,DESODORANTE SPRAY HOMBRE,190.0,0.0,0.0,0,
27,Abarrotes,0471,Pachas NUBY,0.0,0.0,0.0,0,
27,Abarrotes,047400241459,ESPUMA PARA AFEITAR GILLETTE 311 GR,170.0,0.0,0.0,0,
27,Abarrotes,047400664685,DESODORANTE GILLETTE 107 G,220.0,0.0,0.0,0,
27,Abarrotes,048155921528,CREMA PERSONAL CARE 532 ML,130.0,0.0,0.0,0,
27,Abarrotes,051009009341,ESPUMA PARA AFEITAR BARBA SOL 283 GR,130.0,0.0,0.0,0,
27,Abarrotes,051009009600,ESPUMA BARBASOL CABALLERO 283 GR,200.0,0.0,0.0,0,
27,Abarrotes,053891153928,Plancha OSTER de vapor 1200 wts,750.0,0.0,0.0,0,
27,Abarrotes,053891169783,Licuadora OSTER 800 W,1750.0,0.0,0.0,0,
27,Abarrotes,054219311396,BOLSAS DE HULE FR,10.0,0.0,0.0,0,
27,Abarrotes,0646,COSMETIQUERA PLASTICA,160.0,0.0,0.0,0,
27,Abarrotes,07,Camioneta super,180.0,1.0,1.0,1.0,
27,Abarrotes,070330201194,LAPICERO BIC ROUND,3.75,0.0,0.0,0,
27,Abarrotes,070330617278,ENCENDEDORES BIG GRANDE,40.0,247.0,246.0,246.0,
27,Abarrotes,070530014815,Prisma Color JUNIOR,125.0,0.0,0.0,0,
27,Abarrotes,0709631441403,CANDADO BOXER TOOL,200.0,0.0,0.0,0,
27,Abarrotes,073297751054,PANITA BONITA HOME,40.0,0.0,0.0,0,
27,Abarrotes,0753081002004,ESPAGUETIS INA 200 GR,16.0,0.0,0.0,0,
27,Abarrotes,07703005,CUADERNO CAVALIER,60.0,0.0,0.0,0,
27,Abarrotes,07705124,CORTINA CUMPLEAÑOS KIMI,130.0,0.0,0.0,0,
27,Abarrotes,07705175,CORTINAS FOIL FRINGE,105.0,3.0,3.0,3.0,
27,Abarrotes,079664933155,GELATINA PARA CABELLO KING 944 ML,85.0,0.0,0.0,0,
27,Abarrotes,081537200248,JUGO MARAVILLA 200 ML,225.0,0.0,0.0,0,
28,Abarrotes,0818800638381,CEPILLO PARA CABELLO,120.0,0.0,0.0,0,
28,Abarrotes,085567202487,Paste de cocina duramax multi uso (económico),10.0,0.0,0.0,0,
28,Abarrotes,086581001070,GALLETA SODA BOLSA,55.0,4.0,4.0,4.0,
28,Abarrotes,086581001124,GALLETA SODA SIMPLE,85.0,0.0,0.0,0,
28,Abarrotes,086581007829,GALLETA CANASTA,80.0,0.0,0.0,0,
28,Abarrotes,086600008271,ATUN BUMBLE BEE C/VEGETALES 142 GR,43.0,0.0,0.0,0,
28,Abarrotes,086600751818,SARDINA BUMBLE BEE 425 GR/255 G,79.0,0.0,0.0,0,
28,Abarrotes,088169008433,CONSOME DE POLLO MAGUI 850 GR,155.0,0.0,0.0,0,
28,Abarrotes,088169017084,SABOR Y COLOR 225 GR,85.0,10.0,10.0,10.0,
28,Abarrotes,088169429900,CREMA MARISCOS 80 GR,20.0,0.0,0.0,0,
28,Abarrotes,088169430982,CREMA DE HONGO,20.0,55.0,55.0,55.0,
28,Abarrotes,088169431101,Crema de tomate 76 G,20.0,5.0,5.0,5.0,
28,Abarrotes,088313006223,SALSA TOMATE KERNS 776 GR,100.0,5.0,5.0,5.0,
28,Abarrotes,088313010190,Salsa de Tomate Kerns ketchup 385 g,55.0,10.0,4.0,4.0,
28,Abarrotes,088313318630,JUGOS KERNS 200 ML,280.0,0.5,0.5,0.5,
28,Abarrotes,088313330243,SALSA KETCHUP 400 GM,35.0,0.0,0.0,0,
28,Abarrotes,088629431092,VASO GRANDES DE VIDRIO CON TAPA,250.0,0.0,0.0,0,
28,Abarrotes,090388122289,SARDINA REAL 155 GR,25.0,0.0,0.0,0,
28,Abarrotes,097294000830,MASECA DEL COMAL 820 GR,52.0,0.0,0.0,0,
28,Abarrotes,09917132646,FABULOSO 900 ML,70.0,0.0,0.0,0,
28,Abarrotes,099176131601,Fabuloso galón,225.0,2.0,2.0,2.0,
28,Abarrotes,09917613286,FABULOSO 2 LTS,135.0,0.0,0.0,0,
28,Abarrotes,099176230519,Suavitel 1.9 ltr,175.0,1.0,1.0,1.0,
28,Abarrotes,099176232223,Suavitel cuidado superior 850 Ml,95.0,19.0,19.0,19.0,
29,Abarrotes,099176232643,SUAVITEL COMPLETE 720 ML,70.0,0.0,0.0,0,
29,Abarrotes,099176300397,PASTA DOBLE FRESCURA 75 ML,40.0,14.0,14.0,14.0,
29,Abarrotes,099176510345,CEPILLO COLGATE 3 PACK,115.0,3.0,3.0,3.0,
29,Abarrotes,099176922766,CASITA DE BEBE MENEN,260.0,4.0,4.0,4.0,
29,Abarrotes,099176929215,SHAMPO PALMOLIVE 400 ML (COMBO),240.0,2.0,2.0,2.0,
29,Abarrotes,10000075044470,JUGOS JUMEX 200 ML,260.0,0.0,0.0,0,
29,Abarrotes,100472,Saboy color vaso MADONA,0.0,2.0,2.0,2.0,
29,Abarrotes,100704,JELLYTOS,4.0,135.0,135.0,135.0,
29,Abarrotes,100795,Aceite oliva MAZOLA Doypac,100.0,3.0,3.0,3.0,
29,Abarrotes,101,Canela Pequeña,4.58,14.0,14.0,14.0,
29,Abarrotes,102,Canela Mediana,4.58,0.0,0.0,0,
29,Abarrotes,103,Canela Grande,11.0,295.0,295.0,295.0,
29,Abarrotes,104,Comino,2.0,2.0,2.0,2.0,
29,Abarrotes,105,Clavo de olor,12.0,22.0,22.0,22.0,
29,Abarrotes,106,Rodamina,1.0,0.0,0.0,0,
29,Abarrotes,107,Anelina,2.0,0.0,0.0,0,
29,Abarrotes,10750894680686,MARUCHAN ISSIMA,275.0,5.0,5.0,5.0,
29,Abarrotes,108,Pimienta de olor,12.0,12.0,12.0,12.0,
29,Abarrotes,109,Achiote Pequeño,1.83,0.0,0.0,0,
29,Abarrotes,110,Ajo,6.43,258.0,258.0,258.0,
29,Abarrotes,1100491,Levadura Mauripan,8.0,503.0,503.0,503.0,
29,Abarrotes,1100492,Pachas Honey baby grande,0.0,3.0,3.0,3.0,
29,Abarrotes,1100549,Shampoo tinte sobre 30 ml,45.0,6.0,6.0,6.0,
29,Abarrotes,1100600,Pintura Uña Katy,25.0,10.0,10.0,10.0,
30,Abarrotes,111,Bolsas quintaleras,10.0,338.0,338.0,338.0,
30,Abarrotes,112,Bolsas de macen,10.0,142.0,142.0,142.0,
30,Abarrotes,1124,PACHA INFANTEC GRANDE,120.0,0.0,0.0,0,
30,Abarrotes,113,Forros de Hamaca,52.0,18.0,17.0,17.0,
30,Abarrotes,114,Forros de Tijera,58.0,0.0,0.0,0,
30,Abarrotes,115,Sacos quintaleros,12.0,174.0,171.0,171.0,
30,Abarrotes,137,Maiz Quintal,9.0,0.0,0.0,0,
30,Abarrotes,138,Frijoles Quintal,32.0,130.5,130.5,130.5,
30,Abarrotes,140,Arroz Doña Maria 80/20 100 Libras,20.0,56.5,56.5,56.5,
30,Abarrotes,141,Arroz Doña Maria 60/40 100 Libras,14.0,0.0,0.0,0,
30,Abarrotes,142,Arroz Faisan 96%,22.9,1693.5,1958.5,1958.5,
30,Abarrotes,1557483000007,TRAILBLAZER,350.0,0.0,0.0,0,
30,Abarrotes,1576530000005,MUÑECAS ANNA BELLA,50.0,0.0,0.0,0,
30,Abarrotes,1601902481714,Cuaderno pequeño ALFA,25.0,0.0,0.0,0,
30,Abarrotes,1698588037021,Bolsas de regalos 370B-2,45.0,1.0,1.0,1.0,
30,Abarrotes,17401001679330,JABON RINSO 250 GR,15.0,4.0,4.0,4.0,
30,Abarrotes,17411000127446,DETERGENTE XEDEX 2.3 KG,190.0,0.0,0.0,0,
30,Abarrotes,17893630210068,LECHE ESKIMO 200 ML,440.0,2.0,2.0,2.0,
30,Abarrotes,17929152017,Levadura Instantanea Nevada 450 g,6.88,3.4,163.4,163.4,
30,Abarrotes,18595023403,PANITA GUATEPLAST,110.0,1.0,1.0,1.0,
30,Abarrotes,187649000018,Talco Baby POWDER 624 g,125.0,0.0,0.0,0,
30,Abarrotes,190430013463,SHAMPO P/NIÑO BLUEBERRY SCENTED 400 ML,120.0,0.0,0.0,0,
30,Abarrotes,199319960027,Dulces bastones navideños,4.8,0.0,0.0,0,
30,Abarrotes,2001902481612,CUADERNO COCIDO ALFA,45.0,0.0,0.0,0,
31,Abarrotes,2008013691510,Juego de pulsera,90.0,0.0,0.0,0,
31,Abarrotes,2014183088104,VOLQUETE TRUCK POWERFUL,220.0,0.0,0.0,0,
31,Abarrotes,2014191842507,Dessert shop,350.0,0.0,0.0,0,
31,Abarrotes,2014203707008,Set Kitchen,200.0,0.0,0.0,0,
31,Abarrotes,2014203707107,Juego trastes,0.0,2.0,2.0,2.0,
31,Abarrotes,2014210059404,Jewerly Design,195.0,0.0,0.0,0,
31,Abarrotes,2014238920403,Little Chef,230.0,0.0,0.0,0,
31,Abarrotes,2018020447499,CEPILLO PARA LAVAR ROPA ATE,30.0,0.0,0.0,0,
31,Abarrotes,2019830163128,INSTRUMENTO MUSICALES KIDS,250.0,0.0,0.0,0,
31,Abarrotes,2021060633463,RELOJ DE PARED PEQUEÑOS,150.0,0.0,0.0,0,
31,Abarrotes,2022032302325,PISTOLA DE AGUA SHOOT HOME,350.0,0.0,0.0,0,
31,Abarrotes,2022081720484,colores sav,50.0,0.0,0.0,0,
31,Abarrotes,2024101538345,Pirañas mariposa,45.0,0.0,0.0,0,
31,Abarrotes,2024567890124,TOBILLERA SPORT CABALLERO,25.0,0.0,0.0,0,
31,Abarrotes,22023965,SET DE TELEFONO MAS RELOJ ( NIÑA ),220.0,0.0,0.0,0,
31,Abarrotes,22028002,Corta uña ZINGER,50.0,1.0,1.0,1.0,
31,Abarrotes,22029602,PIRAÑA PLASTICA PEQUEÑA,15.0,0.0,0.0,0,
31,Abarrotes,2500000190339,Isopo pequeño 100 PCS,20.0,0.0,0.0,0,
31,Abarrotes,2500000211522,alfileres ( cabeza),15.0,7.0,7.0,7.0,
31,Abarrotes,2500000213762,VASOS TRANSPARENTE,30.0,0.0,0.0,0,
31,Abarrotes,293459034249,gorro para cocinar,25.0,2.0,2.0,2.0,
31,Abarrotes,3004005085700,CHINELA TOWER,125.0,0.0,0.0,0,
31,Abarrotes,3154148454694,Colores alcohol 10 und,70.0,0.0,0.0,0,
31,Abarrotes,3154149817276,Set de tijeras 3und,110.0,1.0,1.0,1.0,
32,Abarrotes,32,Aceite Marisol 10 Lts,680.0,9.0,8.0,8.0,
32,Abarrotes,33,Sazonador Res concentrado Maggi 10 g,4.33,3.0,147.0,147.0,
32,Abarrotes,34,Sabor y color Gallinita Maggi 10 g,2.92,0.0,0.0,0,
32,Abarrotes,3506953376225,ENCENDEDOR DE COCINA FLOPPY,115.0,0.0,0.0,0,
32,Abarrotes,3562187522159,CARRO TRUCK ENGINEER,600.0,1.0,1.0,1.0,
32,Abarrotes,394,Sal BEXII,3.2,0.0,0.0,0,
32,Abarrotes,395,Cal,1.0,8587.0,8497.0,8497.0,
32,Abarrotes,396,Aceite de Vidon,58.33,508.75,388.75,388.75,
32,Abarrotes,3975800061070,SHAMPOO SOFIA 500ML,240.0,0.0,0.0,0,
32,Abarrotes,3975800061087,ACONDICIONADOR SOFIA 500ML,240.0,0.0,0.0,0,
32,Abarrotes,3975800197557,BASE LIQUIDA RAQUEL 35 ML,140.0,0.0,0.0,0,
32,Abarrotes,4005808293551,DESODORANTE NIVEA SPRAY MEN 150 ML,145.0,0.0,0.0,0,
32,Abarrotes,4005808305766,DESODORANTE NIVEA SILVER PROTECT,170.0,0.0,0.0,0,
32,Abarrotes,4005808630660,DESODORANTE NIVEA Tono natural 48 h,170.0,0.0,0.0,0,
32,Abarrotes,4005808829675,DESODORANTE NIVEA SPRAY DAMA 150 ML,160.0,1.0,1.0,1.0,
32,Abarrotes,4005900036605,DESODORANTE NIVEA BLACK & WHITE (pure) 72 h,170.0,0.0,0.0,0,
32,Abarrotes,4005900618979,DESODORANTE NIVEA BLACK & WHITE (efecto satín) 5 EN 1,170.0,0.0,0.0,0,
32,Abarrotes,41143020159,Pasas 42.5 g,22.0,41.0,41.0,41.0,
32,Abarrotes,4197453082734326Adax,Chinela,145.0,0.0,0.0,0,
32,Abarrotes,420,Leche La Lechera 350 g,115.0,0.0,0.0,0,
32,Abarrotes,422,APERTURA DE SALDOS DE CARTERA,0.0,198.0,198.0,198.0,
32,Abarrotes,429,PASCONES #18,55.0,0.0,0.0,0,
32,Abarrotes,432002303200,CAFE MI CAFE,6.38,920.0,920.0,920.0,
32,Abarrotes,435,ARROZ DIAMANTE BUFALO 80/20,1015.0,12.5,12.5,12.5,
33,Abarrotes,436,ARROZ EL BUEN SAMARITANO 80/20,19.2,2854.5,2233.5,2233.5,
33,Abarrotes,437,ARROZ DOÑA MARIA 80% MEDIO QUINTAL,935.0,0.0,0.0,0,
33,Abarrotes,438,Arroz Doña Maria Arroba 80%,510.0,2.0,2.0,2.0,
33,Abarrotes,439,Arroz Faizan Arroba 96%,590.0,17.5,37.5,37.5,
33,Abarrotes,440,CAL SAN RAFAEL DEL SUR LIBRA,1.0,0.0,0.0,0,
33,Abarrotes,441,CAL SAN RAFAEL DEL SUR ARROBA,10.0,0.0,0.0,0,
33,Abarrotes,442,AZUCAR CASUR,14.44,2339.5,6345.5,6345.5,
33,Abarrotes,443,AZUCAR SULFITADO MONTELIMAR,13.24,0.5,0.5,0.5,
33,Abarrotes,446,ARROZ DOÑA MARIA DE 60%,12.2,0.0,0.0,0,
33,Abarrotes,447,ARROZ DIAMANTE BUFALO,590.0,0.0,0.0,0,
33,Abarrotes,448,SAL BEXI,3.2,2836.0,2811.0,2811.0,
33,Abarrotes,449,Manzania Grande,15.0,7.0,7.0,7.0,
33,Abarrotes,450,MANZANIA MEDIANA,10.0,74.0,74.0,74.0,
33,Abarrotes,451,Manzania Pequeña,10.0,2.0,2.0,2.0,
33,Abarrotes,4549526615481,Calculadora Casio 2nd edition,680.0,1.0,1.0,1.0,
33,Abarrotes,455,PAPELOGRAFO,6.0,8.0,8.0,8.0,
33,Abarrotes,4603777425715,COCINA TRISTAR 1 QUEMADOR,400.0,1.0,1.0,1.0,
33,Abarrotes,4603777425722,COCINA TRISTAR 2 QUEMADORES,750.0,0.0,0.0,0,
33,Abarrotes,4630040833854,CARPETAS PLASTICAS,40.0,6.0,6.0,6.0,
33,Abarrotes,467,PIMIENTA BRAVA,2.0,33.0,33.0,33.0,
33,Abarrotes,468,Camibar Grandes,12.0,45.0,45.0,45.0,
33,Abarrotes,4710887412372,Crayones triangulares 12 und,55.0,0.0,0.0,0,
33,Abarrotes,4710958791023,COLORES TIGU,35.0,0.0,0.0,0,
33,Abarrotes,4711678081142,Lapiz Star Pencil,5.42,13.0,13.0,13.0,
34,Abarrotes,4712302229831,Crayones Tigu,35.0,0.0,0.0,0,
34,Abarrotes,4713616478908,PINTURA PARA CEJA AMUSE,50.0,0.0,0.0,0,
34,Abarrotes,4717480694594,Crayones triangulares Jumbo,110.0,1.0,1.0,1.0,
34,Abarrotes,4718759585001,SILICON LIQUIDO ALFA,130.0,0.0,0.0,0,
34,Abarrotes,4891223836080,CALCULADORA TRULY GRANDE,520.0,0.0,0.0,0,
34,Abarrotes,4891223837087,CALCULADORA TRULY PEQ,350.0,0.0,0.0,0,
34,Abarrotes,4892980019624,Pelón n°1962BP,290.0,0.0,0.0,0,
34,Abarrotes,4892980138561,Bebés que cantan,250.0,0.0,0.0,0,
34,Abarrotes,4892980222154,Muñeca con zapatos,320.0,0.0,0.0,0,
34,Abarrotes,4892980231651,Muñeca descalza,450.0,0.0,0.0,0,
34,Abarrotes,4894300049397,SOMBRILLAS ALENTINA MEDIANA,185.0,0.0,0.0,0,
34,Abarrotes,4894300051178,SOMBRILLAS ALENTINA,220.0,0.0,0.0,0,
34,Abarrotes,4894300058535,SOMBRILLA ALENTINO G,300.0,1.0,1.0,1.0,
34,Abarrotes,4894300065205,Sombrillas Alentino M,250.0,0.0,0.0,0,
34,Abarrotes,48970666677775,CHINELA RELAXO,90.0,0.0,0.0,0,
34,Abarrotes,4897066677996,CHINELAS RELAXO DAMA,100.0,3.0,3.0,3.0,
34,Abarrotes,4897066830162,Shampoo Baby 800 ml,85.0,0.0,0.0,0,
34,Abarrotes,4897066830230,TALCO BABY POWDER 500 GR,85.0,0.0,0.0,0,
34,Abarrotes,4897066830278,JUEGO DE BEBE BABY CARE,135.0,0.0,0.0,0,
34,Abarrotes,4897066830490,Shampoo Baby Tree City,75.0,1.0,1.0,1.0,
34,Abarrotes,4897066836218,Shampoo Hair Care 800 ml,150.0,0.0,0.0,0,
34,Abarrotes,4897066842844,Crema corporal Collagen 500 ml,150.0,0.0,0.0,0,
34,Abarrotes,4897099080510,Crema corporal Cocoa Butter,60.0,0.0,0.0,0,
34,Abarrotes,4971850032236,CALCULADORA CASIO DK-12B,480.0,0.0,0.0,0,
35,Abarrotes,4971850032274,CALCULADORA CASIO GRANDE,680.0,0.0,0.0,0,
35,Abarrotes,4971850094340,CALCULADORA CASIO MINI PEQ,135.0,0.0,0.0,0,
35,Abarrotes,5021813122142,PERCOLADORA GIPPON,450.0,0.0,0.0,0,
35,Abarrotes,5060925260298,Body Luxuries 250 ml,150.0,0.0,0.0,0,
35,Abarrotes,5071723011203,Bombillo FOX led 20 WTS,150.0,0.0,0.0,0,
35,Abarrotes,5071723011500,Bombillo Fox 50 watts,175.0,0.0,0.0,0,
35,Abarrotes,5071723011708,Bombillo Fox 70 watts,200.0,0.0,0.0,0,
35,Abarrotes,5266282296899,Cuaderno cocido CAVALIER,50.0,0.0,0.0,0,
35,Abarrotes,554,AGENDAS,150.0,0.0,0.0,0,
35,Abarrotes,5602084957901,SET DE ANIMALES WORLD,190.0,0.0,0.0,0,
35,Abarrotes,5900201971039,SOBRILLAS P/NIÑO HOMBRE ARAÑA,120.0,0.0,0.0,0,
35,Abarrotes,5935847213212,CEPILLO CILINDRICO YOYO,90.0,0.0,0.0,0,
35,Abarrotes,5935847213229,YOYO HAIR BRUSH,85.0,0.0,0.0,0,
35,Abarrotes,600,COLADOR DE SEDA MEDIANO SHOLAY #7,20.0,0.0,0.0,0,
35,Abarrotes,601,PAYLA DE HIERRO MEDIANA,165.0,0.0,0.0,0,
35,Abarrotes,602,PAYLA DE HIERRO PEQUEÑA,80.0,0.0,0.0,0,
35,Abarrotes,6020170090223,SET TAZA DAYLY,240.0,0.0,0.0,0,
35,Abarrotes,602499161806,VELADORA PERFUMADA LUZ DE LA FE,120.0,0.0,0.0,0,
35,Abarrotes,603,CANASTA PEQUEÑA PARA ROPA,210.0,2.0,2.0,2.0,
35,Abarrotes,603554027068,MINI CHICLE TATTOO 150 PCS,115.0,3.0,3.0,3.0,
35,Abarrotes,603554060652,Soda Bubble 24 und,4.58,0.0,0.0,0,
35,Abarrotes,604,PANA MEDIANA PROPLAS,85.0,0.0,0.0,0,
35,Abarrotes,605,ABANICO GRANDE SUPER DELUXE,1200.0,0.0,0.0,0,
35,Abarrotes,606,CORDONES,12.0,13.0,13.0,13.0,
36,Abarrotes,607,CEPILLO DE DIENTES KIDS,13.0,29.0,29.0,29.0,
36,Abarrotes,608,VANIDAD RAQUEL,85.0,0.0,0.0,0,
36,Abarrotes,608875003210,Gerber Heinz 113g,30.0,13.0,13.0,13.0,
36,Abarrotes,609,PINTURA DE LABIO BALM,35.0,4.0,4.0,4.0,
36,Abarrotes,610,CALZON LOVABLE,45.0,4.0,4.0,4.0,
36,Abarrotes,616513700889,CORTA UÑA TOENAIL CLIPPER,86.0,0.0,0.0,0,
36,Abarrotes,617,GORRO PARA NIÑO DE ALGODON,30.0,1.0,1.0,1.0,
36,Abarrotes,618,TOALLA DE BAÑO,140.0,0.0,0.0,0,
36,Abarrotes,619585103015,Toalla Humeda Bebin 40 und,35.0,0.0,0.0,0,
36,Abarrotes,619585104012,Toalla Humeda Bebin 80 Und,60.0,0.0,0.0,0,
36,Abarrotes,620,GORRA ADIDAS,120.0,0.0,0.0,0,
36,Abarrotes,622,Flor de Regalo,10.0,0.0,0.0,0,
36,Abarrotes,623,Corazon para Adornar Carton,10.0,0.0,0.0,0,
36,Abarrotes,6230214120018,PELUCHE ROSADO PEQUEÑO,230.0,0.0,0.0,0,
36,Abarrotes,6230214120070,PELUCHE ROSADO CORAZON,450.0,0.0,0.0,0,
36,Abarrotes,625,Coca Cola 250 ML,12.0,0.0,0.0,0,
36,Abarrotes,626,Coca Cola 500 ML,20.0,0.0,0.0,0,
36,Abarrotes,627,Sombrilla Alentino Pequeña,170.0,0.0,0.0,0,
36,Abarrotes,628,Cabuya Rollo Grande,14.0,50.0,50.0,50.0,
36,Abarrotes,629,Zapato Carbec Mujer,130.0,0.0,0.0,0,
36,Abarrotes,630,Chinelas de Niño Ferori,165.0,0.0,0.0,0,
36,Abarrotes,631,Lapicero Bic Clasico,5.42,195.0,195.0,195.0,
36,Abarrotes,632,Plastilina BACO,30.0,0.0,0.0,0,
36,Abarrotes,633,TAJADOR CORAZON,2.0,77.0,77.0,77.0,
37,Abarrotes,634,LAPIZ DE GRAFITO MILENIAL,4.5,0.0,0.0,0,
37,Abarrotes,634933008118,MEZCLA PARA PANCAKES 400 GR,65.0,2.0,2.0,2.0,
37,Abarrotes,636,LAPIZ DE GRAFITO AIR SCHOOL,5.0,0.0,0.0,0,
37,Abarrotes,637,"ADORNO PARA NAVIDAD (CUERDA,MECHA)",40.0,0.0,0.0,0,
37,Abarrotes,637213505215,SALCHICHAS DE VIENA 100G,45.0,0.0,0.0,0,
37,Abarrotes,63721350525,SALCHICHAS D/LAGO 150 GR,45.0,3.0,3.0,3.0,
37,Abarrotes,637364101205,Kola Shaler 354 ml,20.42,12.0,108.0,108.0,
37,Abarrotes,637364104404,kola shaler 2 litros,51.67,0.0,24.0,24.0,
37,Abarrotes,637662010056,Aceite Corona 3785 Ml,320.0,24.0,24.0,24.0,
37,Abarrotes,637662010070,Aceite Corona 1800 Ml,175.0,25.0,23.0,23.0,
37,Abarrotes,637662010087,Aceite Corona 1000 Ml,95.0,77.0,77.0,77.0,
37,Abarrotes,637662040077,ACEITE RICO 3785ML,320.0,1.0,1.0,1.0,
37,Abarrotes,637662040084,ACEITE RICO 2 LT,185.0,1.0,1.0,1.0,
37,Abarrotes,637662103499,JABON PRIMAVERA,18.0,0.0,0.0,0,
37,Abarrotes,637662109071,JABON MARFIL 340 GR,16.0,0.0,0.0,0,
37,Abarrotes,637662111289,DESINFECTANTE MULTI-USO MARFIL 450 ML,30.0,0.0,0.0,0,
37,Abarrotes,637662401205,ACEITE RICO 1000 ML,90.0,0.0,0.0,0,
37,Abarrotes,638,CRAYONES FACELA SAV,25.0,0.0,0.0,0,
37,Abarrotes,638253012435,AZUCAR DEL INGENIO 2 KG,75.0,13.0,13.0,13.0,
37,Abarrotes,638253682515,Azucar San Antonio refinada 800 Gramos,32.0,0.0,0.0,0,
37,Abarrotes,638253682690,Azucar San Antonio 2K,90.0,1.0,1.0,1.0,
37,Abarrotes,639,LAPIZ GRAFITO ALR SCHOOL,5.0,29.0,29.0,29.0,
37,Abarrotes,640,MASKING TAPE TESA,26.0,0.0,0.0,0,
37,Abarrotes,641018608354,CEPILLO PRO STYLING BRUSH,160.0,0.0,0.0,0,
38,Abarrotes,6426595232130,Cuchillo Sav Kitchen,65.0,0.0,0.0,0,
38,Abarrotes,648,Jalea Callejas 280 Gr,45.0,0.0,0.0,0,
38,Abarrotes,649,Leche Condensada 395 Gr,98.0,10.0,10.0,10.0,
38,Abarrotes,650,Achiote Grande,5.0,159.0,159.0,159.0,
38,Abarrotes,650240039331,SHAMPO VANART 600 ML,130.0,0.0,0.0,0,
38,Abarrotes,651,COMAL DE BARRO,40.0,0.0,0.0,0,
38,Abarrotes,65649719320,SOMBRA PROFUSSION,100.0,0.0,0.0,0,
38,Abarrotes,660,Cocoa dulce instantanea 200 gr,60.0,10.0,10.0,10.0,
38,Abarrotes,66075601383,QUESITRIX MEGA,200.0,59.0,57.0,57.0,
38,Abarrotes,660756013862,Mega trompeta Pizza 30 gr,200.0,10.0,10.0,10.0,
38,Abarrotes,660756015996,Gustito mega c/chile,200.0,0.0,0.0,0,
38,Abarrotes,660756016269,BueNacho Mega,200.0,57.0,57.0,57.0,
38,Abarrotes,6615361100098,CASITA DE JUGUETE SWEET HOME,245.0,0.0,0.0,0,
38,Abarrotes,663146800745,CAFE INSTANTANEO 1820 DISPENSADOR,180.0,4.0,4.0,4.0,
38,Abarrotes,66314680104,CAFE DORO,4.9,0.0,0.0,0,
38,Abarrotes,663146801094,PINOLILLO CAMPESTRE 42 GR,50.0,5.0,5.0,5.0,
38,Abarrotes,6633280006383,"AJEDRES N""3323M",170.0,0.0,0.0,0,
38,Abarrotes,667,CARNE MOLIDA DE POLLO,48.0,0.0,0.0,0,
38,Abarrotes,668,Gatorade,26.0,0.0,0.0,0,
38,Abarrotes,669,Raptor pequeño Unidad,16.0,0.0,0.0,0,
38,Abarrotes,6698087049099,ACEITE EL NORTEÑO 10 LITROS,720.0,0.0,0.0,0,
38,Abarrotes,670,Arroz Doña Maria 65%,11.8,-4.5,-4.5,0,negative_stock
38,Abarrotes,671,BOLSA ARROBERA,5.0,747.0,740.0,740.0,
38,Abarrotes,672,BOLSA PARA DESPACHAR,1.0,0.0,0.0,0,
39,Abarrotes,6725425132726,Diadema Anny Selection,85.0,0.0,0.0,0,
39,Abarrotes,673,BOLSA DE GABACHA GRANDE (GABACHON),3.0,840.0,840.0,840.0,
39,Abarrotes,67330000B3798,BOLSO PINK ROSADO,390.0,0.0,0.0,0,
39,Abarrotes,674,BOLSA DE HULE OSITO,25.0,0.0,0.0,0,
39,Abarrotes,675,TAPE SECURITA,8.0,0.0,0.0,0,
39,Abarrotes,676,Monito Tejido Niño Rayado,95.0,0.0,0.0,0,
39,Abarrotes,676796010556,GOTAS HAIR POLISHER 60 ML,150.0,0.0,0.0,0,
39,Abarrotes,676796010600,GOTAS POLISHER ALOE 177 ML,225.0,1.0,1.0,1.0,
39,Abarrotes,677585006194,CAMPESTRE 2 LTS,300.0,0.0,0.0,0,
39,Abarrotes,677585008129,GASEOSA PEPSI 355 ML UNIDAD,11.25,0.0,0.0,0,
39,Abarrotes,680,JABON SOL,26.25,242.5,230.5,230.5,
39,Abarrotes,681,CORTA UÑAS PEQUEÑOS,25.0,1.0,1.0,1.0,
39,Abarrotes,6865245513128,BOLSO PAÑALERO,560.0,1.0,1.0,1.0,
39,Abarrotes,68658100302,GALLETA POZUELO FAMILIA,85.0,0.0,0.0,0,
39,Abarrotes,687423001397,AJO MOLIDO SOL MAYA,2.92,0.0,0.0,0,
39,Abarrotes,687423017404,PIMIENTA MOLIDA SOL MAYA,2.92,0.0,0.0,0,
39,Abarrotes,687423032438,EMPANIZADOR SOL MAYA 100 GR,15.0,0.0,0.0,0,
39,Abarrotes,687424000016,ACHIOTE ESPECIES LUNA 4 ONZ,40.0,0.0,0.0,0,
39,Abarrotes,6900328563352,BILLETERAS PARA NIÑO,150.0,0.0,0.0,0,
39,Abarrotes,6901234096996,Kitchen,215.0,0.0,0.0,0,
39,Abarrotes,6902000008083,LAPICES DE COLORES JUMBO,150.0,0.0,0.0,0,
39,Abarrotes,690200008083,COLORES METACOLOR JUMBO 12 PCS,150.0,1.0,1.0,1.0,
39,Abarrotes,6902672287106,Corta cuticula,75.0,0.0,0.0,0,
39,Abarrotes,6903244957373,Papel higienico grand marshal,28.0,0.0,0.0,0,
40,Abarrotes,6903669411009,Organizador de baño,130.0,1.0,1.0,1.0,
40,Abarrotes,6908808017005,ENCENDEDOR DE COCINA,75.0,1.0,1.0,1.0,
40,Abarrotes,6910929002327,CARRO ROJO SUPER RACING,240.0,0.0,0.0,0,
40,Abarrotes,6912365405083,Rayador 9''4 SIDED,110.0,0.0,0.0,0,
40,Abarrotes,6913456789013,MUÑECA BABY (CON COCHECITO),380.0,0.0,0.0,0,
40,Abarrotes,6918099897248,LAPICEROS SHANHG,4.0,0.0,0.0,0,
40,Abarrotes,6920150016215,CEPILLO STAY BEATIFUL,100.0,0.0,0.0,0,
40,Abarrotes,6920170018572,Cucharones metálicos MEDIANOS,185.0,0.0,0.0,0,
40,Abarrotes,6920200827006,PINZA ALEJANDRA,110.0,0.0,0.0,0,
40,Abarrotes,6920210208147,TERMO AZUL,600.0,0.0,0.0,0,
40,Abarrotes,6920212920597,PINZAS METALICAS PARA COCINA,100.0,0.0,0.0,0,
40,Abarrotes,6920240802506,Tijera manicure,75.0,1.0,1.0,1.0,
40,Abarrotes,6920911698285,PEINES SHUMEIJIA,15.0,0.0,0.0,0,
40,Abarrotes,6921057397803,MUÑECA LITLE FRIENDS,220.0,0.0,0.0,0,
40,Abarrotes,6921145589806,SET DE BELLEZA BEATY,290.0,0.0,0.0,0,
40,Abarrotes,6921155017801,SET FASHION COSMETICS,200.0,0.0,0.0,0,
40,Abarrotes,6921176332808,SET PARA PULSERA,250.0,0.0,0.0,0,
40,Abarrotes,6921247801806,SET DOCTOR PLAY,150.0,0.0,0.0,0,
40,Abarrotes,6921294543803,SET MAKEUP GIRL,340.0,0.0,0.0,0,
40,Abarrotes,692129985806,SET SMALL DOCTOR,220.0,0.0,0.0,0,
40,Abarrotes,6921482532800,MUÑECA BARBY GIRL,300.0,0.0,0.0,0,
40,Abarrotes,6921489873807,CARRO AMBULANCIA,350.0,0.0,0.0,0,
40,Abarrotes,6921494229804,SET DE JUGUETES MAGICAL,380.0,0.0,0.0,0,
40,Abarrotes,6921748966110,Tinte MAGIC COLORS,130.0,1.0,1.0,1.0,
41,Abarrotes,6921758960115,TINTE PARA PELO NICOLE,85.0,0.0,0.0,0,
41,Abarrotes,69217589931061,TINTES KOOLCOLOR,130.0,0.0,0.0,0,
41,Abarrotes,6921932710505,SOMBRAS YH BEJA 18 CL,40.0,4.0,4.0,4.0,
41,Abarrotes,6921932712462,LABIAL YH BEJA COSMETICS,20.0,12.0,12.0,12.0,
41,Abarrotes,6921932720368,BRILLO LABIAL FLOWER,45.0,0.0,0.0,0,
41,Abarrotes,6921932720900,GEL PARA CEJAS YH 6 GR,110.0,0.0,0.0,0,
41,Abarrotes,6921932721457,RUBOR PERLAS YH,110.0,0.0,0.0,0,
41,Abarrotes,6921932783110,ESPONJA JH BEJA,50.0,0.0,0.0,0,
41,Abarrotes,6922235800047,POTE DE GELATINA 40 PCS,4.25,0.0,0.0,0,
41,Abarrotes,6922235800238,Marshmallows Panda 70 und,130.0,2.0,2.0,2.0,
41,Abarrotes,6922235800979,Gomita emoji dulce,180.0,0.0,0.0,0,
41,Abarrotes,6923631014229,BLUMER UO KING,55.0,0.0,0.0,0,
41,Abarrotes,6924372615966,LIP GLOSS USHAS,40.0,13.0,13.0,13.0,
41,Abarrotes,6924372620601,Eyeliner Gel,120.0,2.0,2.0,2.0,
41,Abarrotes,692437262193,SOMBRA DIAMONDS,85.0,0.0,0.0,0,
41,Abarrotes,6924372671672,USHAS Eyeliner,45.0,1.0,1.0,1.0,
41,Abarrotes,6924372693308,SET DE PINZAS USHAS,60.0,0.0,0.0,0,
41,Abarrotes,6924372694176,EYELASH CURLER USHAS,95.0,0.0,0.0,0,
41,Abarrotes,6924574370137,ENCENDEDOR COCINA FOX,125.0,1.0,1.0,1.0,
41,Abarrotes,6924574370151,ENCENDEDOR FOX,125.0,0.0,0.0,0,
41,Abarrotes,6925021119583,ENVASES TRANSPARENTES,130.0,0.0,0.0,0,
41,Abarrotes,6925799505335,Gotas Aloe Vera POLISHER 120 ml,75.0,0.0,0.0,0,
41,Abarrotes,6925871610728,Raqueta sencilla,200.0,2.0,2.0,2.0,
41,Abarrotes,692628011911,Sellador grande,110.0,13.0,13.0,13.0,
42,Abarrotes,6926641004617,set de brochas sweet beauty,150.0,2.0,2.0,2.0,
42,Abarrotes,6926641036748,KISS LOVELY MAKEUP,50.0,0.0,0.0,0,
42,Abarrotes,6927970895518,SHAMPO STAY 400 ML,125.0,0.0,0.0,0,
42,Abarrotes,6928147850804,MUÑECA FUNNY SWEETUMS,450.0,0.0,0.0,0,
42,Abarrotes,6928304810801,MUÑECA BABY CUTE,550.0,2.0,2.0,2.0,
42,Abarrotes,6928451901124,PACHA MAXI BABY,50.0,0.0,0.0,0,
42,Abarrotes,6929309001065,CONO DE DULCE ESPONJOSO,190.0,2.0,2.0,2.0,
42,Abarrotes,6929309002352,Chicles TATTOO GUM 200und,165.0,0.0,0.0,0,
42,Abarrotes,693011303583,GOTAS ALOE VERA 180 ML,100.0,0.0,0.0,0,
42,Abarrotes,6930501768113,GOTAS SUNSHINE 180 ML,110.0,0.0,0.0,0,
42,Abarrotes,6930501768182,GOTAS LUX 65 ML,75.0,0.0,0.0,0,
42,Abarrotes,6930958820129,Paste verde limpia max,7.0,37.0,35.0,35.0,
42,Abarrotes,6930958820181,PASTE VERDE DURAMAX,6.0,0.0,0.0,0,
42,Abarrotes,6930958820273,Paste verde DURANGO,85.0,3.0,3.0,3.0,
42,Abarrotes,6930998306683,Tobillera orejas MULAYA,35.0,0.0,0.0,0,
42,Abarrotes,6931028882526,BRASIEL LISA SECRET,110.0,0.0,0.0,0,
42,Abarrotes,6931043391623,Engrapadora UNIVERSAL,85.0,0.0,0.0,0,
42,Abarrotes,6931100514569,CORRECTORES TIGU,20.0,0.0,0.0,0,
42,Abarrotes,6931978100178,Gotas Alejandra 177 ml,140.0,0.0,0.0,0,
42,Abarrotes,6931978164200,Gotas Alejandra 180 ml,140.0,0.0,0.0,0,
42,Abarrotes,6931978164255,GOTAS ALEJANDRA 60 ML,90.0,1.0,1.0,1.0,
42,Abarrotes,6932177474213,CALCULADORA KADIO KD-3851B,120.0,0.0,0.0,0,
42,Abarrotes,6932177475715,CALCULADORA KADIO,280.0,0.0,0.0,0,
42,Abarrotes,6932177476033,CALCULADORA KADIO ESCRITORIO,200.0,1.0,1.0,1.0,
43,Abarrotes,693235452449,DESODORANTE ZERMAT,95.0,0.0,0.0,0,
43,Abarrotes,693235452463,DESODORANTE ZFC NICOLE 85G,110.0,0.0,0.0,0,
43,Abarrotes,693235453873,Desodorante INCONTRO Zermat 85g,110.0,0.0,0.0,0,
43,Abarrotes,693235904559,Body zermat 250ml,250.0,0.0,0.0,0,
43,Abarrotes,6933315427696,TRAILER SUPER POWER,200.0,0.0,0.0,0,
43,Abarrotes,6933315538590,Push & Go Truck,600.0,0.0,0.0,0,
43,Abarrotes,6933315538934,CARRO VOLQUETE GRANDE,270.0,0.0,0.0,0,
43,Abarrotes,6933315538941,CARRITO VOLQUETE,135.0,0.0,0.0,0,
43,Abarrotes,6933315578695,TRAILER SUPER RACER,250.0,0.0,0.0,0,
43,Abarrotes,6933315626587,GUITARRA SURPRISE,250.0,0.0,0.0,0,
43,Abarrotes,69333157737779,ACORDION MUSIC,280.0,0.0,0.0,0,
43,Abarrotes,6933315832896,FANNY GUITAR,340.0,0.0,0.0,0,
43,Abarrotes,6933315837754,UNDER CONSTRUTION,380.0,0.0,0.0,0,
43,Abarrotes,6933315837822,Let´s go adventure begins Bubble,200.0,0.0,0.0,0,
43,Abarrotes,6934219701431,BATERIA ENERGY AA,40.0,0.0,0.0,0,
43,Abarrotes,69344219701424,BATERIA ENERGY AAA,25.0,0.0,0.0,0,
43,Abarrotes,6934509408361,SET DE CUCHARAS MADERA,70.0,0.0,0.0,0,
43,Abarrotes,6935031405361,Pichel de vidrio CRAFTSMAN,230.0,0.0,0.0,0,
43,Abarrotes,6935039620353,PANA SOPERA BIG HOME,58.0,1.0,1.0,1.0,
43,Abarrotes,6935039622029,PANA SOPERA BIG HOME MEDIANA,65.0,0.0,0.0,0,
43,Abarrotes,6935039622364,Tazas blancas Big Home,40.0,0.0,0.0,0,
43,Abarrotes,6935862707290,TOBILLERAS BAI LI,45.0,0.0,0.0,0,
43,Abarrotes,6935862707979,Piecitos BAILI Finos,55.0,1.0,1.0,1.0,
43,Abarrotes,6935862732186,Tobilleras BAILI,0.0,2.0,2.0,2.0,
44,Abarrotes,6936091211053,TOBILLERA NIKE,40.0,0.0,0.0,0,
44,Abarrotes,6936097102553,SHAMPO SBOOK GOOD 200 ML,60.0,0.0,0.0,0,
44,Abarrotes,6936097102560,SHAMPO SBOOK GOOD 750 ML,85.0,0.0,0.0,0,
44,Abarrotes,6936097112361,SHAMPOO BABY MIYA 400 ML,85.0,0.0,0.0,0,
44,Abarrotes,6936097112378,SHAMPO0 BABY MIYA 800 ML,135.0,0.0,0.0,0,
44,Abarrotes,6936097130136,Shampoo Shoff Kids 300 ml,110.0,0.0,0.0,0,
44,Abarrotes,6936188004995,TABLA DE APRENDIZAJE,90.0,0.0,0.0,0,
44,Abarrotes,6936298985481,ENCRESPADOR YH BEJA,80.0,0.0,0.0,0,
44,Abarrotes,6939624309678,CEPILLO DE DIENTES MORNING FRESH,13.0,0.0,0.0,0,
44,Abarrotes,6940079103605,TAJADOR CERDITO,20.0,1.0,1.0,1.0,
44,Abarrotes,6940350922789,FOCOS RECARGABLE LY-1928,145.0,0.0,0.0,0,
44,Abarrotes,6940356148510,CEPILLO MORNINGFRESH,10.0,0.0,0.0,0,
44,Abarrotes,6940356171525,CUCHARAS METALICA YUCHANG,12.0,24.0,24.0,24.0,
44,Abarrotes,6940356207538,Cuchara metalica Stainless steel,7.5,12.0,12.0,12.0,
44,Abarrotes,6941009925045,CONSOLADORES,40.0,0.0,0.0,0,
44,Abarrotes,6941234568352,FOCO MASTERED,120.0,0.0,0.0,0,
44,Abarrotes,6941538300627,BLUMER VIVACIOUS ROSE,60.0,0.0,0.0,0,
44,Abarrotes,6943385898104,SET DE VASO DE VIDRIO LX,280.0,1.0,1.0,1.0,
44,Abarrotes,6943459510215,PLATO TABLEWARE BOUTIQUE,85.0,0.0,0.0,0,
44,Abarrotes,6943777010855,BUJIA RECARGABLE FOX 40 WATT,165.0,0.0,0.0,0,
44,Abarrotes,6943777010862,BUJIAS FOX 50 WATT,185.0,0.0,0.0,0,
44,Abarrotes,6943789080280,Pinzas de cocina,110.0,6.0,6.0,6.0,
44,Abarrotes,6943793502012,PALILLOS BAMBOO,35.0,0.0,0.0,0,
44,Abarrotes,694434348535821,Body 250ml chevalier (caballero),200.0,0.0,0.0,0,
45,Abarrotes,6944348540917,PERFUME BODY V.V LOVE 250 ML,150.0,0.0,0.0,0,
45,Abarrotes,6944485320519,PERCHERO PLASTICO,120.0,0.0,0.0,0,
45,Abarrotes,69452360140115,ESTUCHE JIN-DA,55.0,0.0,0.0,0,
45,Abarrotes,6945457201201,Tinte Para Cabello Fashion,50.0,3.0,8.0,8.0,
45,Abarrotes,6945507870166,CEPILLO ORAL NIÑO J.A.G,12.0,0.0,0.0,0,
45,Abarrotes,6945507875017,CEPILLO VINSA,20.0,0.0,0.0,0,
45,Abarrotes,6945789312644,LICUADORA ASTOR,850.0,0.0,0.0,0,
45,Abarrotes,6946370012004,CALCULADORA DM- 1200V,180.0,0.0,0.0,0,
45,Abarrotes,6946723400045,FOCOS LED,200.0,0.0,0.0,0,
45,Abarrotes,6946723411027,Raqueta fina,260.0,1.0,1.0,1.0,
45,Abarrotes,6946723412161,FOCOS TIGGER PEQUEÑOS,31.67,0.0,0.0,0,
45,Abarrotes,6946723413137,Foco descartable RF19,0.0,0.0,0.0,0,
45,Abarrotes,6946723413342,Focos recargable RF18-5001W,170.0,0.0,0.0,0,
45,Abarrotes,6946723415315,Foco recargable RF83C,250.0,0.0,0.0,0,
45,Abarrotes,6946723415735,Focos recargable RF105,250.0,0.0,0.0,0,
45,Abarrotes,6948210602185,Chicle Tarro Buble 60 ml,70.0,0.0,0.0,0,
45,Abarrotes,694899700518,ENCRESPADOR ALEJANDRA,30.0,0.0,0.0,0,
45,Abarrotes,6949427800036,PALILLOS TOOTHPICK,12.0,8.0,8.0,8.0,
45,Abarrotes,6950126104844,CORRECTOR ALFA 9ML,20.0,0.0,0.0,0,
45,Abarrotes,6950145380151,Panita Soperas Desplayadas HOMESTAR,38.0,0.0,0.0,0,
45,Abarrotes,6951011019250,Lava Plancha XIBEI,45.0,0.0,0.0,0,
45,Abarrotes,6952201506748,CUCHARAS J A G,10.0,0.0,0.0,0,
45,Abarrotes,6952938336888,HULE ANA Y ELSA,40.0,0.0,0.0,0,
45,Abarrotes,6953292513687,PLATOS BLANCO VIDRIO,75.0,12.0,12.0,12.0,
46,Abarrotes,6954232060056,Set mengmeixin,125.0,1.0,1.0,1.0,
46,Abarrotes,6954711300772,lapiz carbon shunshou,3.33,7.0,7.0,7.0,
46,Abarrotes,6954842276571,CEPILLOS TOOTHBRUSH,33.0,0.0,0.0,0,
46,Abarrotes,6955699771073,CORRECTOR MAKEUP PYW COSMETICS 6 ML,90.0,1.0,1.0,1.0,
46,Abarrotes,6956088505675,Crema corporal Royal Parya 400 ml,70.0,1.0,1.0,1.0,
46,Abarrotes,6957342989958,CARRITO SORPRESA,110.0,0.0,0.0,0,
46,Abarrotes,6958048100104,CALDERO 26 CM ALUMINIO,550.0,0.0,0.0,0,
46,Abarrotes,6959920211093,SET LAPICES GRAFITO STICH,45.0,0.0,0.0,0,
46,Abarrotes,6963456016336,PLATO BLANCO MELAMINA,65.0,0.0,0.0,0,
46,Abarrotes,6967252809468,Toalla humeda Family Wipes,70.0,0.0,0.0,0,
46,Abarrotes,6970392252865,GOTAS PELO POLISHER 60 ML,90.0,9.0,9.0,9.0,
46,Abarrotes,69703922528892,GOTAS POLISHER 180 ML,145.0,0.0,0.0,0,
46,Abarrotes,6970392253787,Gotas Every Strand,135.0,0.0,0.0,0,
46,Abarrotes,6970392253879,Body Philosophy 250 ml,150.0,0.0,0.0,0,
46,Abarrotes,6970392255538,CREMA CORPORAL XTRA CARE 591 ML,90.0,2.0,2.0,2.0,
46,Abarrotes,6970485551073,CEPILLO ORAL ADULTO,14.0,1.0,1.0,1.0,
46,Abarrotes,6970485551127,CEPILLO ORAL ADULTO J.A.G,12.0,0.0,0.0,0,
46,Abarrotes,6970619532282,Tijera Tristar 3pc,90.0,3.0,3.0,3.0,
46,Abarrotes,6970659871006,Pampers Midday Bear,510.0,2.0,2.0,2.0,
46,Abarrotes,6970659875288,Toalla humeda Midday Bear 120 PCS,75.0,13.0,13.0,13.0,
46,Abarrotes,6970828690117,BRILLOS LIPOIL,25.0,0.0,0.0,0,
46,Abarrotes,6970828693118,CORRECTOR MAKEUP FIT WE 15 ML,90.0,0.0,0.0,0,
46,Abarrotes,6970851163848,TINTE P/PELO HAPPY,100.0,0.0,0.0,0,
46,Abarrotes,6970895711173,Ojos Bubble 50 PCS 8G,2.5,321.0,321.0,321.0,
47,Abarrotes,6970927912295,JABONERA PAQUETE,58.0,0.0,0.0,0,
47,Abarrotes,6971087040200,Toalla Humeda family Azul ( Extra Larga),75.0,0.0,0.0,0,
47,Abarrotes,6971138831597,Caramelo chupeta Dientes,4.08,48.0,48.0,48.0,
47,Abarrotes,6971231110186,PINTURA DE UÑAS M&A,30.0,0.0,0.0,0,
47,Abarrotes,6971296522153,paleta sabor coca cola,130.0,0.0,0.0,0,
47,Abarrotes,6971523232564,Paleta Ice Cream con tronador,4.17,0.0,0.0,0,
47,Abarrotes,6971867377359,shampoo tinte color black AI BEAUTY,150.0,0.0,0.0,0,
47,Abarrotes,6972254765014,BROCHA PARA CEJA RUBYFACE,30.0,0.0,0.0,0,
47,Abarrotes,6972539101883,TERMO ROSADO,125.0,0.0,0.0,0,
47,Abarrotes,6972539102675,BOMBA NARANJA,185.0,0.0,0.0,0,
47,Abarrotes,6972539102811,SHAMPUCERAS,100.0,0.0,0.0,0,
47,Abarrotes,6972539103566,CHIMBOMBA BAILOON,135.0,1.0,1.0,1.0,
47,Abarrotes,6972539109360,PACHA BABY 280 ML,80.0,0.0,0.0,0,
47,Abarrotes,6972539109636,PALA Y ESCOBA CELESTE,120.0,0.0,0.0,0,
47,Abarrotes,6972539110502,TERMO VACUUM FLASK (0.45),180.0,0.0,0.0,0,
47,Abarrotes,6972539113015,CUCHARAS DE MADERA,30.0,1.0,1.0,1.0,
47,Abarrotes,6972539116399,Set de pachas,380.0,0.0,0.0,0,
47,Abarrotes,6972539118539,TRUK Super,600.0,0.0,0.0,0,
47,Abarrotes,6972541654254,SET de pinza Ruby face,30.0,0.0,0.0,0,
47,Abarrotes,6972547650366,SET DE BROCHAS beja cosmetics,110.0,0.0,0.0,0,
47,Abarrotes,6972547656016,SET DE ESPONJA DE MAQUILLAJE,95.0,0.0,0.0,0,
47,Abarrotes,6972732503132,Set Arreglos Cumpleaños,350.0,1.0,1.0,1.0,
47,Abarrotes,6972785410074,Bolsa de regalo DEWEN med,40.0,1.0,1.0,1.0,
47,Abarrotes,6972841050367,Isopo vaso 100 pcs,25.0,6.0,6.0,6.0,
48,Abarrotes,6972841051043,Hisopos HUARUI,18.0,0.0,0.0,0,
48,Abarrotes,6973343186530,Polvo compacto yh Beja,75.0,0.0,0.0,0,
48,Abarrotes,6975290534648,BLUMER COTTON,50.0,0.0,0.0,0,
48,Abarrotes,6976175242016,Blumer Hot Love,65.0,2.0,2.0,2.0,
48,Abarrotes,6976619600044,Lapiz Unicornio,25.0,1.0,1.0,1.0,
48,Abarrotes,6976685700150,Chicles Tattoo bolsa 150 und,125.0,0.0,0.0,0,
48,Abarrotes,6977904321828,ARROCERA MASTER-SONIC,1200.0,0.0,0.0,0,
48,Abarrotes,6978255648862,Percoladora Milenium,400.0,0.0,0.0,0,
48,Abarrotes,6981364846951,Candy shop,85.0,2.0,2.0,2.0,
48,Abarrotes,6982515458252,ALFILERES APPLE,15.0,0.0,0.0,0,
48,Abarrotes,6983456333127,SET DE COSTURA,60.0,0.0,0.0,0,
48,Abarrotes,6985161500485,Caramelo Soft Candy,3.83,87.0,87.0,87.0,
48,Abarrotes,6985202039215,ENVASE PARA SALSA,38.0,0.0,0.0,0,
48,Abarrotes,6985253576523,BORRADORES STICH,30.0,0.0,0.0,0,
48,Abarrotes,6985887923762,Lip-Gloss,25.0,0.0,0.0,0,
48,Abarrotes,698658858854,SET DE BROCHAS YH BEAUTY,80.0,0.0,0.0,0,
48,Abarrotes,6987889718124,ESPONJA LIUBEAUTY,45.0,1.0,1.0,1.0,
48,Abarrotes,6987968600029,CANDELAS DE CUMPLEAÑOS,20.0,5.0,5.0,5.0,
48,Abarrotes,6991703763689,Huevos sorpresa,180.0,0.0,0.0,0,
48,Abarrotes,6995816268062,Piecitos Mulaya,35.0,10.0,10.0,10.0,
48,Abarrotes,7012453602024,GLOBOS BALLON PARTY,95.0,0.0,0.0,0,
48,Abarrotes,706703070625,GLOBOS BUFFONE,100.0,0.0,0.0,0,
48,Abarrotes,7067030796122,Globos Balloons,110.0,9.0,9.0,9.0,
48,Abarrotes,708926509040,CIGARRO ULTRA BUY,43.0,0.0,0.0,0,
49,Abarrotes,7099940130505,Super Mix Chocolate 454 g,100.0,1.0,1.0,1.0,
49,Abarrotes,7099940153108,Hot Cake mix 450 g,80.0,0.0,0.0,0,
49,Abarrotes,7128787031,TOALLA HUMEDAS GOOD CLEAN,70.0,0.0,0.0,0,
49,Abarrotes,714258000469,EMPANIZAR DON JULIO DE 454 GRAMOS,95.0,0.0,0.0,0,
49,Abarrotes,714258001442,Empanizador Don Julio 125 g,40.0,323.0,323.0,323.0,
49,Abarrotes,714258002081,Salsa Picante Don Julio 135 Ml,24.0,0.0,0.0,0,
49,Abarrotes,714258004115,AJO LISTO 330 ML VASO D/JULIO,95.0,3.0,3.0,3.0,
49,Abarrotes,714258005631,Ajo listo con perejil 330 ml,110.0,2.0,2.0,2.0,
49,Abarrotes,714258013988,SALSA PICANTE DON JULIO 240 ML,40.0,3.0,3.0,3.0,
49,Abarrotes,714258014480,Ajo listo con perejil 240 ml,65.0,8.0,8.0,8.0,
49,Abarrotes,714258014640,Empanizador Don Julio 56.7 g,20.0,178.0,178.0,178.0,
49,Abarrotes,714258017320,Salsa Picante Don Julio 460 Ml,60.0,24.0,24.0,24.0,
49,Abarrotes,714943001258,ACEITE ECONOMAX 3785/ GALON,360.0,0.0,0.0,0,
49,Abarrotes,714943001511,ACEITE ECONOMAX 1803 ML,190.0,0.0,0.0,0,
49,Abarrotes,714943002006,Aceite Santa Monica De 10 Litros,700.0,0.0,0.0,0,
49,Abarrotes,714943002020,"ACEITE SANTA MONICA 1,803 ML",165.0,0.0,0.0,0,
49,Abarrotes,719565390647,SHAMPO LITTLE TIKES 514 ML,120.0,0.0,0.0,0,
49,Abarrotes,719665000941,Leche Nestogeno 1 400 g,250.0,6.0,6.0,6.0,
49,Abarrotes,721043200230,BOM BOM YUPI,40.0,0.0,0.0,0,
49,Abarrotes,721282201182,Tortrix taco 35 Gr,100.0,1.0,1.0,1.0,
49,Abarrotes,731653201420,Margarina Cremy 400 gr,10.4,0.0,0.0,0,
49,Abarrotes,731701001293,CANELONES ROMA 250 GR,55.0,1.0,1.0,1.0,
49,Abarrotes,731701131044,Espaguetti Milano 200 g,15.0,39.0,39.0,39.0,
49,Abarrotes,731701131211,CODITOS MILANO,17.0,27.0,27.0,27.0,
50,Abarrotes,731701131273,CONCHITAS MILANO,15.0,21.0,19.0,19.0,
50,Abarrotes,731963330399,ACEITE D'OROFRIT 1500 ML,150.0,4.0,4.0,4.0,
50,Abarrotes,732748019166,MALVAVISCO BEMYBON TRICOLOR 300GR,50.0,0.0,0.0,0,
50,Abarrotes,734474500215,Shinola DIAMOND 60ml,48.0,9.0,9.0,9.0,
50,Abarrotes,734474504015,PASTA DE LUSTRAR DIAMOND 70 G,60.0,13.0,13.0,13.0,
50,Abarrotes,738777020036,Jalapeño Escabeche 180 G,48.0,1.0,1.0,1.0,
50,Abarrotes,738777190258,Salsa Barbacoa 900 gr,160.0,0.0,0.0,0,
50,Abarrotes,739337206143,Caramelo fruta frupy,75.0,0.0,0.0,0,
50,Abarrotes,739337206181,PALETA PINTA LABIO,45.0,0.0,0.0,0,
50,Abarrotes,74006171011648,CREMA HYPNOTIQUE CARE 500 ML,120.0,0.0,0.0,0,
50,Abarrotes,7401000439808,SPRAY FIJADOR SALON EXCLUSIVE,80.0,0.0,0.0,0,
50,Abarrotes,7401000704036,JUGO SIPI,200.0,0.0,0.0,0,
50,Abarrotes,7401001505755,ACEITE PURELA 1000 ML,60.0,0.0,0.0,0,
50,Abarrotes,7401001506738,Aceite ideal 1500 Ml,190.0,1.0,1.0,1.0,
50,Abarrotes,7401001506752,Aceite Ideal soya 3750 Ml,420.0,2.0,2.0,2.0,
50,Abarrotes,7401001506790,Aceite ideal Soya 1500 Ml,295.0,0.0,0.0,0,
50,Abarrotes,7401001506806,Aceite Ideal soya 3000 Ml,340.0,0.0,0.0,0,
50,Abarrotes,7401001584620,ACEITE PURELA 800 ML,48.0,0.0,0.0,0,
50,Abarrotes,7401001622469,DETERGENTE ESPUMIL DE 1 KG,85.0,87.0,86.0,86.0,
50,Abarrotes,7401001677711,JABON AMBAR 1140 GR,27.92,0.0,0.0,0,
50,Abarrotes,7401001678312,ESPUMIL 140 GR,10.0,12.0,12.0,12.0,
50,Abarrotes,7401001679050,Suavitel terso 2lts,160.0,8.0,7.0,7.0,
50,Abarrotes,7401001681497,DETERGENTE ULTRA KLIN 400 GR,35.0,17.0,17.0,17.0,
50,Abarrotes,7401001681930,Detergente espumil 9 kl,650.0,7.0,7.0,7.0,
51,Abarrotes,7401001682333,JABON LAVATRASTE RINSO BARRA 500GRM,22.0,50.0,50.0,50.0,
51,Abarrotes,7401001683088,JABON ESPUMIL 340 GR,18.5,0.0,0.0,0,
51,Abarrotes,7401001683569,JABON ESPUMIL 85 GR,5.42,0.0,0.0,0,
51,Abarrotes,74010029026638,MASECA ORO MAYA,19.25,25.0,25.0,25.0,
51,Abarrotes,7401004202149,MOSTAZA REGIA DAYPACK,35.0,0.0,0.0,0,
51,Abarrotes,740100422347,MOSTAZA REGIA BOLSA 200 GR,35.0,0.0,0.0,0,
51,Abarrotes,7401005403354,Crema Perfect Bogy 240 ml,70.0,0.0,0.0,0,
51,Abarrotes,7401005403873,Acetona Darosa 100 ml,45.0,14.0,14.0,14.0,
51,Abarrotes,7401005406195,MAQUILLAJE DAROSA 35 GR,75.0,0.0,0.0,0,
51,Abarrotes,7401005406911,SPRAY FIJADOR DAROSA 150 ML,90.0,0.0,0.0,0,
51,Abarrotes,7401005413193,CREMA PERFECT BODY MARLEN LAMUR 480ML,110.0,3.0,3.0,3.0,
51,Abarrotes,7401005485527,SPRAY FIJADOR DAROSA 2 EN 1,125.0,0.0,0.0,0,
51,Abarrotes,7401006102225,Jabon Espumil 500 gr,30.0,0.0,0.0,0,
51,Abarrotes,7401006104847,Jabon Lava Platos Klinpiax 425 gr,23.0,0.0,0.0,0,
51,Abarrotes,74010061060205,JABON RINSO MONEDDA 90 GR,6.0,631.5,1099.5,1099.5,
51,Abarrotes,7401006500113,VINO PRESIDENTE 750 ML,220.0,1.0,1.0,1.0,
51,Abarrotes,7401006500311,Vino La Madrileña 710 ml,240.0,0.0,0.0,0,
51,Abarrotes,7401006500328,VINO CASTELLANA,230.0,2.0,2.0,2.0,
51,Abarrotes,740100650055,VINO PRESIDENTE 355ML,130.0,5.0,5.0,5.0,
51,Abarrotes,7401007600393,Goma escolar,15.0,0.0,0.0,0,
51,Abarrotes,7401023510041,Levadura Instantanea Bakers 500 g,8.0,0.0,0.0,0,
51,Abarrotes,7401058002313,COJINES COLORS,185.0,0.0,0.0,0,
51,Abarrotes,740113202559,SHAMPO KAYSO 1000 ML,135.0,0.0,0.0,0,
51,Abarrotes,7401137100008,Mayonesa Ana Belly 113 g,33.0,0.0,0.0,0,
52,Abarrotes,7401137100176,MAYONESA 200 GR ANA BELLY,45.0,13.0,11.0,11.0,
52,Abarrotes,7401137103153,MOSTAZA ANA BELLY,30.0,2.0,2.0,2.0,
52,Abarrotes,7401137106215,PEPINESA ANA BELLY 215 GR,40.0,7.0,7.0,7.0,
52,Abarrotes,7401137202252,Shampoo Cola de Caballo TROPIC 1000 Ml,220.0,2.0,2.0,2.0,
52,Abarrotes,7401137204669,SHAMPO SALOE 750 ML,130.0,0.0,0.0,0,
52,Abarrotes,7401137205734,Shampoo kontrol 1000ml,150.0,0.0,0.0,0,
52,Abarrotes,7401137205765,Shampoo Cola de caballo,150.0,0.0,0.0,0,
52,Abarrotes,7401158100216,SOBRE BLANCO NASSA,2.0,179.0,179.0,179.0,
52,Abarrotes,7401182500013,Pastillas de cuajo Luna,4.3,0.5,0.5,0.5,
52,Abarrotes,7401512548319,TALCO FOOT POWDER NEXO,85.0,0.0,0.0,0,
52,Abarrotes,7404001800196,MARUCHAN LAKY SOBRE,330.0,0.0,0.0,0,
52,Abarrotes,7404001800233,MARUCHAN LAKY VASO,330.0,0.0,0.0,0,
52,Abarrotes,7404004200696,PAPEL HIGIENICO LUCAS 1X4,90.0,0.0,0.0,0,
52,Abarrotes,7404004204885,Toalla Max pappel,60.0,0.0,0.0,0,
52,Abarrotes,7404004205004,TOALLA HUMEDA LUCCA,65.0,2.0,2.0,2.0,
52,Abarrotes,7404004830060,PASTA ALTENSE NEUTRAL 96ML,65.0,0.0,0.0,0,
52,Abarrotes,7404004830091,PASTA ALTENSE DE 48 ML,48.0,0.0,0.0,0,
52,Abarrotes,7404004830114,PASTA NEGRA ALTENSE 22 ML,33.0,0.0,0.0,0,
52,Abarrotes,7404004830121,Pasta altense café 22 ml,35.0,0.0,0.0,0,
52,Abarrotes,7406007005216,Avena molida Gran Dia 300 G,28.0,3.0,3.0,3.0,
52,Abarrotes,7406007005513,AVENA MOSH GRAN DIA 300 GR,26.0,3.0,3.0,3.0,
52,Abarrotes,7406007080206,Frosted Flakes Hojuelas de Maiz azucaradas 280 g,43.0,0.0,0.0,0,
52,Abarrotes,7406007080213,Corn Flakes Hojuelas de Maiz 180 g,45.0,9.0,8.0,8.0,
52,Abarrotes,7406007080343,Cocoa Flakes de Sabor Hoj. Maiz chocolatadas 280 g,43.0,0.0,0.0,0,
53,Abarrotes,7406007080718,Corn Flakes Hojuelas de Maiz 620 g,120.0,0.0,0.0,0,
53,Abarrotes,7406007080732,CORN FLAKES GRAN DIA 670 GR,128.0,23.0,22.0,22.0,
53,Abarrotes,7406007080787,AVENA MOSH GRAN DIA 280 GR,17.0,0.0,0.0,0,
53,Abarrotes,7406007080794,AVENA MOLIDA GRAN DIA 280 GR,27.0,0.0,0.0,0,
53,Abarrotes,7406007081005,CORN FLAKES FROSTED 510 GR,95.0,0.0,0.0,0,
53,Abarrotes,7406007082873,CORN FLAKES GRAN DIA 24 GR,5.0,53.0,53.0,53.0,
53,Abarrotes,7406007091189,BOLITAS DE QUESO,200.0,0.0,0.0,0,
53,Abarrotes,7406120111931,Canasta Para ropa Mega,350.0,0.0,0.0,0,
53,Abarrotes,7406171006774,JABON ZAGAS 800 GRAMOS,68.0,3.0,3.0,3.0,
53,Abarrotes,7406171010009,Jabon Zagas 115 gr Moneda,5.42,5.0,5.0,5.0,
53,Abarrotes,7406171010733,ULTRAKLIM 5 KG,250.0,0.0,0.0,0,
53,Abarrotes,7406171017558,JABON LAVATRASTE ZAGAS 235 GR,22.0,5.0,5.0,5.0,
53,Abarrotes,7406171018111,Jabon Zagas 270 gr TRIPACK,12.0,0.0,0.0,0,
53,Abarrotes,7406171022392,ALCOHOL GEL OLIMPO,85.0,0.0,0.0,0,
53,Abarrotes,7406171030182,ESPUMIL 100 GR,6.0,0.0,0.0,0,
53,Abarrotes,7406171032728,CREMA PERFUMADA AQUARIUS,120.0,0.0,0.0,0,
53,Abarrotes,7406171033459,DETERGENTE LIQUIDO FAB 1000 ML,65.0,0.0,0.0,0,
53,Abarrotes,7406171033572,CREMA AQUARIUS CORPORAL 350 ML,140.0,0.0,0.0,0,
53,Abarrotes,7406171034623,DETERGENTE LARIANSA,27.0,0.0,0.0,0,
53,Abarrotes,7406233000092,Toalla humeda para bebé POM POM 80 UND,65.0,0.0,0.0,0,
53,Abarrotes,7406233000108,TOALLA HUMEDAS FRAMELITA,75.0,0.0,0.0,0,
53,Abarrotes,740623300092,TOALLA HUMEDA POM POM PEQ,55.0,0.0,0.0,0,
53,Abarrotes,7406233123340,TOALLA HUMEDA POM POM 40 UND,40.0,0.0,0.0,0,
53,Abarrotes,7406233300000,TOALLAS HUMEDAS POM POM,70.0,3.0,3.0,3.0,
54,Abarrotes,7406233300864,Pom pom plus 15 und,25.0,0.0,0.0,0,
54,Abarrotes,7406233562323,TOALLA FAMILY CHOICE 15 UND,25.0,0.0,0.0,0,
54,Abarrotes,7406233987621,Pamper Family Choice,300.0,0.0,0.0,0,
54,Abarrotes,7406233988819,TOALLAS HUMEDAS ALOE VERA Y VIT,65.0,0.0,0.0,0,
54,Abarrotes,7406234001289,Caramelo Menta colombina,80.0,0.0,0.0,0,
54,Abarrotes,7406234001319,CARAMELOS RELLENOS,65.0,0.0,0.0,0,
54,Abarrotes,7406234002446,PALETA TIPITIN,50.0,25.0,25.0,25.0,
54,Abarrotes,7406234004174,CARAMELO COFFE DELIGHT,63.0,0.0,0.0,0,
54,Abarrotes,7406234007441,Malvavisco MILLOWS CREAM 250G,80.0,35.0,35.0,35.0,
54,Abarrotes,7406234062804,GOMA MILLOLUS 290 GR,55.0,0.0,0.0,0,
54,Abarrotes,7406255002265,PAPEL ALUMINIO LINK 16.5 PIES,35.0,0.0,0.0,0,
54,Abarrotes,7406305003648,TALCO PARA DAMA MARLEN LAMUR,0.0,1.0,1.0,1.0,
54,Abarrotes,7406305013418,Crema corporal Marlen Lamur 240ml,75.0,3.0,3.0,3.0,
54,Abarrotes,7410010319253,ESCOBA MR.MOP JUMBO,120.0,0.0,0.0,0,
54,Abarrotes,7410010559055,Servilletas Floral 100 und,20.0,0.0,0.0,0,
54,Abarrotes,7410010559130,SERVILLETA DISPENSADOR,15.0,0.0,0.0,0,
54,Abarrotes,7410010684160,Toalla de cocina lo nuestro,50.0,5.0,5.0,5.0,
54,Abarrotes,7410031392778,SARDINA CALVO EN SALSA TOMATE 155 GR,23.0,0.0,0.0,0,
54,Abarrotes,7410031393195,Atun Mar de plata en aceite,55.0,0.0,0.0,0,
54,Abarrotes,7410031393201,Atun en agua mar de plata,55.0,0.0,0.0,0,
54,Abarrotes,7410031397162,SARDINA GOMES DA COSTA 155 GR,37.0,0.0,0.0,0,
54,Abarrotes,7410031720527,ACEITE BABY KB,65.0,0.0,0.0,0,
54,Abarrotes,7410031720533,TALCO KB COLLETION 600 GR,85.0,0.0,0.0,0,
54,Abarrotes,7410033060293,Harina de maiz Espiga 410 g,19.0,0.0,0.0,0,
55,Abarrotes,7411000200049,Mayonesa Mccormick 110 g,50.0,4.0,4.0,4.0,
55,Abarrotes,7411000200254,MAYONESA 200 GR,55.0,0.0,0.0,0,
55,Abarrotes,7411000200322,Mayonesa Mccormick 900 g,220.0,1.0,1.0,1.0,
55,Abarrotes,7411000201060,PEPINESA 200 GR,60.0,5.0,5.0,5.0,
55,Abarrotes,7411000201084,pepinesa Mccormick 195 g,115.0,3.0,3.0,3.0,
55,Abarrotes,7411000201169,pepinesa Mccormick 410 g,195.0,2.0,2.0,2.0,
55,Abarrotes,7411000201329,Pepinesa Mccormick 840 g,320.0,2.0,2.0,2.0,
55,Abarrotes,7411000204191,Pepinesa MCcormick 180 g,70.0,0.0,0.0,0,
55,Abarrotes,7411000204740,Mayonesa McCormick 180 gr,65.0,0.0,0.0,0,
55,Abarrotes,7411000210048,Mostaza Mccormick 110 g,55.0,9.0,9.0,9.0,
55,Abarrotes,7411000210123,MOSTAZA MCCORMICK 200 GR,40.0,0.0,0.0,0,
55,Abarrotes,7411000210161,Mostaza Mccormick 430 g,130.0,3.0,3.0,3.0,
55,Abarrotes,7411000210321,Mostaza Mccormick 980 g,165.0,6.0,6.0,6.0,
55,Abarrotes,7411000216019,Ablandador de Carne con Sazon Mccormick 6.5 g,4.17,0.0,0.0,0,
55,Abarrotes,7411000216040,Ajo Molido Mc Corninck 4gr,5.0,0.0,0.0,0,
55,Abarrotes,7411000216279,Comino Molido Mccormick 3 g,4.17,0.0,0.0,0,
55,Abarrotes,7411000216286,CONDIMENTO MIXTO,5.67,0.0,0.0,0,
55,Abarrotes,7411000216569,Pimienta Negra Molida Mccormick 2.5 g,4.58,0.0,0.0,0,
55,Abarrotes,7411000216675,SAZONADOR COMPLETO,5.42,162.0,162.0,162.0,
55,Abarrotes,7411000320563,SALSA INGLESA LIZANO 1000 ML,215.0,4.0,4.0,4.0,
55,Abarrotes,7411000327678,DETERGENTE XEDEX 250 GR,20.0,0.0,0.0,0,
55,Abarrotes,7411000329702,SALSA DE TOMATE NATURAS 385GRM,50.0,0.0,0.0,0,
55,Abarrotes,7411000342466,Maizena Simple,11.25,132.0,132.0,132.0,
55,Abarrotes,7411000342480,MAIZENA SIMPLE 185 GRM,60.0,4.0,4.0,4.0,
56,Abarrotes,7411000342497,MAIZENA SIMPLE 375GRM,95.0,5.0,5.0,5.0,
56,Abarrotes,7411000343548,Salsa de Tomate Naturas ketchup Jumbito 113 g,15.83,397.0,385.0,385.0,
56,Abarrotes,7411000343814,Maizena de sabores,18.75,27.0,26.0,26.0,
56,Abarrotes,7411000345078,FRIJOLES ROJOS VOLTEADOS,85.0,0.0,0.0,0,
56,Abarrotes,7411000363102,Desodorante REXONA clinical mujer 8g,9.5,17.0,17.0,17.0,
56,Abarrotes,7411000363164,Desodorante REXONA clinical MEN 8g,9.5,52.0,52.0,52.0,
56,Abarrotes,7411000364987,DETERGENTE XEDEX 500G,35.0,68.0,68.0,68.0,
56,Abarrotes,7411000382851,DETERGENTE XEDEX 5 K,350.0,0.0,0.0,0,
56,Abarrotes,7411000386736,DETERGENTE XEDEX 1.5 KG,150.0,0.0,0.0,0,
56,Abarrotes,7411002597536,Chantilly Vainilla 400 gr,175.0,9.0,9.0,9.0,
56,Abarrotes,7411204803817,Jugos California 400 ml,30.42,2.0,2.0,2.0,
56,Abarrotes,7411400801136,MASECA DELIMASA 454 GR,19.5,0.0,0.0,0,
56,Abarrotes,7411400802287,Spaguetti El Dorado 200 gr,15.0,1.0,1.0,1.0,
56,Abarrotes,7411400804830,MASECA HARIMASA 820 GR,39.0,0.0,0.0,0,
56,Abarrotes,7411511010069,COCINA ECOCINA ELECTRICA,550.0,0.0,0.0,0,
56,Abarrotes,7411511010076,COCINA ECOCINA,600.0,0.0,0.0,0,
56,Abarrotes,7411511510040,BUJIA TRES B 45 WATTS GRANDE,90.0,0.0,0.0,0,
56,Abarrotes,7411511510064,BUJIAS TRES B 11 WATTS,60.0,0.0,0.0,0,
56,Abarrotes,7411511510071,BUJIAS TRES B 15 WATTS,85.0,0.0,0.0,0,
56,Abarrotes,7411511510088,BUJIAS TRES B 18 WATTS,75.0,0.0,0.0,0,
56,Abarrotes,7411511510132,BUJIAS TRES B 20 WATTS,85.0,0.0,0.0,0,
56,Abarrotes,7411511510156,BOMBILLO 3B 27 WTT,65.0,0.0,0.0,0,
56,Abarrotes,7411511710051,Bujilla iml 20 WATTS,95.0,0.0,0.0,0,
56,Abarrotes,7411511710075,BUJIA IML 25 WATTS,115.0,1.0,1.0,1.0,
57,Abarrotes,7411512210109,FOCO IML,125.0,1.0,1.0,1.0,
57,Abarrotes,7411512210123,FOCO RECARGABLE 11 W,185.0,1.0,1.0,1.0,
57,Abarrotes,7411512210208,LINTERNA iml 7LED,160.0,0.0,0.0,0,
57,Abarrotes,7411512410349,BOMBILLO IML 15 WTS,85.0,0.0,0.0,0,
57,Abarrotes,7411512410691,Bombillo iml LED 18 WATTS,100.0,0.0,0.0,0,
57,Abarrotes,7411512510117,BOMBILLO LED OROBAR 7W,130.0,0.0,0.0,0,
57,Abarrotes,7411512510452,Bombillo orobar 9w,140.0,1.0,1.0,1.0,
57,Abarrotes,7411512510490,BOMBILLO OROBAR 12 W,170.0,0.0,0.0,0,
57,Abarrotes,7411512610015,BOMBILLO FOX 20 WATT,0.0,0.0,0.0,0,
57,Abarrotes,7411512610053,BOMBILLO TRESB 7 WTS,45.0,0.0,0.0,0,
57,Abarrotes,7411512610510,BOMBILLO TRES B 50 WATT,165.0,2.0,2.0,2.0,
57,Abarrotes,7411512610596,BOMBILLO OROBAR 28 W,270.0,3.0,3.0,3.0,
57,Abarrotes,7411512610879,Bombillo TRES B 30 W,0.0,0.0,0.0,0,
57,Abarrotes,7411512610954,BOMBILLO OROBAR 20 W,80.0,0.0,0.0,0,
57,Abarrotes,7411512610961,Bombillo OROBAR 30 W,120.0,0.0,0.0,0,
57,Abarrotes,741151610572,BOMBILLO IML,210.0,0.0,0.0,0,
57,Abarrotes,7412200701008,BOMBOM MENTA CHICLIN,42.0,6.0,6.0,6.0,
57,Abarrotes,7412200703415,CARAMELO CHICLIN 30 UND,0.83,22.0,22.0,22.0,
57,Abarrotes,741220070357,"CARAMELO PREMIUM 1,5 KG",240.0,0.0,0.0,0,
57,Abarrotes,7412200703941,PALETA MELIS LOVE,35.0,0.0,0.0,0,
57,Abarrotes,7414902407868,SHAMPO BABY ENCHANTE 991 ML,110.0,0.0,0.0,0,
57,Abarrotes,7414902409633,CREMA REACTIVE,85.0,0.0,0.0,0,
57,Abarrotes,7414902411070,Crema humectante ENCHANTE 295 ml,95.0,0.0,0.0,0,
57,Abarrotes,7414902463376,SHAMPO BABY SATINNE 790 ML,85.0,0.0,0.0,0,
58,Abarrotes,7414902463406,SHAMPO SATINNE 222 ML,45.0,0.0,0.0,0,
58,Abarrotes,7415603401124,SERVILLETA MINI GIGANTE,20.0,0.0,0.0,0,
58,Abarrotes,7415603401148,Palillos gigante 250 und,30.0,0.0,0.0,0,
58,Abarrotes,7415603401155,Palillos gigante de 500 und,60.0,0.0,0.0,0,
58,Abarrotes,7415603401421,PAPEL HIGIENICO GIGANTE 1X4,95.0,9.0,9.0,9.0,
58,Abarrotes,7415605700041,PLATO #9 FOAMPI,28.0,21.0,21.0,21.0,
58,Abarrotes,741650020032,CUADERNO EL CONQUISTADOR,63.0,0.0,0.0,0,
58,Abarrotes,7416500200841,CUADERNO CONQUISTADOR ECONOMICO,23.0,0.0,0.0,0,
58,Abarrotes,7416500201497,LIBRETA DE PAPEL BOND LISA,42.0,0.0,0.0,0,
58,Abarrotes,7416500271643,CUADERNO CONQUISTADOR COCIDO,50.0,1.0,1.0,1.0,
58,Abarrotes,741680001301,OLLA CON OREJA ALINTER #28,300.01,0.0,0.0,0,
58,Abarrotes,741680001331,OLLA ALINTER #32,750.0,0.0,0.0,0,
58,Abarrotes,7417000530353,Candado imacasa 30 mm,145.0,0.0,0.0,0,
58,Abarrotes,7417000530377,Candado imacasa 50 mm,290.0,0.0,0.0,0,
58,Abarrotes,7417000543988,Foco recargable IMACASA,220.0,0.0,0.0,0,
58,Abarrotes,7420000900309,Dolofin Antigripal,4.9,0.0,0.0,0,
58,Abarrotes,74201006,Cigarro Pall Mall Paquete,4.25,0.0,0.0,0,
58,Abarrotes,7421000102991,Fosforo Papagayo,1.6,2142.0,2142.0,2142.0,
58,Abarrotes,7421000107019,Fosforo Momotombo,1.6,502.0,502.0,502.0,
58,Abarrotes,7421000111153,PALILLOS PARA CHOCOBANANO CASTOR,35.0,50.0,50.0,50.0,
58,Abarrotes,7421001653256,GALLETA RIKITIKI,28.0,0.0,0.0,0,
58,Abarrotes,7421001653348,MARUCHAN MIZZOPITA,200.0,0.0,0.0,0,
58,Abarrotes,7421001654581,MARUCHAN LA MARUKA,210.0,27.0,24.0,24.0,
58,Abarrotes,7421002005986,CREMA NUTRINE 120 GR,55.0,2.0,2.0,2.0,
59,Abarrotes,7421002006204,CREMA NUTRINE 227 GR,75.0,0.0,0.0,0,
59,Abarrotes,7421002039073,GELATINA NUTRINE 250 ML,55.0,0.0,0.0,0,
59,Abarrotes,7422230100900,CARAMELO CHICLETON 500 GR,52.0,0.0,0.0,0,
59,Abarrotes,7422230101037,CARAMELO CHICLETON,70.0,14.0,14.0,14.0,
59,Abarrotes,7422230101044,CARAMELO MENTA CHOCOLATE,70.0,28.0,28.0,28.0,
59,Abarrotes,7422230101051,CARAMELO MIEL VENUS,70.0,3.0,3.0,3.0,
59,Abarrotes,7422230101410,CARAMELO EUCALIPTO VENUS,70.0,0.0,0.0,0,
59,Abarrotes,7422230102102,Confite Fiesta 240 und,100.0,0.0,0.0,0,
59,Abarrotes,7422230104250,PALETA PINTA BOCA VENUS,40.0,14.0,13.0,13.0,
59,Abarrotes,7422230106001,Bombon Big Dolche Twist XXL,2.92,46.0,46.0,46.0,
59,Abarrotes,7423400007289,Maseca Extra Suave 410 gr Agri-Corp,23.0,15.0,15.0,15.0,
59,Abarrotes,7423400007685,MASECA FRITURAS 410 GR,15.0,0.0,0.0,0,
59,Abarrotes,7423400030003,MASECA (AGRICORP) 410 GRM,22.5,0.0,0.0,0,
59,Abarrotes,7425010201224,BOLSA DE BASURA HERCULES,150.0,0.0,0.0,0,
59,Abarrotes,7425231000019,Aceite 3 en 1 (1onz ),30.0,0.0,0.0,0,
59,Abarrotes,742523100019,ACEITE 3 EN 1 LUBRI MASTER PEQUEÑO,30.0,9.0,9.0,9.0,
59,Abarrotes,7426500805298,CUADERNO DE RESORTE BOOK,40.0,1.0,1.0,1.0,
59,Abarrotes,7428732000274,PLATO FOMPAC #7,25.0,35.0,35.0,35.0,
59,Abarrotes,7428732000304,PLATOS FOMPAC #8,30.0,35.0,35.0,35.0,
59,Abarrotes,7431001111038,TALCO FLY-DOR,50.0,0.0,0.0,0,
59,Abarrotes,7431001111106,TALCO FUNGIL 120 GR,95.0,18.0,18.0,18.0,
59,Abarrotes,7431001500207,Vinagre Tinto Especial 3785 Ml Galon,105.0,0.0,0.0,0,
59,Abarrotes,7431001500528,Vainilla Rey 350 Ml,16.0,0.0,0.0,0,
59,Abarrotes,7431001800116,AGUA FUENTE PURA 600 ML,17.5,0.0,0.0,0,
60,Abarrotes,7431001804282,Agua fuente pura galón,50.0,15.0,15.0,15.0,
60,Abarrotes,7431001830533,Agua fuente pura 1.5 lt,25.0,0.0,0.0,0,
60,Abarrotes,7431002100079,CHAO MEIN 170gr,30.0,0.0,0.0,0,
60,Abarrotes,7431002100154,CHAO MEN 125 gr,35.0,0.0,0.0,0,
60,Abarrotes,7431002642547,SARDINA GAVIOTA 160 GR,27.0,0.0,0.0,0,
60,Abarrotes,7431002801686,Gel fijador TERMI NATOR,90.0,302.0,302.0,302.0,
60,Abarrotes,7431002806261,AZISTIN LIMPIA SOL,145.0,0.0,0.0,0,
60,Abarrotes,7431002807053,Jabon liquido Doral 500 ml,65.0,10.0,10.0,10.0,
60,Abarrotes,743100283529,SHAMPO ESTILO 2 EN 1,65.0,0.0,0.0,0,
60,Abarrotes,7431004109292,Jabón lava traste Marfil 850 g,65.0,5.0,4.0,4.0,
60,Abarrotes,7431004117051,Desinfextante Multi usos Marfil 900 ML,70.0,10.0,10.0,10.0,
60,Abarrotes,7431004170377,JABON SOLENTI,18.0,0.0,0.0,0,
60,Abarrotes,7431008800010,AZUCAR MONTE ROSA 2 KG,75.0,3.0,3.0,3.0,
60,Abarrotes,7431008800034,AZUCAR MONTE ROSA 1 LB,14.0,17.0,316.0,316.0,
60,Abarrotes,7432000061578,TOALLAS FIORE,20.0,0.0,0.0,0,
60,Abarrotes,7432000613417,Jalea de Guayaba D'Lago 250 g,60.0,15.0,15.0,15.0,
60,Abarrotes,7432000613424,Jalea de Guayaba D'Lago 90 g,33.0,6.0,6.0,6.0,
60,Abarrotes,7432000617354,PEPINESA 400 GR PROMOCION,100.0,0.0,0.0,0,
60,Abarrotes,7432001613201,CARNE DE RES CARNIC,40.0,0.0,0.0,0,
60,Abarrotes,7432001650589,JABON DON TORO MAX 425 GR,33.33,0.5,0.5,0.5,
60,Abarrotes,7432001650596,Jabon don Toro Max 385 g,33.33,60.0,60.0,60.0,
60,Abarrotes,7432001650633,Jabón FRESCOR 240 gr,160.0,2.0,2.0,2.0,
60,Abarrotes,7432002000543,JABON REAL 300 GR,19.44,0.0,0.0,0,
60,Abarrotes,743200200086,ACEITE DON JUAN 3785 ML,360.0,0.0,0.0,0,
61,Abarrotes,7432002300339,JUGO DFRUTA 355 ML,260.0,4.5,4.5,4.5,
61,Abarrotes,7432002300889,Agua fuente pura 1 ltr,24.17,11.0,11.0,11.0,
61,Abarrotes,7432002302166,CARAMELO YUPI,70.0,0.0,0.0,0,
61,Abarrotes,7432002302609,GASEOSA PRIX COLA 355 ML,10.0,7.0,7.0,7.0,
61,Abarrotes,7432002302753,GASEOSA PRIXCOLA 2 LT,190.0,18.5,18.5,18.5,
61,Abarrotes,7432002303200,CAFE MI CAFE,5.0,0.0,0.0,0,
61,Abarrotes,7432003405248,CUADERNO SMARTY PAUTADO,50.0,0.0,0.0,0,
61,Abarrotes,7432003405804,Cuaderno smarty pequeño (resorte),40.0,3.0,2.0,2.0,
61,Abarrotes,7432003407624,Silicon liquido Smarty 470 ml,220.0,0.0,0.0,0,
61,Abarrotes,7433000001037,Palitos Chop Suey El chinito 114 g,28.0,0.0,0.0,0,
61,Abarrotes,7433100033754,SHAMPO NATURAL PUNK OFERTA,135.0,3.0,3.0,3.0,
61,Abarrotes,7433100050034,CARAMELO RIKI TIKI 3 LB,120.0,0.0,0.0,0,
61,Abarrotes,7433200142462,CUADERNO TIGU,25.0,0.0,0.0,0,
61,Abarrotes,7433200142479,Cuaderno Loro,40.0,1.0,1.0,1.0,
61,Abarrotes,7433200251003,Cali sal 454 g,5.6,0.0,0.0,0,
61,Abarrotes,7433200303047,ACHIOTE MAMA GOLLITA 226 G,75.0,0.0,0.0,0,
61,Abarrotes,7433200303061,ACHIOTE MAMA GOLLITA GRANDE,78.0,0.0,0.0,0,
61,Abarrotes,7433200303139,Vainilla mamá gollita 365 ml,0.0,0.0,0.0,0,
61,Abarrotes,7433200487006,Café Pureza 28 g,12.25,22.0,22.0,22.0,
61,Abarrotes,7434000051152,Arroz Faisan 96% 2kg,120.0,37.0,37.0,37.0,
61,Abarrotes,7434000051275,Arroz Faisan 96% 10 Libras,245.0,39.0,39.0,39.0,
61,Abarrotes,7434000052210,Sal Finamar,4.8,638.5,638.5,638.5,
61,Abarrotes,7434000059134,ARROZ FAIZAN 1 LB 454 GR,24.4,506.0,478.0,478.0,
61,Abarrotes,7434000059141,ARROZ DOÑA MARIA 80/20 1 LB,18.0,3.0,3.0,3.0,
62,Abarrotes,7434000059608,ARROZ DOÑA MARIA 70/30 ARROBA,365.0,0.0,0.0,0,
62,Abarrotes,7434000202547,Harina de trigo Duradera Arroba,335.0,25.0,22.0,22.0,
62,Abarrotes,7434000230069,Pinolillo Carolina 400 g,28.0,0.0,0.0,0,
62,Abarrotes,7434000460473,Pan Aurami sandwich Jumbo,75.0,1.0,1.0,1.0,
62,Abarrotes,7434000812029,PINOLILLO VERITO 400GRM,35.0,0.0,0.0,0,
62,Abarrotes,7434001080021,Salsa de Tomate Doña Tina 950 Ml/907 ML,58.0,99.0,98.0,98.0,
62,Abarrotes,74340010800445,Salsa de Tomate Ketchup Doña Tina 1 Galon,200.0,27.0,26.0,26.0,
62,Abarrotes,7434001080403,Vainilla Doña Tina 12 Onz,24.0,98.0,98.0,98.0,
62,Abarrotes,7434001080465,Frambuesa Preparada Doña Tina 12 Onz/ 365,23.0,5.0,4.0,4.0,
62,Abarrotes,7434001080519,Vinagre Blanco Doña Tina 365 Ml,20.0,73.0,73.0,73.0,
62,Abarrotes,7434001080557,Vinagre Blanco Doña Tina 3785 Galon,120.0,51.0,50.0,50.0,
62,Abarrotes,7434001080564,Vinagre Tinto Doña Tina 365 Ml,20.0,58.0,58.0,58.0,
62,Abarrotes,7434001080588,VINAGRE TINTO DOÑA TINA 1 LT,40.0,0.0,0.0,0,
62,Abarrotes,7434001080601,Vinagre Tinto Doña Tina 3786 Ml Galon,115.0,2.0,2.0,2.0,
62,Abarrotes,7434001080656,Vinagre de Frutas Doña Tina 1 Galon,78.0,0.0,0.0,0,
62,Abarrotes,743400108110,ACHIOTE SABOR DE MI PUEBLO 4 ONZA,35.0,0.0,0.0,0,
62,Abarrotes,7434001081493,Salsa de soya 12 onz,100.0,0.0,0.0,0,
62,Abarrotes,7434001085392,CREOLINA,55.0,3.0,3.0,3.0,
62,Abarrotes,7434001120451,ARROZ CABALLO NEGRO @RROBA,590.0,6.0,16.0,16.0,
62,Abarrotes,7434001120482,Arroz caballo negro 1LBR 400 gr,22.0,31.0,171.0,171.0,
62,Abarrotes,7434001140992,POMADA RAFID,120.0,0.0,0.0,0,
62,Abarrotes,7434001182510,POMADA DIVINA 7 GR,22.0,0.0,0.0,0,
62,Abarrotes,7434001210015,LECHE ENTERA CENTROLAC,28.0,5.0,5.0,5.0,
62,Abarrotes,7434001510009,PRIMA HARINA 454 GR,14.4,1.0,1.0,1.0,
63,Abarrotes,7434002241049,SHAMPO SUELDA CON SUELDA,65.0,0.0,0.0,0,
63,Abarrotes,7434003050008,PAPEL HIGIENICO PAPIEL ECO PLUS 1X4,90.0,1.0,1.0,1.0,
63,Abarrotes,7434003050183,PAPEL HIGIENICO VUENO 1x24/ 1000H,20.42,804.0,804.0,804.0,
63,Abarrotes,7434003050213,Pepel higienico Vueno 1x4,90.0,0.0,0.0,0,
63,Abarrotes,7434003050343,PAPEL HIGIENICO PAPIEL-ITO 1X4,20.0,0.0,0.0,0,
63,Abarrotes,7434003610974,CRAYOLAS SMARTY,14.0,0.0,0.0,0,
63,Abarrotes,7434003611490,Silicon liquido Smarty 30 ml,25.0,0.0,0.0,0,
63,Abarrotes,7434003611551,COLORES SMARTY 12 COLORES,25.0,2.0,2.0,2.0,
63,Abarrotes,7434003611599,LAPIZ GRAFITO SMARTY,5.0,0.0,0.0,0,
63,Abarrotes,7434003611711,PEGAMENTO BLANCO 40 GR,15.0,0.0,0.0,0,
63,Abarrotes,7434003611735,PISTOLA PARA SILICON,200.0,1.0,1.0,1.0,
63,Abarrotes,7434003615320,CUADERNO SMARTY GRANDE RESORTE,38.0,0.0,0.0,0,
63,Abarrotes,7434003617768,CUADERNO SMARTY 5 MATERIA GRANDE,165.0,0.0,0.0,0,
63,Abarrotes,7434003618000,CUADERNO SMARTY RESORTE GRANDE,40.0,0.0,0.0,0,
63,Abarrotes,7434003618796,Estuche Smarty,45.0,1.0,1.0,1.0,
63,Abarrotes,74340036194731,CUADERNO COCIDO SMARTY PEQUEÑO,40.0,0.0,0.0,0,
63,Abarrotes,7434003619489,CUADERNO COCIDO SMARTY MEDIANO,40.0,0.0,0.0,0,
63,Abarrotes,7434003619496,CUADERNO COCIDO SMARTY GRANDE,85.0,0.0,0.0,0,
63,Abarrotes,7434003619809,Libreta Smarty,40.0,0.0,0.0,0,
63,Abarrotes,7434003619908,CUADERNO SMARTY,35.0,0.0,0.0,0,
63,Abarrotes,7434004110657,SALSA BARBACOA 400 GR MAMA GOLLITA,110.0,0.0,0.0,0,
63,Abarrotes,7434004570444,Pasta de ajo BRIOMOL 180g,70.0,0.0,0.0,0,
63,Abarrotes,7434004570451,Pasta de ajo BRIOMOL 90g,45.0,1.0,1.0,1.0,
63,Abarrotes,7435452039569,CUADERNO SUPERIOR COCIDO,50.0,2.0,2.0,2.0,
64,Abarrotes,7435452039606,CUADERNO SUPERIOR,35.0,8.0,8.0,8.0,
64,Abarrotes,7435452039798,Cuaderno SUPERIOR resorte,150.0,0.0,0.0,0,
64,Abarrotes,7435452040442,CUADERNO 5 MAT SUPERIOR,170.0,0.0,0.0,0,
64,Abarrotes,7435452040459,Cuadernos SUPERIOR resorte,30.0,0.0,0.0,0,
64,Abarrotes,7441000708887,MASECA 454 GR,250.0,0.0,0.0,0,
64,Abarrotes,7441001603723,LECHE DOS PINO LULA CRECE 2.2 KG,565.0,0.0,0.0,0,
64,Abarrotes,7441001603853,Leche Dos pinos Lula crei+c 800 g,225.0,0.0,0.0,0,
64,Abarrotes,7441001611872,Leche Dos pinos Pinito 1.5 kg,650.0,1.0,12.0,12.0,
64,Abarrotes,7441001611896,Leche Dos pinos Pinito 120 g,38.0,0.0,0.0,0,
64,Abarrotes,7441001611933,Leche Dos pinos Pinito 350 g,166.0,0.0,12.0,12.0,
64,Abarrotes,7441001612381,LECHE DOS PINOS LULA CRECE 1+ 1.5 KG,395.0,0.0,0.0,0,
64,Abarrotes,7441001612398,LECHE DOS PINOS CRECE 1+ 350 G,95.0,0.0,0.0,0,
64,Abarrotes,7441001620218,Caramelo Gallito 420g,120.0,4.0,4.0,4.0,
64,Abarrotes,7441001620225,CARAMELO GALLITO 210 GR,55.0,43.0,43.0,43.0,
64,Abarrotes,7441001620287,CHOCOLATE GALLITO,40.0,0.0,0.0,0,
64,Abarrotes,7441001700040,Jugo hi-C 250 ml,18.54,28.0,28.0,28.0,
64,Abarrotes,7441001781223,Jugo hi-C té limón 330 ml,22.79,0.0,0.0,0,
64,Abarrotes,7441002601155,SARDINA SARDIMAR 415 GR,108.0,1.0,1.0,1.0,
64,Abarrotes,7441003500150,Coca cola 3 lts,71.67,26.0,44.0,44.0,
64,Abarrotes,7441003500815,Coca cola 2 lts,56.25,31.0,63.0,63.0,
64,Abarrotes,7441003500957,GASEOSA COCA COLA 2.5 LITRO,51.25,0.0,0.0,0,
64,Abarrotes,7441003584488,POWER ADE 600 GR,28.58,35.0,35.0,35.0,
64,Abarrotes,7441003596092,Jugo del valle,19.58,18.0,18.0,18.0,
64,Abarrotes,7441003596122,Coca cola 355 ml,15.21,55.0,55.0,55.0,
65,Abarrotes,7441005013313,Bateria Panasonic AA,45.0,1.0,1.0,1.0,
65,Abarrotes,7441005617801,PASTILLA DESINFECTANTE TRONEX 60 GR,15.0,0.0,0.0,0,
65,Abarrotes,7441005711783,Mani con chile 18 gr,5.42,0.0,0.0,0,
65,Abarrotes,7441005711813,Mani con limón 18 gr,5.42,12.0,12.0,12.0,
65,Abarrotes,7441006823218,VASO PLASTICO #8 LINK,15.0,0.0,0.0,0,
65,Abarrotes,7441006823348,Platos link #7,17.0,0.0,0.0,0,
65,Abarrotes,744100712143,TORTIMASA,12.5,0.0,0.0,0,
65,Abarrotes,7441008142485,TOALLA KOTEX MANZANILLA,40.0,5.0,5.0,5.0,
65,Abarrotes,7441008154198,TOALLA KOTEX NOCTURNO,60.0,8.0,8.0,8.0,
65,Abarrotes,7441008155195,KOTEX NOCTURNA ULTRAPROTECT,55.0,0.0,0.0,0,
65,Abarrotes,7441008160229,Papel toalla Scott,50.0,1.0,1.0,1.0,
65,Abarrotes,7441008173892,PAMPER HUGGIES VERDE 30 UND,485.0,0.0,0.0,0,
65,Abarrotes,7441008174158,Pamper kIMBIES 28 und,280.0,1.0,1.0,1.0,
65,Abarrotes,7441008175360,PAPEL HIGENICO REGIO1000 HJ,16.67,0.0,0.0,0,
65,Abarrotes,7441029500417,PAN MOLIDO BIMBO,30.0,0.0,0.0,0,
65,Abarrotes,7441029503074,GALLETA MARIA,30.0,25.0,25.0,25.0,
65,Abarrotes,7441029511352,GALLETA SPONCH 1X4,60.0,4.0,4.0,4.0,
65,Abarrotes,7441029513257,Galleta Maria Moli,18.0,0.0,0.0,0,
65,Abarrotes,7441029522396,CHOCOLATE KRONK,8.33,0.0,0.0,0,
65,Abarrotes,7441029555943,SPONCH FRESA,15.0,57.0,57.0,57.0,
65,Abarrotes,7441041002807,JALEA MERMELADA GUAYABA 300 GR,45.0,0.0,0.0,0,
65,Abarrotes,7441041002869,JALEA UJARRAS MERMELADA 130 GR,25.0,0.0,0.0,0,
65,Abarrotes,7441041002913,JALEA UJARRAS 300GR,65.0,2.0,2.0,2.0,
65,Abarrotes,7441046302032,FOLDER TAMAÑO LEGAL,8.0,10.0,10.0,10.0,
66,Abarrotes,7441053267603,PAPEL HIGIENICO NEVAX RENDIDOR 1X6,145.0,3.0,27.0,27.0,
66,Abarrotes,7441057217462,SABA NOCTURNA 1X8,35.0,0.0,0.0,0,
66,Abarrotes,7441057261106,TOALLA NEVAX PRACTICA 1X2,95.0,27.0,26.0,26.0,
66,Abarrotes,7441057266545,PAPEL HIGIENICO NEVAX MAXI RESISTENCIA 1X4,70.0,0.0,0.0,0,
66,Abarrotes,7441057266651,PAPEL HIGIENICO NEVAX PRACTICT,8.33,0.0,0.0,0,
66,Abarrotes,7441057267030,TOALLA NEVAX PRACTICA 1X3,95.0,0.0,0.0,0,
66,Abarrotes,7441057267047,PAPEL HIGIENICO MAXI RESIST 1X6,150.0,0.0,0.0,0,
66,Abarrotes,7441107100706,CHICHARRONES KITTY,8.25,0.0,0.0,0,
66,Abarrotes,7441163700230,Nieve de frutas 1x10 850ml,55.0,289.0,289.0,289.0,
66,Abarrotes,7441163700247,NIEVE DE FRUTAS 1020 ML,5.0,384.0,384.0,384.0,
66,Abarrotes,7443002100058,Pastilla inodoro Sani Tab,26.0,26.0,26.0,26.0,
66,Abarrotes,7443009133004,Leche Interlac 350 g,83.0,1.0,1.0,1.0,
66,Abarrotes,7443009133011,Leche Interlac 1 Kg,178.0,39.5,39.5,39.5,
66,Abarrotes,7445072000924,JUGOS PULP 360ML,105.0,0.0,0.0,0,
66,Abarrotes,7445072001693,AGUA PURA CIELO 625ML,12.0,22.0,22.0,22.0,
66,Abarrotes,7445072004502,JUGOS CIFRUT 2 LTS,205.0,0.0,0.0,0,
66,Abarrotes,7445072004779,BIG COLA 500 ML,10.21,5.0,5.0,5.0,
66,Abarrotes,7445072005110,JUGOS PULP 145 ML,105.0,14.0,14.0,14.0,
66,Abarrotes,7445072005394,CIFRUT 500 ML,215.0,0.0,0.0,0,
66,Abarrotes,7445072005622,JUGOS CIFRUT 1 LTS,230.0,2.0,2.0,2.0,
66,Abarrotes,7445072006759,JUGO ALOE VERA,29.17,0.0,0.0,0,
66,Abarrotes,7445072009231,Cereal D Gusto ristra,8.33,108.0,108.0,108.0,
66,Abarrotes,7445072009835,D' Gussto nachos 20 g,7.08,29.0,29.0,29.0,
66,Abarrotes,7445072010336,AGUA SABORIZADA CIELO 650 ML,14.17,1.0,1.0,1.0,
67,Abarrotes,7445074114179,CUADERNO EL LIDER ALAMBRE,38.0,0.0,0.0,0,
67,Abarrotes,7445074164143,Cuaderno cocido El lider,60.0,0.0,0.0,0,
67,Abarrotes,7450004855169,Crema para el cuerpo Cocoa 354 ml,100.0,0.0,0.0,0,
67,Abarrotes,7450007028294,Acuarela Merletto,60.0,0.0,0.0,0,
67,Abarrotes,7450007406542,REGLA DE ALUMINIO MARLETTO,22.0,0.0,0.0,0,
67,Abarrotes,7450007945393,COLORES MARLETO ALCOHOL,38.0,0.0,0.0,0,
67,Abarrotes,7450008053639,Tijera Merletto,40.0,0.0,0.0,0,
67,Abarrotes,7450008484556,TEMPERA MERLETTO,55.0,0.0,0.0,0,
67,Abarrotes,7450008488523,TIJERA MARLETTO,25.0,0.0,0.0,0,
67,Abarrotes,7450008491424,CALCULADORA CIENTIFICA MERLETTO,145.0,0.0,0.0,0,
67,Abarrotes,7450008860947,CORRECTORES MARLETO,10.0,0.0,0.0,0,
67,Abarrotes,7450008864099,Colores Merletto 12 pcs,45.0,0.0,0.0,0,
67,Abarrotes,7450008864822,Engrapadora Merletto,140.0,0.0,0.0,0,
67,Abarrotes,7450009585795,LIBRETA MARLETTO,140.0,0.0,0.0,0,
67,Abarrotes,7450014255577,TALCO BABY POWDER 400 G,90.0,1.0,1.0,1.0,
67,Abarrotes,7450026070823,Set pana rectangular 3und,65.0,0.0,0.0,0,
67,Abarrotes,7450026099329,REBANADOR DE VEGETALES,170.0,0.0,0.0,0,
67,Abarrotes,74500435180757,CREMA PARA PEINAR HEAD SHOULDERS 300 ML,210.0,0.0,0.0,0,
67,Abarrotes,7450063054749,CUCHARAS METALICAS PEQUEÑAS,8.0,6.0,6.0,6.0,
67,Abarrotes,7450074248137,ESTUFA ELECTRICA COBY,550.0,0.0,0.0,0,
67,Abarrotes,7450074390645,PERCOLADORA COBY,1650.0,0.0,0.0,0,
67,Abarrotes,7450077000381,CEPILLO DE NIÑOS TOP ORAL,10.42,4.0,4.0,4.0,
67,Abarrotes,7450077003627,PREMIERE COUTERE,40.0,0.0,0.0,0,
67,Abarrotes,7450077005775,CANDADO ONE,70.0,0.0,0.0,0,
68,Abarrotes,7450077006536,Tijera BRIANA 3 pcs,100.0,0.0,0.0,0,
68,Abarrotes,7450077006956,Tijeras scissor,145.0,1.0,1.0,1.0,
68,Abarrotes,7450077011110,CRAYONES BENSSINI,60.0,1.0,1.0,1.0,
68,Abarrotes,7450077011486,CANDADO GRANDE T.TRET,160.0,0.0,0.0,0,
68,Abarrotes,7450077016009,CORRECTOR STUDMARK,15.0,0.0,0.0,0,
68,Abarrotes,7450077020051,CHINCHE DE COLOR BENSSINI 100 PCS,30.0,0.0,0.0,0,
68,Abarrotes,7450077033471,FOCO RECARGABLE SKY LIGHT,170.0,0.0,0.0,0,
68,Abarrotes,7450077042398,EMBUTIDO GRANDE,110.0,0.0,0.0,0,
68,Abarrotes,7450077043869,CEPILLO TOP ORAL,7.5,1.0,1.0,1.0,
68,Abarrotes,7450077050102,JUGUETE DINO WORLD,165.0,0.0,0.0,0,
68,Abarrotes,7450077051987,FARM SET,130.0,0.0,0.0,0,
68,Abarrotes,7450077065014,WILD ANIMAL,50.0,1.0,1.0,1.0,
68,Abarrotes,7450077089126,The animal world,70.0,0.0,0.0,0,
68,Abarrotes,7450077095974,JUEGO CASITA HB2018-AB,180.0,0.0,0.0,0,
68,Abarrotes,7450077112275,SILICON LIQUIDO BRICKELL,14.0,0.0,0.0,0,
68,Abarrotes,7450077112282,Silicon liquido Brickell 60 ml,30.0,0.0,0.0,0,
68,Abarrotes,7450077117874,SET DE JUGUETE GOO TOYS,145.0,0.0,0.0,0,
68,Abarrotes,7450077119083,SET DOCTOR (NIÑO),230.0,0.0,0.0,0,
68,Abarrotes,7450077120478,HEAVY TRUCK,200.0,0.0,0.0,0,
68,Abarrotes,7450077120829,WORK TRUCKS,400.0,0.0,0.0,0,
68,Abarrotes,7450077121383,Work Trucks,400.0,1.0,1.0,1.0,
68,Abarrotes,7450077121949,Baby Shower,350.0,1.0,1.0,1.0,
68,Abarrotes,7450077124261,BEACH TOYS,385.0,0.0,0.0,0,
68,Abarrotes,7450077129143,CARRO SCHOOL BUS,70.0,0.0,0.0,0,
69,Abarrotes,7450077138596,MUÑECA SIRENA,160.0,0.0,0.0,0,
69,Abarrotes,7450097109729,FOCO SACO,165.0,0.0,0.0,0,
69,Abarrotes,7450097118202,Focos recargable SACO 3W Led,265.0,0.0,0.0,0,
69,Abarrotes,7450097121844,FOCO RECARGABLE 3W LED,230.0,1.0,1.0,1.0,
69,Abarrotes,7450108010709,ZAPATO VIVIANA,200.0,0.0,0.0,0,
69,Abarrotes,7450108014189,CHINELAS APOLO DAMA,200.0,0.0,0.0,0,
69,Abarrotes,7450108029756,CHINELAS VIVIANA,90.0,0.0,0.0,0,
69,Abarrotes,7450108037003,CHINELAS RASSI DAMA,135.0,0.0,0.0,0,
69,Abarrotes,7450108037317,CHINELAS APOLO,280.0,0.0,0.0,0,
69,Abarrotes,7450108045497,Chinelas RASSI,160.0,0.0,0.0,0,
69,Abarrotes,7450112136815,Lapiz de grafito Merletto,36.0,42.0,42.0,42.0,
69,Abarrotes,7450115124178,Sarten teflon n°22,350.0,0.0,0.0,0,
69,Abarrotes,7450115124185,"SARTEN 9.5""",390.0,0.0,0.0,0,
69,Abarrotes,7450118007539,CHINELA HANGTEEN,240.0,0.0,0.0,0,
69,Abarrotes,7450121000381,CUADERNO COCIDO DELTA,50.0,2.0,2.0,2.0,
69,Abarrotes,7450121094915,SANDALIA PARA DAMA VIA KEY,340.0,0.0,0.0,0,
69,Abarrotes,7450209159413,Saca puntas con borrador,45.0,1.0,1.0,1.0,
69,Abarrotes,7450210015241,Naipes CORONA,45.0,0.0,0.0,0,
69,Abarrotes,7452021145957,PANA SAV,135.0,0.0,0.0,0,
69,Abarrotes,7452022953056,TEIPE ELECTRICO COLOR,45.0,3.0,3.0,3.0,
69,Abarrotes,7452101468976,Licuadora GYNIPOT,950.0,0.0,0.0,0,
69,Abarrotes,7453001112136,CANDADO BESTVALUE,165.0,1.0,1.0,1.0,
69,Abarrotes,7453003501952,Pacha Infa-Tec 9 onz,75.0,1.0,1.0,1.0,
69,Abarrotes,7453005521422,BOXER DAMA LATIFAN,75.0,0.0,0.0,0,
70,Abarrotes,7453005531094,BLUMER ANAHI,110.0,1.0,1.0,1.0,
70,Abarrotes,7453010000882,GOMA EN BARRA POINTER,28.0,2.0,2.0,2.0,
70,Abarrotes,7453010001360,Lapiz de grafito pointer,8.0,1.0,1.0,1.0,
70,Abarrotes,7453010006198,PINZA PARA COCINA EXCALIBUR,120.0,0.0,0.0,0,
70,Abarrotes,7453010008857,TEYPE DOBLE CARA,35.0,0.0,0.0,0,
70,Abarrotes,7453010016500,HISOPO CORONA 200 TIPS,12.0,1.0,1.0,1.0,
70,Abarrotes,7453010020194,Limas metálicas p/uñas,15.0,0.0,0.0,0,
70,Abarrotes,7453010020583,SET DE PINZAS EVOK,50.0,0.0,0.0,0,
70,Abarrotes,7453010076207,GOTAS DE PELO LOLA 60 ML,70.0,0.0,0.0,0,
70,Abarrotes,7453010079666,GOTAS PARA PELO LOLA 180 ML,150.0,0.0,0.0,0,
70,Abarrotes,74530116937014,TOBILLERA AMIGOS KIDS,10.0,0.0,0.0,0,
70,Abarrotes,7453012364340,Crayones klasse 12 und,18.0,0.0,0.0,0,
70,Abarrotes,7453012364357,CRAYONES GRANDES,55.0,0.0,0.0,0,
70,Abarrotes,7453012364609,ENGRAPADORA KLASSE,160.0,0.0,0.0,0,
70,Abarrotes,7453013506756,DVD SANKEY,1350.0,1.0,1.0,1.0,
70,Abarrotes,7453013518650,Arrocera Sankey RC-10BL,1350.0,0.0,0.0,0,
70,Abarrotes,7453013520325,PLANCHA SANKEY,750.0,0.0,0.0,0,
70,Abarrotes,7453013520530,COCINA SANKEY 4 QUEMADORES,2500.0,0.0,0.0,0,
70,Abarrotes,7453013523265,CAFETERA SANKEY (20 TAZAS),1400.0,0.0,0.0,0,
70,Abarrotes,7453013524620,LICUADORA SANKEY / VASO VIDRIO,1700.0,0.0,0.0,0,
70,Abarrotes,7453013526303,PERCOLADORA SANKEY,2250.0,1.0,1.0,1.0,
70,Abarrotes,7453013527775,COCINA SANKEY 2 QUEMADORES,2800.0,0.0,0.0,0,
70,Abarrotes,7453013536975,Plancha Sankey 1200 w,650.0,2.0,2.0,2.0,
70,Abarrotes,7453013538863,SANDWICHERA SANKEY,650.0,0.0,0.0,0,
71,Abarrotes,7453015101799,CUTTER STUDMARK,20.0,1.0,1.0,1.0,
71,Abarrotes,7453015129229,LAPICEROS STUDMARK,3.33,4.0,4.0,4.0,
71,Abarrotes,7453015138115,CRAYONES TUCAN / ECCO,20.0,0.0,0.0,0,
71,Abarrotes,7453015142105,Lapiz grafito STUDMARK,3.33,0.0,0.0,0,
71,Abarrotes,7453015146523,Borradores Cuter,35.0,1.0,1.0,1.0,
71,Abarrotes,7453015156843,GOMA EN BARRA STUDMARK,25.0,0.0,0.0,0,
71,Abarrotes,7453016936840,TOBILLERA TEXAS BOY,8.33,0.0,0.0,0,
71,Abarrotes,7453016942377,TOALLA BAÑO TEXAS,250.0,0.0,0.0,0,
71,Abarrotes,7453017057599,LICRA PARA NIÑA H0T LOVE,40.0,0.0,0.0,0,
71,Abarrotes,7453021102537,PLATOS COLIBRI,40.0,0.0,0.0,0,
71,Abarrotes,7453021117784,Tobilleras gruesas lloyds,25.0,0.0,0.0,0,
71,Abarrotes,7453021124362,PACHAS BAMBINO,115.0,0.0,0.0,0,
71,Abarrotes,7453021617857,Pantalla tv led RCA,3800.0,1.0,1.0,1.0,
71,Abarrotes,7453026412679,PACHA INFA-TEC 12 Onz,95.0,0.0,0.0,0,
71,Abarrotes,7453028174292,Sarten Anti-adherente ACENOX,285.0,0.0,0.0,0,
71,Abarrotes,7453033919222,TOBILLERA PARA DAMA AMERICAN,30.0,1.0,1.0,1.0,
71,Abarrotes,7453033928521,CALCETINES ZGOOD 0-6,180.0,0.0,0.0,0,
71,Abarrotes,7453033936328,Corte medio CALCETIN Polo,45.0,1.0,1.0,1.0,
71,Abarrotes,7453038422000,Colores pastel borrables,50.0,1.0,1.0,1.0,
71,Abarrotes,7453038424622,TINTES LOLA,110.0,0.0,0.0,0,
71,Abarrotes,7453038434522,CALCULADORA NIKKO,230.0,0.0,0.0,0,
71,Abarrotes,7453038435840,PALILLOS EXCALIBUR,45.0,0.0,0.0,0,
71,Abarrotes,7453038443937,CHINCHE COLOR TACHUELAS 100 UND,40.0,1.0,1.0,1.0,
71,Abarrotes,7453038463010,CANDADO GLOBAL,200.0,0.0,0.0,0,
72,Abarrotes,7453038468183,CINTA ADHESIVA,40.0,0.0,0.0,0,
72,Abarrotes,74530384755118,RAYADOR METALICO EXCALIBUR,165.0,0.0,0.0,0,
72,Abarrotes,7453038496216,BUJIA ANGEL LIGTH 90W,165.0,0.0,0.0,0,
72,Abarrotes,7453047331621,CORTINA DE BAÑO ELEGANCE,90.0,0.0,0.0,0,
72,Abarrotes,7453049853817,LAVA PACHA INFANTEC,70.0,4.0,4.0,4.0,
72,Abarrotes,7453050200969,ZAPATOS RIM DE TELA,145.0,0.0,0.0,0,
72,Abarrotes,7453050220264,CHINELA SAPO NEW STAR,120.0,0.0,0.0,0,
72,Abarrotes,7453051900424,Colores Starmate,80.0,1.0,1.0,1.0,
72,Abarrotes,7453051902039,Crayones Jumbo,60.0,0.0,0.0,0,
72,Abarrotes,7453051925861,DOMINOES,145.0,0.0,0.0,0,
72,Abarrotes,7453051929050,PANITA HONDA MELAFORM,25.0,0.0,0.0,0,
72,Abarrotes,745305704429,LICUADORA UNIVERSAL ROYAL,850.0,0.0,0.0,0,
72,Abarrotes,7453058102067,CHINELA COX DAMA,110.0,0.0,0.0,0,
72,Abarrotes,7453058111250,CHINELA TOMMY DAMA,220.0,0.0,0.0,0,
72,Abarrotes,7453062435953,Pachas INFAN-TEC 4 onz,70.0,0.0,0.0,0,
72,Abarrotes,7453063772262,"GLOBO "" HAPPY BIRTHAY""",35.0,0.0,0.0,0,
72,Abarrotes,7453064719587,HORNO PREMIER,1400.0,1.0,1.0,1.0,
72,Abarrotes,7453064721610,PARLANTE PREMIER 5000W,800.0,1.0,1.0,1.0,
72,Abarrotes,7453064725700,DVD PREMIER,1200.0,0.0,0.0,0,
72,Abarrotes,7453064731565,PARLANTE PREMIER 8000 W,1200.0,0.0,0.0,0,
72,Abarrotes,7453067110985,TOBILLERA ZGOOD 9-11,25.0,0.0,0.0,0,
72,Abarrotes,7453067148254,TOBILLERA ZGOOD,18.0,0.0,0.0,0,
72,Abarrotes,7453068222083,SET DE PANAS PLASTICAS 1X7 LOTUS,150.0,0.0,0.0,0,
72,Abarrotes,7453068233508,TAZAS FRUTAS,28.0,0.0,0.0,0,
73,Abarrotes,7453070320432,PACHA WAKIDS 12 ONZA,90.0,0.0,0.0,0,
73,Abarrotes,7453070324843,PACHA WAKIDS 2 ONZA,60.0,1.0,1.0,1.0,
73,Abarrotes,7453070341222,Hisopos WaKids,60.0,0.0,0.0,0,
73,Abarrotes,7453073523441,GAS LIGHTER PRISMA,70.0,1.0,1.0,1.0,
73,Abarrotes,7453073928260,TOBILLERA FRESITA,12.0,0.0,0.0,0,
73,Abarrotes,7453074830852,JUEGO DE SABANA 4PCSZ,600.0,0.0,0.0,0,
73,Abarrotes,7453076134323,CHINELA CARBEC,160.0,0.0,0.0,0,
73,Abarrotes,7453076214339,Rebanador Acenox,145.0,0.0,0.0,0,
73,Abarrotes,7453077204001,CARRO DE POLICIA TOY,60.0,0.0,0.0,0,
73,Abarrotes,7453077206418,Pala TRUNCK,480.0,0.0,0.0,0,
73,Abarrotes,7453077206425,Pala mecánica Truk,550.0,1.0,1.0,1.0,
73,Abarrotes,7453077206494,VOLQUETE TRUK,300.0,0.0,0.0,0,
73,Abarrotes,7453077209433,PELOTA YOU ARE MAGICAL,25.0,0.0,0.0,0,
73,Abarrotes,7453077211177,MUÑECA FAIRY,170.0,0.0,0.0,0,
73,Abarrotes,7453077226409,Carro control remoto,200.0,0.0,0.0,0,
73,Abarrotes,7453077226768,CARRO CLASICO,150.0,0.0,0.0,0,
73,Abarrotes,7453077229196,SET JUGUETE JARDINERIA BEACH,135.0,0.0,0.0,0,
73,Abarrotes,7453077233858,Carrito Toy,110.0,0.0,0.0,0,
73,Abarrotes,7453077241471,AJEDRE PEQUEÑO,100.0,1.0,1.0,1.0,
73,Abarrotes,7453077241488,AJEDRE GRANDE,165.0,1.0,1.0,1.0,
73,Abarrotes,7453077242911,CARRO FURGON PROJECT,155.0,0.0,0.0,0,
73,Abarrotes,7453078500706,TIJERA SCISSOR,50.0,0.0,0.0,0,
73,Abarrotes,7453078508252,PEGAMENTO BLANCO 250 GR,45.0,0.0,0.0,0,
73,Abarrotes,7453078512327,Cepillos diente Matrix,10.0,17.0,17.0,17.0,
74,Abarrotes,7453078516042,Acuarela pointer 12 colores,35.0,0.0,0.0,0,
74,Abarrotes,7453078518862,CUADERNO COCIDO ALR,45.0,0.0,0.0,0,
74,Abarrotes,7453078521237,CUADERNOS COCIDOS ALR,45.0,3.0,3.0,3.0,
74,Abarrotes,7453078522029,PALA PARA PIES GRANDE,85.0,0.0,0.0,0,
74,Abarrotes,7453078528366,PACHAS GENIAL 240 ML,60.0,0.0,0.0,0,
74,Abarrotes,7453078530062,Juego de tijera Corona,120.0,0.0,0.0,0,
74,Abarrotes,7453078535159,COLORES POINTER,18.0,0.0,0.0,0,
74,Abarrotes,7453078537467,CARTUCHERAS POINTER,25.0,0.0,0.0,0,
74,Abarrotes,7453078538440,CORRECTOR POINTER 4 ML,12.0,0.0,0.0,0,
74,Abarrotes,7453078542195,ENCENDEDOR LUMEN,12.0,0.0,0.0,0,
74,Abarrotes,7453078548203,Mini carpetas plásticas,20.0,1.0,1.0,1.0,
74,Abarrotes,7453078548999,BORRADOR POINTER,5.0,3.0,3.0,3.0,
74,Abarrotes,7453079484029,Pacha Infa-Tec 8 Onz,85.0,1.0,1.0,1.0,
74,Abarrotes,7453079489048,MAMADERA INFANTEC,30.0,0.0,0.0,0,
74,Abarrotes,7453080111082,CUCHILLOS LOTUS,48.0,3.0,3.0,3.0,
74,Abarrotes,7453080113420,COLORES METALICOS,15.0,1.0,1.0,1.0,
74,Abarrotes,7453080118623,Panas semi ondas,35.0,0.0,0.0,0,
74,Abarrotes,7453080119231,PLATOS LOTUS,55.0,0.0,0.0,0,
74,Abarrotes,745308121399,CHINELA SAPO CONTACT,120.0,0.0,0.0,0,
74,Abarrotes,7453082734371,SAPOS DE NIÑO ADAX MAQUIN,145.0,0.0,0.0,0,
74,Abarrotes,7453086730980,TOBILLERA CAPITAN,45.0,1.0,1.0,1.0,
74,Abarrotes,7453086739334,ALMOHADA MIEL HOME,230.0,0.0,0.0,0,
74,Abarrotes,7453087668190,SAPO YOGO,130.0,0.0,0.0,0,
74,Abarrotes,7453089104917,PERCOLADORA LOTUS,420.0,0.0,0.0,0,
75,Abarrotes,7453089107178,PLANCHA LOTUS,350.0,0.0,0.0,0,
75,Abarrotes,7453089110208,TAZAS TE AMO MAMA,245.0,0.0,0.0,0,
75,Abarrotes,7453089110451,Jarra de vidrio con vasos,300.0,0.0,0.0,0,
75,Abarrotes,7453089114534,Termo Vacuum Flask 1.0 lt,210.0,3.0,3.0,3.0,
75,Abarrotes,7453089118907,LUCES NAVIDEÑAS 100L,180.0,0.0,0.0,0,
75,Abarrotes,7453089119133,LUCES NAVIDEÑAS 200L,200.0,0.0,0.0,0,
75,Abarrotes,7453089119270,LUCES NAVIDEÑAS 10M,500.0,0.0,0.0,0,
75,Abarrotes,7453089140489,PERCOLADORA JACKPOT,400.0,4.0,4.0,4.0,
75,Abarrotes,7453089141820,Lapiz Triangular Starmate,4.0,26.0,26.0,26.0,
75,Abarrotes,7453092332413,TERMO VACUM FLASK 1.2 LT,320.0,0.0,0.0,0,
75,Abarrotes,7453092631042,CHINELA MOBEC DAMA,210.0,0.0,0.0,0,
75,Abarrotes,7453092646589,Chinelas Sapo Carioca Luces,185.0,0.0,0.0,0,
75,Abarrotes,7453092949567,TOBILLERA COLOR POINT,25.0,0.0,0.0,0,
75,Abarrotes,7453094243830,TOBILLERAS ZGOOD,20.0,0.0,0.0,0,
75,Abarrotes,7453095677863,PACHA INFA-TEC 2ONZ,85.0,0.0,0.0,0,
75,Abarrotes,7453095862191,CASTILLO FORT DRESS,350.0,0.0,0.0,0,
75,Abarrotes,745309623832,CHINELA CARIOCA NIÑA,150.0,0.0,0.0,0,
75,Abarrotes,7453097341380,Blumer niña Shadia,0.0,5.0,5.0,5.0,
75,Abarrotes,7453097629785,TRAJECITOS BEBE ONCE FOR BABY,300.0,0.0,0.0,0,
75,Abarrotes,7453097630552,JUEGO DE SABANA AMICI,740.0,0.0,0.0,0,
75,Abarrotes,7453099004900,SAPOS PLAYERAS,140.0,0.0,0.0,0,
75,Abarrotes,7453099430136,ZAPATOS MISS ROSE,200.0,0.0,0.0,0,
75,Abarrotes,7453099430624,ZAPATOS TENIS ALPHA SHOES,350.0,0.0,0.0,0,
75,Abarrotes,7453099443822,CHINELA GOUGAR,145.0,0.0,0.0,0,
76,Abarrotes,7453100033044,CREMA CORPORAL PUNK,120.0,0.0,0.0,0,
76,Abarrotes,7453101439621,Chinelas sapos adax niña,160.0,0.0,0.0,0,
76,Abarrotes,7453101447343,Chinelas sapos ADAX,150.0,0.0,0.0,0,
76,Abarrotes,7453103619946,TOBILLERA SORELA GIRLS,12.0,0.0,0.0,0,
76,Abarrotes,7453103638855,BOXER CLEVE,50.0,0.0,0.0,0,
76,Abarrotes,7453103805608,CORTINA BAÑO COLVEN,250.0,0.0,0.0,0,
76,Abarrotes,7453104647702,GORROS NAVIDEÑOS,55.0,2.0,2.0,2.0,
76,Abarrotes,7453105001053,PELONCITO,320.0,0.0,0.0,0,
76,Abarrotes,7453105001688,Juego de carros Super Truck POWER,550.0,0.0,0.0,0,
76,Abarrotes,7453105004061,Muñeca Mandy,350.0,0.0,0.0,0,
76,Abarrotes,7453105005464,MUÑECO BABY MAY MAY,250.0,0.0,0.0,0,
76,Abarrotes,7453105008229,JUGUETE DINOSAURIO(SET),135.0,0.0,0.0,0,
76,Abarrotes,7453105008700,SET DE JUGUETES ANIMALTOS MY FARM,110.0,0.0,0.0,0,
76,Abarrotes,7453105009714,SET DE JUGUETE KITCHEN NIÑA,200.0,0.0,0.0,0,
76,Abarrotes,7453105009721,Set Kitchen,140.0,0.0,0.0,0,
76,Abarrotes,7453105013728,Trailer Toys,145.0,0.0,0.0,0,
76,Abarrotes,7453105014541,Juego de cocina mini kitchen,160.0,0.0,0.0,0,
76,Abarrotes,7453105015098,Kitchen set & tea set,140.0,0.0,0.0,0,
76,Abarrotes,7453105017610,SET DE COCINA JUGUETE GAIETY,120.0,0.0,0.0,0,
76,Abarrotes,7453105018006,JUGUETE BET ARCHITECT,75.0,0.0,0.0,0,
76,Abarrotes,7453105020733,SET DE HILO COTONE,35.0,0.0,0.0,0,
76,Abarrotes,7453105024069,ESPONJA PARA MAQUILLAJE PUFF,75.0,0.0,0.0,0,
76,Abarrotes,7453105044937,Set pintura Kids,160.0,0.0,0.0,0,
76,Abarrotes,7453105045125,JUEGO DE PULSERAS LAMMA FUN,150.0,0.0,0.0,0,
77,Abarrotes,7453105051560,Pelón Dahongaeumg,220.0,0.0,0.0,0,
77,Abarrotes,7453105054349,Doctor Suit,450.0,0.0,0.0,0,
77,Abarrotes,7453105063846,Juego de cocina my kitchen plaset,160.0,0.0,0.0,0,
77,Abarrotes,7453105067776,Sparkle Glitter,170.0,0.0,0.0,0,
77,Abarrotes,7453105077898,Juego tractor engineering team,550.0,1.0,1.0,1.0,
77,Abarrotes,7453105080300,Castillo mini dream castle,145.0,0.0,0.0,0,
77,Abarrotes,7453105083479,Muñeca con dinosaurio baby home,380.0,0.0,0.0,0,
77,Abarrotes,7453105091948,TEA SET PARTY TIME,150.0,0.0,0.0,0,
77,Abarrotes,7453105093126,Sirena Mermaid girl,175.0,0.0,0.0,0,
77,Abarrotes,7453105093188,JUEGO DE TRASTES KITCHEN,220.0,0.0,0.0,0,
77,Abarrotes,7453105093959,Volquete inertia,295.0,0.0,0.0,0,
77,Abarrotes,7453105096660,Carro Dragón,450.0,0.0,0.0,0,
77,Abarrotes,7453105097162,CAMIÓN CONSTRUCCIÓN URBAN,500.0,0.0,0.0,0,
77,Abarrotes,7453105098411,House toys (Come play with me),300.0,0.0,0.0,0,
77,Abarrotes,7453105099968,SIRENA ECONOMICA BEAUTIFUL,80.0,0.0,0.0,0,
77,Abarrotes,7453105207417,TOBILLERAS SCUDETTO ORIGINAL,40.0,0.0,0.0,0,
77,Abarrotes,7453106301855,ZAPATO DULCE LUCY,165.0,0.0,0.0,0,
77,Abarrotes,7453107511093,Set pana redonda 5 und,120.0,0.0,0.0,0,
77,Abarrotes,7453107511147,Set panas cuadradas 1x5,130.0,0.0,0.0,0,
77,Abarrotes,7453107513646,Set pana cuadrada 1x3,65.0,0.0,0.0,0,
77,Abarrotes,7453108008400,Sarten n° 28,400.0,0.0,0.0,0,
77,Abarrotes,7453108015279,JUEGO DE TAZA MY GARDEN,400.0,0.0,0.0,0,
77,Abarrotes,7453108038209,CUCHILLOS KITCHEN KNIVES,50.0,0.0,0.0,0,
77,Abarrotes,7453108317229,Triyons socks for men,20.0,0.0,0.0,0,
78,Abarrotes,7453108331645,BOXER TRIYON´S,150.0,7.0,7.0,7.0,
78,Abarrotes,7453108340487,BLUMER LOVE BRENDA,85.0,0.0,0.0,0,
78,Abarrotes,7453108632551,Chinela MOBEC dama,220.0,0.0,0.0,0,
78,Abarrotes,7453108633305,Chinela MOBEC MOBEC Dama,240.0,0.0,0.0,0,
78,Abarrotes,7453109137246,BLUMER LATINA SECRET,85.0,0.0,0.0,0,
78,Abarrotes,7453111829610,SAPOS DE NIÑO MOLSER,140.0,0.0,0.0,0,
78,Abarrotes,7453111916389,TOBILLERAS DORITA,25.0,8.0,8.0,8.0,
78,Abarrotes,7453112307766,ALMOHADA MIX,200.0,0.0,0.0,0,
78,Abarrotes,7453116015612,Cepillo para biberones Le Petit,90.0,1.0,1.0,1.0,
78,Abarrotes,7453116017067,Tazas coffee,35.0,0.0,0.0,0,
78,Abarrotes,7453116017739,Panas soperas BIG HOME,45.0,0.0,0.0,0,
78,Abarrotes,7453118903023,Bocina Sankey,1000.0,0.0,0.0,0,
78,Abarrotes,7453120212113,CALCETIN BEBÉ AZURRA,40.0,1.0,1.0,1.0,
78,Abarrotes,7453120913652,TOBILLERA PICKY WOMEN,15.0,0.0,0.0,0,
78,Abarrotes,7453122900414,CARRITOS TOY 1X4,60.0,0.0,0.0,0,
78,Abarrotes,7453122900704,Carro carrera phanton,90.0,0.0,0.0,0,
78,Abarrotes,7453122901237,MOTO DE CARRERA TOYS,100.0,0.0,0.0,0,
78,Abarrotes,7453122916415,Grua Truk Toy,400.0,0.0,0.0,0,
78,Abarrotes,7453122923895,JUEGO DE COCINA KITCHEN COOKING FOOD,135.0,0.0,0.0,0,
78,Abarrotes,7453125312009,TOBILLERAS NIÑ@,8.0,0.0,0.0,0,
78,Abarrotes,7453130224403,PIRAÑA Stitch,35.0,6.0,6.0,6.0,
78,Abarrotes,7453222150269,Pailas de aluminio venezia,550.0,2.0,2.0,2.0,
78,Abarrotes,7454068245587,SARTEN TEFLON,320.0,0.0,0.0,0,
78,Abarrotes,7455069205621,TOBILLERA ROCA,14.0,0.0,0.0,0,
79,Abarrotes,7456568111604,BOMBILLO LED 60 WTS,170.0,1.0,1.0,1.0,
79,Abarrotes,7468339191272,CODITOS PADOVA,15.0,8.0,8.0,8.0,
79,Abarrotes,7468339191302,ESPAGUETI PADOVA,15.0,80.0,80.0,80.0,
79,Abarrotes,7472149719335,BOXER NIÑO SILVER BULL,35.0,0.0,0.0,0,
79,Abarrotes,747627005109,Salsa Inglesa Lizano 135 Ml,38.0,30.0,76.0,76.0,
79,Abarrotes,747627005116,Salsa inglesa Lizano 280 Ml,85.0,30.0,30.0,30.0,
79,Abarrotes,747627005123,Salsa Inglesa Lizano 700 Ml,160.0,31.0,31.0,31.0,
79,Abarrotes,747627016020,Chile Lizano 62 g,34.0,38.0,38.0,38.0,
79,Abarrotes,748757000651,CARAMELO NUGGET DIANA,2.71,4.0,4.0,4.0,
79,Abarrotes,748757005892,Cereza Diana,100.0,38.5,38.5,38.5,
79,Abarrotes,748757006462,CHURRITOS MAX,200.0,20.0,20.0,20.0,
79,Abarrotes,748757007117,GALLETA PIC NIC 156 GR,45.0,0.0,0.0,0,
79,Abarrotes,748757007131,CANDY MAIZ 18GR,200.0,10.0,10.0,10.0,
79,Abarrotes,748757010490,GALLETA PIC NIC 1X24 480GR,105.0,0.0,0.0,0,
79,Abarrotes,748850002637,PANAS MEGA PLAST,180.0,0.0,0.0,0,
79,Abarrotes,7488501019746,TINA MEGA PLAST GRANDE (105 LTR),420.0,0.0,0.0,0,
79,Abarrotes,7488501059964,Bote 35 lts rojo vino,270.0,0.0,0.0,0,
79,Abarrotes,7488501062353,Basurera pedal,380.0,0.0,0.0,0,
79,Abarrotes,7488501751400,Canasta GRIS para ropa,450.0,1.0,1.0,1.0,
79,Abarrotes,748850215075,MINI GAVETERO 3 GAVETAS,240.0,0.0,0.0,0,
79,Abarrotes,748928006901,Gerber agu vaso 113 g,30.0,33.0,33.0,33.0,
79,Abarrotes,748928009667,Gerber Agu Sabor Manzana,24.0,158.0,158.0,158.0,
79,Abarrotes,7490584926217,TOBILLERA CASCABEL,14.0,0.0,0.0,0,
79,Abarrotes,75002794,Palmolive OPTIMS 200 ml,125.0,0.0,0.0,0,
80,Abarrotes,7500435020084,SHAMPOO HEAD SHOULDERS CONTROL CASPA 375 ML,185.0,0.0,0.0,0,
80,Abarrotes,7500435113823,CEPILLO ORAL FAMILIAR,135.0,0.0,0.0,0,
80,Abarrotes,7500435126861,SHAMPO HEAD SHOULDERS OFERTA,270.0,26.0,26.0,26.0,
80,Abarrotes,7500435131247,SHAMPO PANTENE OFERTA,285.0,6.0,6.0,6.0,
80,Abarrotes,7500435147576,Acondicionador head shoulders 300 gr,235.0,0.0,0.0,0,
80,Abarrotes,7500435191425,Shampoo pantene 300 ml,220.0,0.0,0.0,0,
80,Abarrotes,7500443001143,Caramelos Variados Arcor,65.0,0.0,0.0,0,
80,Abarrotes,7501000910779,Gerber Manzana Vaso 100 g,30.0,0.0,0.0,0,
80,Abarrotes,7501001165321,Acondicionador Pantene 400 ml,220.0,0.0,0.0,0,
80,Abarrotes,7501001625337,CORN FLAKES NESQUIK CHOCOLATE,65.0,0.0,0.0,0,
80,Abarrotes,7501003103321,RAJAS DE JALAPEÑO HERDEZ 205 GR,35.0,0.0,0.0,0,
80,Abarrotes,7501003103994,Rajas de Jalapeño HERDEZ 205 gr,50.0,9.0,9.0,9.0,
80,Abarrotes,7501003104007,JALAPEÑO HERDEZ 360 GR,65.0,2.0,2.0,2.0,
80,Abarrotes,7501003123435,CHAMPIÑONES TROCITOS HERDEZ 380 GR,110.0,5.0,5.0,5.0,
80,Abarrotes,7501003124135,CHICHAROS HERDEZ 215 GR,45.0,34.0,34.0,34.0,
80,Abarrotes,7501003124142,CHICHAROS HERDEZ 400 GR,58.0,25.0,25.0,25.0,
80,Abarrotes,7501003124234,GRANOS DE ELOTE HERDEZ 220 GR,50.0,271.0,271.0,271.0,
80,Abarrotes,7501003124319,ENSALADA HERDEZ 225 GR,38.0,34.0,34.0,34.0,
80,Abarrotes,7501006535303,Maizito del monte 400g,50.0,0.0,0.0,0,
80,Abarrotes,7501006535549,CHICHAROS DEL MONTE 410 GR,55.0,0.0,0.0,0,
80,Abarrotes,7501006536713,CHICHAROS DEL MONTE 200 GR,38.0,0.0,0.0,0,
80,Abarrotes,7501006536942,MAIZITO DEL MONTE 225 GR,38.0,0.0,0.0,0,
80,Abarrotes,7501008015339,FROOT LOOPS 180 GR,110.0,0.0,0.0,0,
80,Abarrotes,7501008042939,Kelloggs Zucaritas 260 g,125.0,0.0,0.0,0,
81,Abarrotes,7501014300429,Choco choco sobres,6.25,0.0,0.0,0,
81,Abarrotes,75010151137109,LIBRETAS TIGUE Y BOOK,25.0,0.0,0.0,0,
81,Abarrotes,7501015211120,PLASTILINA PELIKAN,30.0,1.0,1.0,1.0,
81,Abarrotes,7501017004140,CHICHARO LA COSTEÑA 420GR,65.0,2.0,2.0,2.0,
81,Abarrotes,7501017004515,ELOTE LA COSTEÑA 410 GR,65.0,0.0,0.0,0,
81,Abarrotes,7501017050734,JALAPEÑO LA COSTEÑA 286 GR,45.0,0.0,0.0,0,
81,Abarrotes,7501017057917,CHICHAROS LA COSTEÑA 286 GR,38.0,0.0,0.0,0,
81,Abarrotes,7501018310103,ESPAGUETI LA MODERNA 200 GR,15.0,0.0,0.0,0,
81,Abarrotes,7501018310530,CODITOS MODERNOS,15.0,0.0,0.0,0,
81,Abarrotes,7501018310578,CONCHITAS MODERNA,15.0,0.0,0.0,0,
81,Abarrotes,7501018310592,TORNILLITOS MODERNO,18.0,0.0,0.0,0,
81,Abarrotes,7501019030321,Protectores Saba confort manzanilla 40 und,80.0,1.0,1.0,1.0,
81,Abarrotes,7501019036651,Protectores Saba 40 Und,80.0,3.0,3.0,3.0,
81,Abarrotes,7501019051647,PAMPER TENA 1X10,215.0,0.0,0.0,0,
81,Abarrotes,7501019068416,Protectores saba 16 Und,35.0,9.0,9.0,9.0,
81,Abarrotes,7501020627015,Hisopo ZUUM 150 PZAS,50.0,2.0,2.0,2.0,
81,Abarrotes,750102065099,APLICADORES ZUUM 200 PZSS,60.0,0.0,0.0,0,
81,Abarrotes,7501022105191,JABON NATURAL NEUTRO GRISI,0.0,0.0,0.0,0,
81,Abarrotes,7501022105283,Jabón Ricitos de Oro 100g,35.0,0.0,0.0,0,
81,Abarrotes,7501022150412,JABON RICITO DE ORO 90 GR,40.0,9.0,9.0,9.0,
81,Abarrotes,7501022150801,JABON GRISIS AVENA,55.0,0.0,0.0,0,
81,Abarrotes,7501022150818,JABON GRISI CONCHA NACAR,55.0,0.0,0.0,0,
81,Abarrotes,7501025402297,DESINFECTANTE PINOL AROMAS,5.42,31.0,31.0,31.0,
81,Abarrotes,7501025404116,SUAVIZANTE ENSUEÑO MAX 1.5 LT,170.0,0.0,0.0,0,
82,Abarrotes,7501025413002,SUAVIZANTE ENSUEÑO MAX 850ML,80.0,2.0,2.0,2.0,
82,Abarrotes,7501025443858,SUAVISANTE ENSUEÑO MAX 80 ML,5.42,0.0,0.0,0,
82,Abarrotes,7501026006616,JABON ROSA VENUS 150 ML,18.0,0.0,0.0,0,
82,Abarrotes,7501026027543,Detergente Blanca Nieve 500 gr,30.0,0.0,0.0,0,
82,Abarrotes,7501027513588,PACHAS EVENFLO GRANDE,90.0,1.0,1.0,1.0,
82,Abarrotes,7501027513601,PACHA EVENFLO GRANDE,110.0,0.0,0.0,0,
82,Abarrotes,7501027513618,PACHA EVENFLO PEQUEÑA,70.0,1.0,1.0,1.0,
82,Abarrotes,7501027524140,MAMADERA EVENFLO,18.0,0.0,0.0,0,
82,Abarrotes,7501032900281,Baygon Mosquitos y moscas 400 ml,150.0,3.0,3.0,3.0,
82,Abarrotes,7501032902032,BAYGON ULTRA VERDE 285 ML,170.0,0.0,0.0,0,
82,Abarrotes,7501032903596,RAID MAX 400 ML,240.0,0.0,0.0,0,
82,Abarrotes,7501032905347,BAYGON AMARILLO 400 ML,135.0,3.0,3.0,3.0,
82,Abarrotes,7501032907495,Baygon PODER MORTAL 400 ml,150.0,4.0,4.0,4.0,
82,Abarrotes,7501032907570,Baygon Casa y Jardin 400 ml,150.0,4.0,2.0,2.0,
82,Abarrotes,7501032915155,Pledge 378 ml,270.0,1.0,1.0,1.0,
82,Abarrotes,7501032920425,raid max 285ml,110.0,0.0,0.0,0,
82,Abarrotes,7501032921002,SET DE BAYGON,290.0,0.0,0.0,0,
82,Abarrotes,7501032921040,SET DE RAID MAX OFERTA,290.0,3.0,3.0,3.0,
82,Abarrotes,7501032922795,SPRAY WINDEX PARA VIDRIO,220.0,4.0,3.0,3.0,
82,Abarrotes,7501032924003,AROMATIZANTE GLADE 275 ML,80.0,0.0,0.0,0,
82,Abarrotes,7501035907508,speed stick desodorante barra 60g,165.0,3.0,3.0,3.0,
82,Abarrotes,7501035907584,Speed Stick Caballero Sport Talc 50 g,100.0,0.0,0.0,0,
82,Abarrotes,7501035908925,Lady Speed Stick barra dama 45 g,95.0,0.0,0.0,0,
82,Abarrotes,7501036623377,PROTECTOR SABA MULTI ESTILO 1 X 40,62.0,0.0,0.0,0,
83,Abarrotes,7501036623735,PAPEL HIGIENICO NEVAX 1X4 RENDIDOR,95.0,2.0,2.0,2.0,
83,Abarrotes,750105450063,CREMA NIVEA 50 ML,85.0,0.0,0.0,0,
83,Abarrotes,7501056330255,CREMA POND´S 50 GR,95.0,0.0,0.0,0,
83,Abarrotes,7501056330491,CREMA PONDS 100 GR,160.0,0.0,0.0,0,
83,Abarrotes,7501058614148,Gerber Junior Pera,18.0,0.0,0.0,0,
83,Abarrotes,7501058617705,NESCAFE CLASICO 225 GR,185.0,0.0,0.0,0,
83,Abarrotes,7501058618597,NESQUIK 200 GR,42.0,0.0,0.0,0,
83,Abarrotes,7501058618870,Leche Nan Optipro Crecimiento 3 800 g,400.0,0.0,0.0,0,
83,Abarrotes,7501058619563,DULCE DE LECHE 360 GR,110.0,2.0,1.0,1.0,
83,Abarrotes,7501058629029,Leche condensada La lechera 387 g,98.0,0.0,0.0,0,
83,Abarrotes,7501058631428,NESCAFE 60 GRM,130.0,0.0,0.0,0,
83,Abarrotes,7501058631442,NESCAFE 120 GR,235.0,3.0,3.0,3.0,
83,Abarrotes,7501058633149,LECHE NIDO 1- PROTECCION 400 GR,120.0,0.0,0.0,0,
83,Abarrotes,7501058636027,Leche Nido Esencial 460 g,160.0,0.0,0.0,0,
83,Abarrotes,7501058636287,Leche Nido Esencial 2000 gramos,700.0,0.0,0.0,0,
83,Abarrotes,7501058636577,Leche NAN 1 350 g,360.0,2.0,2.0,2.0,
83,Abarrotes,7501058636614,LECHE NAN 2 900 gr,775.0,2.0,2.0,2.0,
83,Abarrotes,7501058637260,Leche Nido 1+ 120 g,38.0,0.0,0.0,0,
83,Abarrotes,7501058637277,Leche Nido 1+ 325g,163.0,25.0,24.0,24.0,
83,Abarrotes,7501058656148,Leche nido 1+ 1950 g,765.0,3.0,3.0,3.0,
83,Abarrotes,7501059235038,CREMORA COFFE MATE 311,115.0,0.0,0.0,0,
83,Abarrotes,7501059236998,CORN FLAKES NESTLETRIX,50.0,0.0,0.0,0,
83,Abarrotes,7501059237360,Leche Nestogeno 2 400 g,230.0,5.0,5.0,5.0,
83,Abarrotes,7501059237438,Leche Nestogeno 1 900 g,510.0,3.0,3.0,3.0,
84,Abarrotes,7501059237445,Leche Nestogeno 2 900 g,460.0,3.0,3.0,3.0,
84,Abarrotes,7501059240360,Leche Nan optipro 1 400 g,360.0,1.0,1.0,1.0,
84,Abarrotes,7501059240377,Leche Nan Optipro 1 900 g,820.0,4.0,4.0,4.0,
84,Abarrotes,7501059240384,Leche Nan optipro 2 400 g,340.0,2.0,2.0,2.0,
84,Abarrotes,7501059240391,Leche Nan Optipro 2 900 g,750.0,0.0,0.0,0,
84,Abarrotes,7501059243071,Cremora para café Nestle 650 g,195.0,0.0,0.0,0,
84,Abarrotes,7501059283053,Leche Nido 1 2200 g,925.0,0.0,0.0,0,
84,Abarrotes,7501059286153,NESQUICK 150 GR,50.0,0.0,0.0,0,
84,Abarrotes,7501059295872,Cremora para café Nestle MATE 170 g,75.0,0.0,0.0,0,
84,Abarrotes,7501059296374,NESQUIK BOLSA 357 GR,110.0,0.0,0.0,0,
84,Abarrotes,7501088210037,CHOCOLATE CREMINO,5.63,0.0,0.0,0,
84,Abarrotes,7501088210549,NUCITA TRISABOR 144 GR,75.0,0.0,0.0,0,
84,Abarrotes,7501088210723,Nucita Trisabor,65.0,0.0,0.0,0,
84,Abarrotes,7501088213892,CHOCOLATE CREMINO STICK BOLSA,58.0,0.0,0.0,0,
84,Abarrotes,7501125168390,ELECTROLIT,100.0,40.0,40.0,40.0,
84,Abarrotes,7501174965049,PLASTILINA BACO,30.0,3.0,3.0,3.0,
84,Abarrotes,75011749650518,PLASTILINA BACO,30.0,0.0,0.0,0,
84,Abarrotes,7501214978060,CALCULADORA DE ESCRITORIO DELTA,200.0,0.0,0.0,0,
84,Abarrotes,7501214978084,CALCULADORA DELTA,280.0,0.0,0.0,0,
84,Abarrotes,7501214979579,CALCULADORA BARRILITO,65.0,0.0,0.0,0,
84,Abarrotes,7501275244324,OFERTA MAMADERAS EVENFLO,80.0,0.0,0.0,0,
84,Abarrotes,750135911840,COLONIA MENEN 100 ML,115.0,3.0,3.0,3.0,
84,Abarrotes,7501370204577,PINZAS CURTIS,65.0,1.0,1.0,1.0,
84,Abarrotes,7502212171354,ENGRAPADORA MAE,110.0,0.0,0.0,0,
85,Abarrotes,7502230942363,BON O BON 450 GR,7.0,0.5,0.5,0.5,
85,Abarrotes,7502230946132,CARAMELO ARCOR FRUTAL,95.0,0.0,0.0,0,
85,Abarrotes,7502230946286,CARAMELO DE VASO DE 800 GR,185.0,0.0,0.0,0,
85,Abarrotes,7502230947429,CARAMELO DE MENTA CRISTAL,0.52,48.0,48.0,48.0,
85,Abarrotes,7502230947955,CARAMELO POOS,35.0,0.0,0.0,0,
85,Abarrotes,7502231540087,POLVO PARA HORNEAR DOBLE ACCION,130.0,0.0,0.0,0,
85,Abarrotes,7502238701238,Tinte Mister Color negro,350.0,3.0,3.0,3.0,
85,Abarrotes,7502265161371,REGLA FLEXIBLES,25.0,0.0,0.0,0,
85,Abarrotes,7502279700917,PAPEL HIGENICO ELITE,16.67,0.0,0.0,0,
85,Abarrotes,7503023615143,GELATINA BARBER STYLE 200 GR,60.0,3.0,3.0,3.0,
85,Abarrotes,7503023615709,Gel Barber style 100g,35.0,0.0,0.0,0,
85,Abarrotes,7503023615785,GELATINA SUPER FIX 100 GR,40.0,0.0,0.0,0,
85,Abarrotes,7503023615884,GELATINA SUPER FIX 1Kg,180.0,0.0,0.0,0,
85,Abarrotes,7503023615990,GELATINA SUPER FIX 230 GR,60.0,2.0,2.0,2.0,
85,Abarrotes,7503029724016,Levadura MAGIDELY 450 g,6.88,0.0,0.0,0,
85,Abarrotes,75044466,JUGO CHUPI FRUT,175.0,0.0,0.0,0,
85,Abarrotes,75046224,DESODORANTE DOVE MEN 50 GR,95.0,0.0,0.0,0,
85,Abarrotes,7506027508022,RAYADORES PLÁSTICOS,70.0,1.0,1.0,1.0,
85,Abarrotes,7506027508459,JABONERAS PEQUEÑAS,50.0,0.0,0.0,0,
85,Abarrotes,7506129446987,CUADERNO SCRIBE PEQUEÑO,6.25,0.0,0.0,0,
85,Abarrotes,7506129454081,CUADERNO SCRIBE SMARTY 5 MATERIA,120.0,0.0,0.0,0,
85,Abarrotes,7506129454982,CUADERNO SCRIBE COCIDO MAGICAL,85.0,0.0,0.0,0,
85,Abarrotes,7506192505543,CREMA SAVILE 275 ML,180.0,0.0,0.0,0,
85,Abarrotes,7506192506229,GELATINA EGO 250 ML,50.0,0.0,0.0,0,
86,Abarrotes,7506192506243,GELATINA EGO 950 ML,185.0,3.0,3.0,3.0,
86,Abarrotes,7506195160435,SHAMPOO PANTENE 100 ML,60.0,3.0,3.0,3.0,
86,Abarrotes,7506306214972,DESODORANTE REXONA CLINICAL MEN 150ML,160.0,0.0,0.0,0,
86,Abarrotes,7506306221314,Rexona spray dama 58 g,110.0,0.0,0.0,0,
86,Abarrotes,7506306225558,SHAMPOO SAVILE 730ML,200.0,0.0,0.0,0,
86,Abarrotes,7506306237407,SHAMPO SEDAL 190 ML,100.0,2.0,2.0,2.0,
86,Abarrotes,7506306241206,Desodorante Dove tono uniforme 150 ml,165.0,1.0,1.0,1.0,
86,Abarrotes,7506306251786,Gelatina EGO 10 ml sachet,10.83,0.0,0.0,0,
86,Abarrotes,7506475106207,Leche nestogeno 3 - 800 gr,375.0,0.0,0.0,0,
86,Abarrotes,7506475106221,Leche condensada la lechera 375 g,90.0,17.0,17.0,17.0,
86,Abarrotes,7506475111676,NESCAFE 200 GRM,335.0,1.0,1.0,1.0,
86,Abarrotes,7506475114516,Nesquik 400gr,140.0,0.0,0.0,0,
86,Abarrotes,7506475118620,Leche Nestogeno #1 -1.1kl,550.0,13.0,13.0,13.0,
86,Abarrotes,7506475118637,"LECHE NESTOGENO #2 - 1,1KG",520.0,2.0,2.0,2.0,
86,Abarrotes,7506475119146,Cremora Coffe mate 160 g,75.0,0.0,0.0,0,
86,Abarrotes,7506475123105,Leche esencial 325 g,125.0,32.0,32.0,32.0,
86,Abarrotes,7506475123136,Leche Lechera 325g,165.0,6.0,6.0,6.0,
86,Abarrotes,75076719,DOVE MEN 45 G,145.0,0.0,0.0,0,
86,Abarrotes,75077334,DOVE DAMA 45 G,145.0,3.0,3.0,3.0,
86,Abarrotes,750894601240,TAQUERITOS,400.0,10.0,9.0,9.0,
86,Abarrotes,750894601356,TACOS 23 GR,120.0,0.0,0.0,0,
86,Abarrotes,750894601394,TACOS,240.0,10.0,10.0,10.0,
86,Abarrotes,750894601585,PAPA ZIBAS,360.0,23.0,23.0,23.0,
86,Abarrotes,750894607549,PALITOS DE PAPA,200.0,0.0,0.0,0,
87,Abarrotes,750894607563,ANILLITOS,200.0,0.0,0.0,0,
87,Abarrotes,750894620500,ACEITE MAZOLA 946 ML,65.0,0.0,0.0,0,
87,Abarrotes,750894620517,Aceite Mazola Sin Colesterol 3.78 Galon,510.0,4.0,4.0,4.0,
87,Abarrotes,75089462084,ACEITE MAZOLA 700 ML,95.0,14.0,14.0,14.0,
87,Abarrotes,750894621538,Aceite Mazola Sin Colesterol 5.01 Galon,375.0,0.0,0.0,0,
87,Abarrotes,750894642137,JABON ZIXX,42.5,72.5,66.5,66.5,
87,Abarrotes,750894642359,JABON DE BAÑO VENZA,20.0,53.0,53.0,53.0,
87,Abarrotes,75089468021,PASTA DE TOMATE ISSIMA,16.0,0.0,0.0,0,
87,Abarrotes,750894681303,Sofrito Mexicano Issima 106 g,16.67,22.0,22.0,22.0,
87,Abarrotes,7509546011042,SHAMPO MENEN 200 ML,165.0,0.0,0.0,0,
87,Abarrotes,7509546045320,Desodorante speed stick Gel Men,170.0,4.0,4.0,4.0,
87,Abarrotes,7509546052816,DESODORANTE SPEED STICK GEL,165.0,0.0,0.0,0,
87,Abarrotes,7509546054650,PASTA COLGATE LUMINOUNS,80.0,0.0,0.0,0,
87,Abarrotes,7509546059723,SHAMPO PALMOLIVE OPTIMS 700 ML,210.0,0.0,0.0,0,
87,Abarrotes,7509546060613,lady speed stick nacar 45 g,95.0,0.0,0.0,0,
87,Abarrotes,7509546063515,lady speed stick pro5 150 ml,145.0,0.0,0.0,0,
87,Abarrotes,7509546063645,Desodorante speed stick termo activado 150ml,145.0,0.0,0.0,0,
87,Abarrotes,7509546063706,DESODORANTE SPEED STICK SPRAY CABALLERO,145.0,9.0,9.0,9.0,
87,Abarrotes,7509546063843,Desodorante lady speed stick dama 150ml,145.0,0.0,0.0,0,
87,Abarrotes,7509546063867,desodorante speed stick xtreme intense 150 ml,145.0,0.0,0.0,0,
87,Abarrotes,7509546066189,Speed Stick Caballero Clinical Complete 50 g,100.0,0.0,0.0,0,
87,Abarrotes,7509546066776,PASTA COLGATE MINIUS,85.0,0.0,0.0,0,
87,Abarrotes,7509546067902,Lady speed stick,145.0,0.0,0.0,0,
87,Abarrotes,7509546067926,lady speed stick aclara manchas 150 ml,145.0,0.0,0.0,0,
88,Abarrotes,7509546068220,PASTA DENTAL COLGATE TRIPLE ACCION 160 ML,125.0,0.0,0.0,0,
88,Abarrotes,7509546069265,PASTA DENTAL MAX WHITE 160ML,160.0,0.0,0.0,0,
88,Abarrotes,7509546071428,Suavitel cuidado superior,100.0,0.0,0.0,0,
88,Abarrotes,7509546071534,Lady Speed Stick spray dama 150 ml,145.0,7.0,7.0,7.0,
88,Abarrotes,7509546071909,lady speed stick invisible 150 ml,145.0,0.0,0.0,0,
88,Abarrotes,7509546074009,speed stick clinical 150ml,145.0,1.0,1.0,1.0,
88,Abarrotes,7509546655734,Jabon Mennen para bebé 90 g,50.0,15.0,15.0,15.0,
88,Abarrotes,7509546699714,KIT PALMOLIVE OPTIMS,260.0,0.0,0.0,0,
88,Abarrotes,7509552901511,CREMA GARNIER 300 ML CABELLO,195.0,0.0,0.0,0,
88,Abarrotes,751190500022,Consome de Pollo Madona,75.0,1.0,1.0,1.0,
88,Abarrotes,751296130505,Super Mix CHOCOLATE 560G,85.0,0.0,0.0,0,
88,Abarrotes,751689060112,Crema corporal Stefanie 345 ml,0.0,0.0,0.0,0,
88,Abarrotes,75168906207,CREMA STEFANIA HIDRATANTE,110.0,0.0,0.0,0,
88,Abarrotes,751689080080,TALQUERA JANNETTE 120 GR,85.0,0.0,0.0,0,
88,Abarrotes,751689100061,OFERTA SHAMPO+ ACONDICIONADOR KENT,145.0,0.0,0.0,0,
88,Abarrotes,751689100917,SHAMPOO NICOLE OFERTA,140.0,1.0,1.0,1.0,
88,Abarrotes,751689150233,SHAMPO JOU JOU,85.0,0.0,0.0,0,
88,Abarrotes,751689150370,SHAMPO BABY BUBBLE 360 ML,100.0,0.0,0.0,0,
88,Abarrotes,75193330375,ACEITE D'OROFRIT 3 LTR,250.0,1.0,1.0,1.0,
88,Abarrotes,751963110106,Margarina Numar 90 g,11.0,417.0,412.0,412.0,
88,Abarrotes,751963170049,MARGARINA CLOVER,38.0,0.0,0.0,0,
88,Abarrotes,751963310612,ACEITE CLOVER 2 LT,140.0,0.0,0.0,0,
88,Abarrotes,751963328730,Aceite Clover 1500 ML,140.0,1.0,1.0,1.0,
88,Abarrotes,751963330368,D´ OROFRIT 900 ML,80.0,2.0,2.0,2.0,
89,Abarrotes,752534601009,GELATINA IMPERIAL 85 GR,20.0,0.0,0.0,0,
89,Abarrotes,753079001781,GALLETA CHOCO MAD,7.92,764.0,740.0,740.0,
89,Abarrotes,753081005005,Tornillo INA 200G,24.0,0.0,0.0,0,
89,Abarrotes,753081007009,CONCHITAS INA DE 200 GRAMOS,18.0,0.0,0.0,0,
89,Abarrotes,75308100860,GALLETA CHOCOWOW ( 6 UND),7.5,0.0,0.0,0,
89,Abarrotes,753081010504,Galleta choco wow 8 packs,6.5,87.0,87.0,87.0,
89,Abarrotes,753081024013,CODITOS LITALIANA,18.0,0.0,0.0,0,
89,Abarrotes,753081062008,Espaguetti Litaliana 200 g,15.0,133.0,109.0,109.0,
89,Abarrotes,753081067003,Conchitas Litaliana 200 g,15.0,112.0,100.0,100.0,
89,Abarrotes,7569362328722,Tenedores metálicos Stainless Steel,7.5,12.0,12.0,12.0,
89,Abarrotes,75695600468,BOTONETAS,65.0,4.0,3.0,3.0,
89,Abarrotes,756956171713,GALLETA DAPI,23.0,0.0,0.0,0,
89,Abarrotes,7569580003700,CONSUME DE POLLO LOS PATITOS,17.0,0.0,0.0,0,
89,Abarrotes,756958000400,PASTA AJO,40.0,0.0,0.0,0,
89,Abarrotes,756972000332,PALILLOS P CHOCO BANANOS MELHER,20.0,0.0,0.0,0,
89,Abarrotes,757437808920,SHAMPO MOMMY CARE,120.0,0.0,0.0,0,
89,Abarrotes,757528015671,Duvalin 180 Gr,70.0,1.0,1.0,1.0,
89,Abarrotes,758437179881,EMPANIZADOR YA ESTA 100 GR,25.0,0.0,0.0,0,
89,Abarrotes,7590002012468,VAPORUD DE 50 ML,70.0,0.0,0.0,0,
89,Abarrotes,759094010128,Canela en polvo Favora 2.5 g,4.17,0.0,0.0,0,
89,Abarrotes,759094010708,AJO MOLIDO FAVORA,2.92,0.0,0.0,0,
89,Abarrotes,759094020349,CONSOME FAVORA 200 GR,55.0,1.0,1.0,1.0,
89,Abarrotes,759094020929,Sazon completo FAVORA 200g,70.0,1.0,1.0,1.0,
89,Abarrotes,759094074014,Tropi kuhi Fresco Endulzado 10 g,55.0,10.0,10.0,10.0,
90,Abarrotes,7591005574014,ESPIRALES PARA MOSQUITO RAID,45.0,0.0,0.0,0,
90,Abarrotes,7591113712322,BOMBILLO NAVILAM 40 W,55.0,0.0,0.0,0,
90,Abarrotes,7591163100223,LAPICERO MONGOL,5.0,0.0,0.0,0,
90,Abarrotes,7591275951874,PAYLA ROKA TEFLON #26,320.0,0.0,0.0,0,
90,Abarrotes,75927001101313,PINTURA DE UÑA STAY,35.0,0.0,0.0,0,
90,Abarrotes,7592701104635,paste de baño de esponja stay,35.0,0.0,0.0,0,
90,Abarrotes,759364663573,LAPICERO ECOBOL,3.75,0.0,0.0,0,
90,Abarrotes,759364921154,ESCOBA SUPER PRACTICA,65.0,0.0,0.0,0,
90,Abarrotes,7593970001816,SET DE COCINA LITLE KITCHEN,140.0,0.0,0.0,0,
90,Abarrotes,7593970020923,SET JUEGO DE PULCERA MESSAGE BANDS,300.0,0.0,0.0,0,
90,Abarrotes,7593980011256,PANAS DE COLORES,50.0,1.0,1.0,1.0,
90,Abarrotes,7593980045107,Libreta Notebook series,130.0,0.0,0.0,0,
90,Abarrotes,7593990007522,SET COSTURA SMART CHOICE,50.0,0.0,0.0,0,
90,Abarrotes,7593990091576,SILICONA LIQUIDA 100 ML,40.0,4.0,4.0,4.0,
90,Abarrotes,759684272318,HISOPOS KIUTS 150 PZAS,55.0,0.0,0.0,0,
90,Abarrotes,759684272325,Hisopos KIUTS 300 pzs,80.0,0.0,0.0,0,
90,Abarrotes,760203013664,Malvavisco Marshmallows,80.0,18.0,18.0,18.0,
90,Abarrotes,760203016191,Marshmallows chocolate,13.5,4.0,4.0,4.0,
90,Abarrotes,76086100001,Café Presto Instantaneo 250 g,360.0,3.0,3.0,3.0,
90,Abarrotes,76086100003,Café Presto Instantaneo 50 g,98.0,40.0,39.0,39.0,
90,Abarrotes,760861000273,CAFE SELECTO VERDE 400GRM,175.0,0.0,0.0,0,
90,Abarrotes,760861000310,Avena Sasa Molida 400 g,37.0,199.0,193.0,193.0,
90,Abarrotes,760861000334,Cebada Sasa 400 g,42.0,15.0,15.0,15.0,
90,Abarrotes,760861000358,Pinolillo Sasa 400 g,48.0,28.0,22.0,22.0,
91,Abarrotes,760861001287,Leche Delisoya Con Lactosa Natural 360 g,130.0,36.0,34.0,34.0,
91,Abarrotes,760861002000,Leche Delisoya Con Lactosa Sabor Fresa 360 g,130.0,27.0,27.0,27.0,
91,Abarrotes,760861002185,Leche Delisoya Sin Lactosa Sabor Natural 360 g,135.0,1.0,0.0,0,
91,Abarrotes,760861002215,Delisoya Trocitos sabor res 90 g,40.0,0.0,0.0,0,
91,Abarrotes,760861002673,Leche Delisoya Con Lactosa Sabor Natural 30 g,125.0,30.0,30.0,30.0,
91,Abarrotes,760861002697,cafe toro,7.5,2350.0,2085.0,2085.0,
91,Abarrotes,760861002727,CAFE SELECTO AMARILLO 400GRM,150.0,0.0,0.0,0,
91,Abarrotes,760861002734,DELISOYA CHOCOLATE 36G RISTRA,125.0,9.0,9.0,9.0,
91,Abarrotes,760861002789,Cebada Sasa Instantanea 400 g,42.0,0.0,0.0,0,
91,Abarrotes,760861002826,Café Selecto Amarillo 28 g,10.5,1761.0,1719.0,1719.0,
91,Abarrotes,76086100305353,AVENA SASA MOLIDA 1000 GR,100.0,7.0,7.0,7.0,
91,Abarrotes,760861003113,AVENA SASA MOSH 360 GR,23.0,0.0,0.0,0,
91,Abarrotes,760861003120,AVENA SASA RISTRA HOJUELA 40 GR,52.0,0.0,0.0,0,
91,Abarrotes,760861003281,LECHE DELISOYA CON LACTOSA DE 2200 G,500.0,0.0,0.0,0,
91,Abarrotes,760861003298,Leche Delisoya Sin Lactosa 2200 g,520.0,0.0,0.0,0,
91,Abarrotes,760861003304,Café Nuestro 25 g,6.88,5368.0,5219.0,5219.0,
91,Abarrotes,760861003472,Leche Delisoya Con Lactosa Sabor Fresa 36 g,125.0,38.0,38.0,38.0,
91,Abarrotes,760861003649,CREMORA SOBRE,95.0,4.0,2.0,2.0,
91,Abarrotes,760861003656,Cremora para café Seda 170 g,85.0,0.0,0.0,0,
91,Abarrotes,760861003663,Cremora para café Seda 454 g,165.0,27.0,27.0,27.0,
91,Abarrotes,760861003847,DELISOYA 1+ 360 GR,125.0,0.0,0.0,0,
91,Abarrotes,760861004554,Cremora para café Seda 1000 g,310.0,2.0,2.0,2.0,
91,Abarrotes,760861005261,DELISOYA 1+ 900 GR,270.0,0.0,0.0,0,
91,Abarrotes,760861005268,AVENA SASA HOJUELA 900 GR,85.0,35.0,35.0,35.0,
92,Abarrotes,760861005551,Avena Most Sasa en Hojuelas 400 g,33.0,170.0,143.0,143.0,
92,Abarrotes,760861005605,Avena Sasa Molida 45 g,70.0,14.0,14.0,14.0,
92,Abarrotes,76086100568,DELISOYA 1+ 2000 GR,540.0,0.0,0.0,0,
92,Abarrotes,760861006336,CREMORA SOBRE,95.0,0.0,0.0,0,
92,Abarrotes,760861006411,DELISOYA CON LACTOSA CHOCOLATE 360 GR,125.0,4.0,4.0,4.0,
92,Abarrotes,760861006435,Leche delisoya Crema y galleta 360 g,125.0,10.0,10.0,10.0,
92,Abarrotes,760861006442,DELISOYA CON AVENA SIN LACTOSA 360 G,125.0,0.0,0.0,0,
92,Abarrotes,760861006459,LECHE DELISOYA 1 + 360 GR,135.0,0.0,0.0,0,
92,Abarrotes,760861402,CAFÉ PRESTO INSTANTANEO DE 150 GR,260.0,13.0,13.0,13.0,
92,Abarrotes,760896130150,PASTA NEGRA INSTA 70 GR,55.0,0.0,0.0,0,
92,Abarrotes,760896135155,Pasta de lustrar negra 70 gr,60.0,8.0,8.0,8.0,
92,Abarrotes,7613032258160,"Cereal Infantil Arroz, 8 Cereales , Trigo Miel",75.0,0.0,0.0,0,
92,Abarrotes,7613032258450,Cereal Infantil 8 Cereales,75.0,0.0,0.0,0,
92,Abarrotes,7613032258931,NESTUM FRUTILLA FRESA 250 GR,58.0,0.0,0.0,0,
92,Abarrotes,7613032269913,Cereal Infantil Trigo Miel,75.0,6.0,6.0,6.0,
92,Abarrotes,7613032332488,Sabor y color Maggi 10 g,4.33,917.0,869.0,869.0,
92,Abarrotes,7613032343194,CONSOME MI SAZON 10 GR,4.33,81.5,321.5,321.5,
92,Abarrotes,7613032774134,CONSOME DE POLLO MAGGI 225 GR,85.0,6.0,6.0,6.0,
92,Abarrotes,7613032809225,Leche Evaporada Ideal 360 g,90.0,20.0,20.0,20.0,
92,Abarrotes,7613032889661,Cereal Trigo Miel bolsita 30 g,10.0,0.0,0.0,0,
92,Abarrotes,7613033450310,MI SAZON VASO 225 GR,85.0,1.0,1.0,1.0,
92,Abarrotes,7613033584589,Leche Nido 1 1600 g,685.0,11.0,11.0,11.0,
92,Abarrotes,7613033584701,LECHE NIDO POTE 3+ 1600 G,635.0,0.0,0.0,0,
92,Abarrotes,7613033584732,Leche Nido 3 + 800 g,370.0,5.0,5.0,5.0,
93,Abarrotes,7613033584763,Leche Nido 1 800 g,375.0,7.0,7.0,7.0,
93,Abarrotes,7613033584794,Leche Nido 3+ 360 g,163.0,0.0,0.0,0,
93,Abarrotes,7613034196231,Leche Nido 1+ 2200 g Pote,610.0,0.0,0.0,0,
93,Abarrotes,7613034947017,Sopa Criolla Tortilla Maggi 60 g,20.0,0.0,0.0,0,
93,Abarrotes,7613034966650,Leche Nan Sin lactosa 400 g,395.0,0.0,0.0,0,
93,Abarrotes,7613035200180,Café Presto Instantaneo Dispensador 144 g,3.5,2563.0,2558.0,2558.0,
93,Abarrotes,7613035361348,SOPA POLLO CON CARACOLITOS 51 GR,13.75,0.0,0.0,0,
93,Abarrotes,7613035371354,Sopa Maggi Ristra 28.5 g,95.0,32.0,32.0,32.0,
93,Abarrotes,7613035396203,Sopa de Pollo con fideos Maggi 57 G,13.33,594.0,1278.0,1278.0,
93,Abarrotes,7613035538160,LECHE NIDO ESENCIAL 2200 GR,700.0,0.0,0.0,0,
93,Abarrotes,7613035538191,LECHE NIDO ESENCIAL 350 GR,125.0,2.0,2.0,2.0,
93,Abarrotes,7613035858299,Leche Anchor 350 g,175.0,23.0,23.0,23.0,
93,Abarrotes,7613035935167,CEREAL TRIGO LECHE 250 GR,70.0,0.0,0.0,0,
93,Abarrotes,7613035988316,Leche la Lechera 350 G,175.0,0.0,0.0,0,
93,Abarrotes,7613036035910,Leche La Lechera 110 g,36.0,0.0,0.0,0,
93,Abarrotes,7613036633192,CONSOME NATURISIMO 225 GR,125.0,3.0,3.0,3.0,
93,Abarrotes,7613037917017,LECHE NIDO 5+ 800 gr,310.0,1.0,1.0,1.0,
93,Abarrotes,7613038709819,LECHE NIDO FORTICRECE 360 GR,150.0,0.0,0.0,0,
93,Abarrotes,7613039504307,CONSOME POLLO MAGGI 454 GR,125.0,0.0,0.0,0,
93,Abarrotes,7613287046109,PACK DE LECHE NIDO 1+360 GR,540.0,0.0,0.0,0,
93,Abarrotes,7613287207081,LECHE NIDO 1+ 1.95 KG,755.0,0.0,0.0,0,
93,Abarrotes,7622210492968,Flan Royal sabor Vainilla,45.0,0.0,0.0,0,
93,Abarrotes,7622210863416,Tang variados,8.0,1126.0,1126.0,1126.0,
93,Abarrotes,7622300134044,Gelatinas de sabores Royal,24.0,77.0,77.0,77.0,
94,Abarrotes,7622300718985,Gelatina Sabores Royal 80 g,42.0,9.0,9.0,9.0,
94,Abarrotes,762992032833,LONCHERA CON CUBIERTOS,125.0,0.0,0.0,0,
94,Abarrotes,762992081107,PAPELERA NEGRA TACOPLAST,330.0,0.0,0.0,0,
94,Abarrotes,763319100082,CREMA CORPORAL FLEUR NOIRE 236 ML,150.0,0.0,0.0,0,
94,Abarrotes,763517611397,Leche Nutri Lety en polvo 420 gr,110.0,0.0,0.0,0,
94,Abarrotes,763517611434,Leche Nutri Lety en polvo 1825g,425.0,0.0,0.0,0,
94,Abarrotes,764009004574,ENERGIZANTE JET 600 ML,24.58,0.0,0.0,0,
94,Abarrotes,7640107510618,CIGARROS MARBLE,1.85,0.0,0.0,0,
94,Abarrotes,7662023659998,BOXER ADULTO WEAR WOLF,120.0,3.0,3.0,3.0,
94,Abarrotes,766324300416,Servilleta Nube Blanca 100 und,35.0,0.0,0.0,0,
94,Abarrotes,766324300423,SERVILLETA NUBE BLANCA 85 GR,15.0,0.0,0.0,0,
94,Abarrotes,766324304858,SERVILLETA ROSAL 100 UND,20.0,0.0,0.0,0,
94,Abarrotes,766324305206,PAPEL TOALLA NUBE BLANCA 1X3,120.0,5.0,5.0,5.0,
94,Abarrotes,766324306401,TOALLAS ROSAL TOWELS,45.0,0.0,0.0,0,
94,Abarrotes,766324310309,Toalla de cocina ROSAL,55.0,8.0,8.0,8.0,
94,Abarrotes,768497144576,Tijera Facela,80.0,4.0,4.0,4.0,
94,Abarrotes,76849715671,SILICON LIQUIDO 500ML,200.0,0.0,0.0,0,
94,Abarrotes,768497156715,Silicon liquido Facela 500ml,200.0,0.0,0.0,0,
94,Abarrotes,768497170247,Block Facela,45.0,0.0,0.0,0,
94,Abarrotes,768497170322,SILICON LIQUIDO FACELA 60 ML,35.0,6.0,6.0,6.0,
94,Abarrotes,768497170339,Silicon liquido Facela 100 ml,50.0,2.0,2.0,2.0,
94,Abarrotes,768497212244,Colores facela jumbo kids,120.0,0.0,0.0,0,
94,Abarrotes,768674521152,GERINGA DE 5 ML,5.0,0.0,0.0,0,
94,Abarrotes,768863000130,CREMA PAÑALITO 60 GR,68.0,0.0,0.0,0,
95,Abarrotes,769470004733,SALSA BARBACOA 420 G,65.0,3.0,3.0,3.0,
95,Abarrotes,769470004801,SALSA BUFFALO 420 G,65.0,3.0,3.0,3.0,
95,Abarrotes,7700771442117,FOCO RAGELI PEQUEÑO,125.0,0.0,0.0,0,
95,Abarrotes,7700771452116,FOCO RAGELY,120.0,0.0,0.0,0,
95,Abarrotes,7701103396887,COLORES BI-COLOR,70.0,0.0,0.0,0,
95,Abarrotes,7701103825400,COLORES SCRIBE,85.0,0.0,0.0,0,
95,Abarrotes,7701103904051,COLORES SCRIBE JUMBO OFERTA,185.0,0.0,0.0,0,
95,Abarrotes,7702006203067,Shampoo Savile 510 ml,150.0,0.0,0.0,0,
95,Abarrotes,7702007007985,Cocoa Dulce Instantanea 100 g,33.0,11.0,11.0,11.0,
95,Abarrotes,7702007067392,Choco bolas vaso 165 PZS,225.0,1.0,1.0,1.0,
95,Abarrotes,7702010420313,JABON LIQUIDO PROTEX 221 ML,70.0,0.0,0.0,0,
95,Abarrotes,7702010631207,CEPILLO COLGATE 2 PACK,80.0,4.0,4.0,4.0,
95,Abarrotes,7702018913640,DESODORANTE GILLETTE,145.0,0.0,0.0,0,
95,Abarrotes,7702024111511,Bujilla recargable 90 W,165.0,1.0,1.0,1.0,
95,Abarrotes,7702031293231,SHAMPO JOHNNSON 200 ml,165.0,0.0,0.0,0,
95,Abarrotes,7702031293255,SHAMPOO JONNSHON 750 ML,300.0,0.0,0.0,0,
95,Abarrotes,7702048276326,Bombillo SYLVANIA 12W,55.0,0.0,0.0,0,
95,Abarrotes,7702048276340,BOMBILLO SYLVANIA 15 W,70.0,0.0,0.0,0,
95,Abarrotes,7702048402718,Bombillos EXOTICA,25.0,26.0,26.0,26.0,
95,Abarrotes,7702081004030,BUJIAS SPLENDOR 60W,12.0,0.0,0.0,0,
95,Abarrotes,7702111510807,CUADERNO COCIDO GRANDE,28.0,0.0,0.0,0,
95,Abarrotes,7702391004515,Candado SHUHUAN pequeño,45.0,0.0,0.0,0,
95,Abarrotes,7702425631397,Protectores KOTEX 15 und,35.0,0.0,0.0,0,
95,Abarrotes,7702468055020,Foco recargable 1W Led,180.0,0.0,0.0,0,
96,Abarrotes,7702561552723,Arrocera MILENIUM,950.0,0.0,0.0,0,
96,Abarrotes,7702993022283,CARAMELO BIANCHI 400GR,0.85,4430.0,4430.0,4430.0,
96,Abarrotes,7702993039724,CARAMELO CHAO SABOR VARIADO,90.0,1790.0,1790.0,1790.0,
96,Abarrotes,7702993046586,CARAMELO RICATO,2.0,0.0,0.0,0,
96,Abarrotes,7702993051016,Caramelos chao 1x100 und,0.85,4979.0,4979.0,4979.0,
96,Abarrotes,7703064003026,TEMPERA PELIKAN,70.0,0.0,0.0,0,
96,Abarrotes,7703142200408,CUCHILLO INCAMENTAL,35.0,0.0,0.0,0,
96,Abarrotes,7703486037449,LAPICERO TINTA PAPER MATE (3 UND),20.0,1.0,1.0,1.0,
96,Abarrotes,7706800148203,SPRAY MR MUSCULO PARA VIDRIO,195.0,0.0,0.0,0,
96,Abarrotes,7706800790594,Mr Músculo Limpia cocina 650 ml,180.0,4.0,3.0,3.0,
96,Abarrotes,7707064327298,CLAVO DE HERRAR CORONA 24 UND,25.0,0.0,0.0,0,
96,Abarrotes,7718922097192,PICHEL DE ALUMINIO K.M,220.0,0.0,0.0,0,
96,Abarrotes,7750049000730,CUADERNO TIGU RESORTE GRANDE,45.0,0.0,0.0,0,
96,Abarrotes,7750082001589,BORRADOR ARTESCO,8.0,9.0,9.0,9.0,
96,Abarrotes,7750082017757,CRAYONES ARTESCO 12 JUMBO,70.0,0.0,0.0,0,
96,Abarrotes,7750082039049,ESTUCHE ARTESCO,45.0,1.0,1.0,1.0,
96,Abarrotes,7750082039148,Colores ARTESCO 12 und,50.0,0.0,0.0,0,
96,Abarrotes,7750082107458,CORRECTOR ARTESCO 10ML,20.0,0.0,0.0,0,
96,Abarrotes,7750371102270,Espaguetti Anita 200 g,15.0,0.0,0.0,0,
96,Abarrotes,7750371680099,Conchitas Anita 170 g,15.0,0.0,0.0,0,
96,Abarrotes,7751772001285,PANITAS GALAXIA GIGANTE,65.0,0.0,0.0,0,
96,Abarrotes,7751772004668,Papelera PolinPlast,400.0,1.0,1.0,1.0,
96,Abarrotes,7754005010238,SELLADOR GRANDE JUMBO,185.0,13.0,13.0,13.0,
96,Abarrotes,7754005381659,TEYPE PEQUEÑO PEGAFAN,28.0,2.0,2.0,2.0,
97,Abarrotes,7754005381673,CINTA ADHESIVA PEGAFAN,40.0,1.0,1.0,1.0,
97,Abarrotes,7757174009973,CHOCOLATE PRIVILEGIO XL,3.13,0.0,0.0,0,
97,Abarrotes,7791274196508,SHAMPO BABY ALGABO 444 ML,200.0,0.0,0.0,0,
97,Abarrotes,7791293012087,DESODORANTE DOVE MEN CARE 150 ML,165.0,0.0,0.0,0,
97,Abarrotes,7791293022567,desodorante rexona 72h 150 ml,165.0,0.0,0.0,0,
97,Abarrotes,7791293025780,Desodorante Body spray AXE 150ml,160.0,0.0,0.0,0,
97,Abarrotes,7791293032450,Rexona Spray dama 150 ml,145.0,3.0,3.0,3.0,
97,Abarrotes,7791293050232,Shampoo Tresemmé 500 ml,300.0,0.0,0.0,0,
97,Abarrotes,7793100151224,CEPILLO COLGATE INFANTIL,20.0,0.0,0.0,0,
97,Abarrotes,7795245104011,COLORES PAPER MATE 12 UND,55.0,0.0,0.0,0,
97,Abarrotes,7795245104042,COLORES PAPER MATE 24 UND,120.0,0.0,0.0,0,
97,Abarrotes,7795245104516,COLORES PAPER MATE,40.0,0.0,0.0,0,
97,Abarrotes,7802800723782,ZUKO 20gr Sabores,8.33,837.0,837.0,837.0,
97,Abarrotes,7802950062793,Leche condensada La lechera 100 g,35.0,21.0,21.0,21.0,
97,Abarrotes,7806781400151,Bolsas de regalo Global Store,55.0,1.0,1.0,1.0,
97,Abarrotes,7806781400410,Bolsa de regalo Global Store Med,45.0,0.0,0.0,0,
97,Abarrotes,7806789091849,Carro Dinosaur construction,0.0,0.0,0.0,0,
97,Abarrotes,781347000877,Choco Melher Sabor Chicle 400 g,66.0,2.0,2.0,2.0,
97,Abarrotes,781347011231,Choco melher fresa 300 g,68.0,8.0,8.0,8.0,
97,Abarrotes,781347600107,Choco Melher Clasico 400 g,68.0,32.0,64.0,64.0,
97,Abarrotes,781347601114,CHOCO MELHER MANI,68.0,15.0,15.0,15.0,
97,Abarrotes,781347711049,Choco Melher Sabor Fresa 400 g,65.0,3.0,3.0,3.0,
97,Abarrotes,781347711056,Choco Melher Sabor Banano 400 g,53.0,0.0,0.0,0,
97,Abarrotes,781347711193,Choco melher blanco 300 g,68.0,8.0,8.0,8.0,
98,Abarrotes,781347711209,Choco melher chicle 300 g,68.0,8.0,8.0,8.0,
98,Abarrotes,7820112608191,MANICURE SET 20PCS,125.0,0.0,0.0,0,
98,Abarrotes,7820230142812,Bolsa de regalo sav mini,10.0,0.0,0.0,0,
98,Abarrotes,7820230142836,Bolsa de regalo sav grande,25.0,3.0,3.0,3.0,
98,Abarrotes,7820230145028,Bolsa de regalo sav mediana,20.0,16.0,16.0,16.0,
98,Abarrotes,7827453517557,Rayador LOTUS,90.0,0.0,0.0,0,
98,Abarrotes,7827453519148,Bolsa de regalo 51914,35.0,0.0,0.0,0,
98,Abarrotes,7827453824983,PALILLOS DE DIENTES WIN,10.0,0.0,0.0,0,
98,Abarrotes,7827453830144,PICHEL DECORADO HUAWEI,220.0,0.0,0.0,0,
98,Abarrotes,7827453830151,TETERA KETLE 3.04,400.0,0.0,0.0,0,
98,Abarrotes,7827453830687,Taza blanca avocado,55.0,3.0,3.0,3.0,
98,Abarrotes,7827453849481,Hilos c/aguja paquete,75.0,0.0,0.0,0,
98,Abarrotes,7827453850241,Cucharas metálicas pequeñas,10.0,21.0,21.0,21.0,
98,Abarrotes,783094051393,BATERIA RAYOVAC AA10,40.0,5.0,5.0,5.0,
98,Abarrotes,783117100046,Jalea Callejas 100 gr,45.0,0.0,0.0,0,
98,Abarrotes,783117100053,Jalea CALLEJAS 200Gr,65.0,0.0,0.0,0,
98,Abarrotes,784099897535,Galleta RENATA 115 gr,18.0,0.0,0.0,0,
98,Abarrotes,7850725518303,BOLSO PAÑALERO BABY PICOLINO,450.0,1.0,1.0,1.0,
98,Abarrotes,785381026138,Suavizante Serenia Magia Blanca 1.9 ltr,175.0,3.0,3.0,3.0,
98,Abarrotes,785381026145,Suavizante Serenia Magia Blanca 850 ml,100.0,7.0,7.0,7.0,
98,Abarrotes,7890563050016,CALCETINES ALTOS SILVER BULL,25.0,2.0,2.0,2.0,
98,Abarrotes,7891024136096,ENJUAGUE BUCAL COLGATE PLAX 250 ML,210.0,5.0,5.0,5.0,
98,Abarrotes,7891112267237,JUEGO DE PAILAS TRAMONTINA(5 PCZ),3800.0,0.0,0.0,0,
98,Abarrotes,7891118015238,BOMBOM ARCOR,35.0,0.0,0.0,0,
99,Abarrotes,7891150019454,SHAMPO DOVE 200 ML,115.0,0.0,0.0,0,
99,Abarrotes,7891645134914,Limas Nicholson con cabo,70.0,0.0,0.0,0,
99,Abarrotes,7893630210047,LECHE NUTRILETI SABOR,295.0,0.0,0.0,0,
99,Abarrotes,7893630210054,Leche Nutri Lety 1 LT,40.0,85.0,82.0,82.0,
99,Abarrotes,7893630210900,LECHE NUTRILETY 500 ML,15.0,0.0,0.0,0,
99,Abarrotes,7896058591698,CARAMELO POLPA NATURAL 600 GR,80.0,0.0,0.0,0,
99,Abarrotes,7896085871702,Crema Grupy Kids 300 ml,135.0,0.0,0.0,0,
99,Abarrotes,7896085873072,Crema hidratante ORIGEM corporal 380 ml,110.0,0.0,0.0,0,
99,Abarrotes,7896312110093,PALETA VARIADAS,45.0,0.0,0.0,0,
99,Abarrotes,7896312110765,CARAMELO FRUTELLA,65.0,0.0,0.0,0,
99,Abarrotes,7896321000248,CARAMELO FLORESTAL 1 KILO,125.0,0.0,0.0,0,
99,Abarrotes,7896321004253,BOMBOM FLOPITO,45.0,0.0,0.0,0,
99,Abarrotes,7896321008688,CARAMELO FLORESTAL 100 UND,45.0,0.0,0.0,0,
99,Abarrotes,7896321019486,BOMBOM FLOPITO CHICLE FLORESTAL,2.5,32.0,32.0,32.0,
99,Abarrotes,7896952540120,Panitas JAGUAR,58.0,1.0,1.0,1.0,
99,Abarrotes,7897042007226,crema skala 1000grm,250.0,7.0,7.0,7.0,
99,Abarrotes,7897042010455,DESODORANTE SKALA 60Ml,85.0,0.0,0.0,0,
99,Abarrotes,7897042016419,Oferta SKALA,340.0,1.0,1.0,1.0,
99,Abarrotes,7897190306653,CARAMELO MIEL RECHEADA,95.0,0.0,0.0,0,
99,Abarrotes,7897984717580,CREMA HIDRATANTE DENOMAX 470 GR,190.0,0.0,0.0,0,
99,Abarrotes,789865665545,TINTE PARA CABELLO MAXI,110.0,1.0,1.0,1.0,
99,Abarrotes,7899522080033,Bolso CROM,280.0,0.0,0.0,0,
99,Abarrotes,7909189124527,Desodorante ON DUTY 84ML,95.0,0.0,0.0,0,
99,Abarrotes,795229495545,SET DE DEPILADORA CEJA,75.0,0.0,0.0,0,
100,Abarrotes,796500001356,Chicharos TOÑOS 590 gr,70.0,0.0,0.0,0,
100,Abarrotes,796590170505,CANDELA SAN ANTONIO CAJA,43.0,0.0,0.0,0,
100,Abarrotes,799439315105,Shampoo Brown Hair,285.0,1.0,1.0,1.0,
100,Abarrotes,803275300543,AVENA QUAKER MOLIDA (SABOR) 380 GR,60.0,0.0,0.0,0,
100,Abarrotes,803275300789,Avena Quaker Hojuelas Ristra 40 g,88.0,13.0,13.0,13.0,
100,Abarrotes,803275305012,Avena Quaker Hojuelas 360 g,37.0,31.8,31.8,31.8,
100,Abarrotes,80327530537,AVENA QUAKER HOJUELA 900 GRM,95.0,12.0,12.0,12.0,
100,Abarrotes,803275305401,Avenas Quaker Mosh en Hojuelas 300 GR,28.0,28.0,28.0,28.0,
100,Abarrotes,803721793837,BLUMER ELANCE JACKEY,110.0,1.0,1.0,1.0,
100,Abarrotes,808829112115,TALCO BABY POWODER 283 GR,85.0,0.0,0.0,0,
100,Abarrotes,809552009574,GALLETAS CREMAS MOLSA,35.0,28.0,28.0,28.0,
100,Abarrotes,809552018859,GALLETAS KIDMAX,38.0,0.0,0.0,0,
100,Abarrotes,809552020784,GALLETA CREMA MOLSA,38.0,1.0,1.0,1.0,
100,Abarrotes,809552092118,GALLETA CREME-O,2.5,0.0,0.0,0,
100,Abarrotes,8098123486193,BLUMERES SOLIA,50.0,0.0,0.0,0,
100,Abarrotes,810020209631,Gelatina vaso 50 und,4.55,95.0,95.0,95.0,
100,Abarrotes,810020286397,Crema White Rain 354 ml,160.0,0.0,0.0,0,
100,Abarrotes,811175025398,MICROONDAS OSTER,3400.0,1.0,1.0,1.0,
100,Abarrotes,811863005213,CREMA J-PLUS,130.0,0.0,0.0,0,
100,Abarrotes,815154022828,Fury Energy 500 ml,25.83,20.0,20.0,20.0,
100,Abarrotes,818821001461,Crema Corporal Avena 500 ml,485.0,1.0,1.0,1.0,
100,Abarrotes,818821001478,CREMA AVENA DBTS,385.0,0.0,0.0,0,
100,Abarrotes,823756090213,CLAVO DE HERRAR ASHVA,15.62,0.67,0.67,0.67,
100,Abarrotes,8237562002018,LIMA STEEL FILES,31.67,0.0,0.0,0,
101,Abarrotes,827680134456,TABLA PARA PICAR CUTTING BOORD,200.0,0.0,0.0,0,
101,Abarrotes,827680230561,ESTUCHE VALUE,85.0,0.0,0.0,0,
101,Abarrotes,8410086101102,ACEITE DE OLIVE OIL,110.0,0.0,0.0,0,
101,Abarrotes,8410134081103,FRAGATA ACEITUNA VERDE,65.0,0.0,0.0,0,
101,Abarrotes,8410179100050,Aceite de oliva extracción en frío,295.0,0.0,0.0,0,
101,Abarrotes,8410179200835,Aceite de oliva Clasico P/Parrilla,235.0,0.0,0.0,0,
101,Abarrotes,8412428025237,SHAMPO SPRDERMAN 2 EN1 475 ML,185.0,0.0,0.0,0,
101,Abarrotes,8414227679901,SHAMPOO AMALFI 750 ML,195.0,0.0,0.0,0,
101,Abarrotes,8414533043847,CALSETINES MONSTER,12.0,38.0,38.0,38.0,
101,Abarrotes,8415100600319,HULITO NEW FASHION,12.0,0.0,0.0,0,
101,Abarrotes,842015000824,COLONIA BENANDRE 35 CC,50.0,0.0,0.0,0,
101,Abarrotes,842135000483,PAPEL TOALLA CARMESSI,25.0,0.0,0.0,0,
101,Abarrotes,842135001411,PAPEL HIGIENICO ENCANTO ECONOMICO 1X2,45.0,0.0,0.0,0,
101,Abarrotes,842135001510,PAPEL ENCANTO ECONOMICO 1X6,120.0,0.0,0.0,0,
101,Abarrotes,84213500404,PAPEL ENCANTO ECONOMICO 1X4,90.0,8.0,8.0,8.0,
101,Abarrotes,8433626236577,BLUMER HANA ROSADO,80.0,0.0,0.0,0,
101,Abarrotes,8433626299909,BLUMER HANA SECRET,85.0,0.0,0.0,0,
101,Abarrotes,8435296243428,BLUMER AOSI ROSE,45.0,1.0,1.0,1.0,
101,Abarrotes,8445290510631,CREMORA COFFE MATE SOBRE,2.5,0.0,0.0,0,
101,Abarrotes,8445290746641,Leche condensada La Lechera 320 g,90.0,0.0,0.0,0,
101,Abarrotes,8445291390546,Café Presto Instantaneo dispensador MATINAL 80 und,4.0,2084.5,2084.5,2084.5,
101,Abarrotes,84710028020,GOTAS PARA CABELLO NEVADA 180 ML,150.0,0.0,0.0,0,
101,Abarrotes,847610002082,TALCO BABY 625 GR,125.0,0.0,0.0,0,
101,Abarrotes,847610016478,TOALLA HUMEDA NEVADA KIDS,65.0,0.0,0.0,0,
102,Abarrotes,847610025876,SHAMPO NEVADA KIDS 473 ML,140.0,0.0,0.0,0,
102,Abarrotes,847610028082,GOTAS PARA CABELLO NEVADA 60 ML,75.0,1.0,1.0,1.0,
102,Abarrotes,847610028648,TALCO BABY POWDER 625 G,95.0,0.0,0.0,0,
102,Abarrotes,847610029690,Shampoo NEVADA 3in1 2Litros,350.0,0.0,0.0,0,
102,Abarrotes,847610030924,"Shampoo TOY STORY Nevada Kids 1,000 ml",170.0,0.0,0.0,0,
102,Abarrotes,847610040237,LOL Surprise! Shampoo 1000 ml,170.0,2.0,2.0,2.0,
102,Abarrotes,847610045430,TINTE COLOR CREAM VARIADOS,130.0,0.0,0.0,0,
102,Abarrotes,847610045454,Crema Colorante NEVADA,95.0,1.0,1.0,1.0,
102,Abarrotes,847610048547,SHAMPO NEVADA 500 ML,190.0,1.0,1.0,1.0,
102,Abarrotes,847610048677,Acondicionador NEVADA 500 ML,180.0,0.0,0.0,0,
102,Abarrotes,849607050441,ESPUMA SHAVE CREAM 396 GR,140.0,0.0,0.0,0,
102,Abarrotes,849607051431,SHAMPOO BABY XTRA CARE 16 ONZ (454 GR),85.0,0.0,0.0,0,
102,Abarrotes,849607059147,CREMA XTRA CARE CORPORAL 591ML,110.0,0.0,0.0,0,
102,Abarrotes,849607059192,SHAMPOO BABY XTRA CARE 444 ML,80.0,0.0,0.0,0,
102,Abarrotes,849607059208,Shampoo baby 444 ml,95.0,0.0,0.0,0,
102,Abarrotes,849607060716,SHAMPO BABY XTRACARE 500 ML,110.0,0.0,0.0,0,
102,Abarrotes,849607060730,SHAMPO BABY XTRACARE 1000 ML,185.0,4.0,4.0,4.0,
102,Abarrotes,849607063397,CREMA ALOE VERA 1 LT,150.0,0.0,0.0,0,
102,Abarrotes,849607064592,CREMA ALIKE 444 ML,130.0,0.0,0.0,0,
102,Abarrotes,852995002039,Crema batida tipo Chantilly 400 g,165.0,0.0,10.0,10.0,
102,Abarrotes,852995002077,Polvo para Hornear Royal,2.13,307.9,307.9,307.9,
102,Abarrotes,854635002454,TALQUERAS ELIZABETH 142 GR,85.0,0.0,0.0,0,
102,Abarrotes,854635002461,TALQUERAS DE DAMA,90.0,0.0,0.0,0,
102,Abarrotes,8550740487,ACEITE RICO 10 LT,720.0,0.0,0.0,0,
103,Abarrotes,8600997135018,CHOCOLATE CORAZON,230.0,0.0,0.0,0,
103,Abarrotes,8623156325616,Colas Zhuo fan shi pin,25.0,33.0,33.0,33.0,
103,Abarrotes,8680131202768,SHAMPO BABY GIGLES 400 ML,120.0,0.0,0.0,0,
103,Abarrotes,8680518414546,SALEROS DE VIDRIO,45.0,0.0,0.0,0,
103,Abarrotes,8680518416702,Saleros SARINA cam,90.0,1.0,1.0,1.0,
103,Abarrotes,8692458404770,CHOCOLATE PERLA 1100 GR,185.0,0.0,0.0,0,
103,Abarrotes,8692624159817,Limpia cocina Bix 750ml,110.0,0.0,0.0,0,
103,Abarrotes,8693029702424,CHOCOLATE TRUFFLE,2.4,0.0,0.0,0,
103,Abarrotes,8693135030510,VALDE TRANSPARENTE SENYA YLA MEDIANO,120.0,0.0,0.0,0,
103,Abarrotes,8693135030619,VALDE TRANPARENTE SENYA YLA GRANDE,210.0,0.0,0.0,0,
103,Abarrotes,8697413802011,CHOCOLATE AKSU,3.09,0.0,0.0,0,
103,Abarrotes,8697422930965,CARAMELO TAYF COFFE,185.0,0.0,0.0,0,
103,Abarrotes,8697671953395,CHOCOLATE OJALA,245.0,0.0,0.0,0,
103,Abarrotes,8698863443113,SHAMPO DEEP FRESH 500 ML,50.0,0.0,0.0,0,
103,Abarrotes,8718699765439,PHILIPS LED,55.0,0.0,0.0,0,
103,Abarrotes,8801038123097,Set de pinza Yh beja,45.0,0.0,0.0,0,
103,Abarrotes,8801038200026,GILLETH DORCO,10.0,1398.0,1397.0,1397.0,
103,Abarrotes,880628076365,SHAMPO BABY WASH 236 ML,110.0,0.0,0.0,0,
103,Abarrotes,8816801615204,SET DE JUGUETES COOKING,170.0,1.0,1.0,1.0,
103,Abarrotes,8816802441369,SET PARA DECORAR PULSERA,190.0,0.0,0.0,0,
103,Abarrotes,8816802483956,SUPER TRUCKS,600.0,0.0,0.0,0,
103,Abarrotes,8816803341941,Tractor city Builder,110.0,0.0,0.0,0,
103,Abarrotes,8816806786053,CARRO TOY IBROS,200.0,0.0,0.0,0,
103,Abarrotes,88169013147,Leche Nido Forticrece ristra 26 g,160.0,3.0,3.0,3.0,
104,Abarrotes,88169020398,Leche Anchor 800 g,320.0,0.0,0.0,0,
104,Abarrotes,88169407427,Consome de Pollo Maggi 10 g,4.33,588.0,588.0,588.0,
104,Abarrotes,88313001488,Salsa de Tomate Kerns ketchup 4100 g,330.0,8.0,8.0,8.0,
104,Abarrotes,88313006230,Salsa de Tomate Kerns ketchup Pura 375 g,60.0,26.0,26.0,26.0,
104,Abarrotes,88313006278,Salsa de Tomate Kerns ketchup Pura 995 g,110.0,20.0,19.0,19.0,
104,Abarrotes,88313337518,Salsa de Tomate Kerns ketchup 795 g,82.0,0.0,0.0,0,
104,Abarrotes,88313337549,Salsa de Tomate Kerns ketchup Pura 400 g,48.0,0.0,0.0,0,
104,Abarrotes,885131761422,MAMADERAS ESSENCTIALS SILICONA,70.0,2.0,2.0,2.0,
104,Abarrotes,885490031662,CREMA CORPORAL NUVALU 532 ML,185.0,0.0,0.0,0,
104,Abarrotes,886994406017,Bodyspray Vaporisateur,290.0,0.0,0.0,0,
104,Abarrotes,8881681307136,TABLA PARA PICAR PEQUEÑA,60.0,0.0,0.0,0,
104,Abarrotes,8881691814938,TABLA PARA PICAR,120.0,0.0,0.0,0,
104,Abarrotes,8881692116086,RETRATERA 20 CMX 25 CM,170.0,1.0,1.0,1.0,
104,Abarrotes,8881692301291,RETRATERA 21X29.7 CM,160.0,1.0,1.0,1.0,
104,Abarrotes,8902519105523,Cuaderno resorte Classmate,40.0,1.0,1.0,1.0,
104,Abarrotes,8902519108487,Cuaderno cocido Classmate,50.0,2.0,2.0,2.0,
104,Abarrotes,8904051807910,MINI VALDES CON TAPA,25.0,2.0,2.0,2.0,
104,Abarrotes,89040669006688,VALDE TAPA ROJA FAMILY,68.0,0.0,0.0,0,
104,Abarrotes,8904069004844,PANITAS FAMILY,55.0,1.0,1.0,1.0,
104,Abarrotes,8904114503551,CONTAINER FLOWERS,285.0,0.0,0.0,0,
104,Abarrotes,8904116101090,CUADERNO DE RESORTE APOLO pequeño,35.0,0.0,0.0,0,
104,Abarrotes,8904116101724,CUADERNO APOLO G,115.0,1.0,1.0,1.0,
104,Abarrotes,8904116101939,CUADERNO CAVALIER GRANDE RESORTE,110.0,0.0,0.0,0,
104,Abarrotes,8904116105005,Cuaderno Cocido Stilo,27.0,0.0,0.0,0,
105,Abarrotes,8906034319823,Talco Baby Powder para bebé 226g,0.0,2.0,2.0,2.0,
105,Abarrotes,8906041811235,Caramelo menta-chocolate 200 Pcs,180.0,1.0,1.0,1.0,
105,Abarrotes,8906078265780,Galleta TWINNIES CHOCOLATE,48.0,11.0,11.0,11.0,
105,Abarrotes,8906091691306,MINI VALDE PROPLAS,60.0,0.0,0.0,0,
105,Abarrotes,8906091691313,VALDE ROSADO ESQUITE,85.0,0.0,0.0,0,
105,Abarrotes,8906091692501,CANASTA PARA ROPA PROPLAS,600.0,0.0,0.0,0,
105,Abarrotes,8906115884158,Galletas CREAMY,55.0,0.0,0.0,0,
105,Abarrotes,8906184752143,Caramelo Mango Maxx,120.0,1.0,1.0,1.0,
105,Abarrotes,8907016000265,LAPIZ CLARO A.0NE PUNTA FINA,6.0,0.0,0.0,0,
105,Abarrotes,8907016017201,LAPICERO TINTA CLARO,5.0,273.0,273.0,273.0,
105,Abarrotes,8908020817689,Plancha GYNIPOT 1000 W,450.0,2.0,2.0,2.0,
105,Abarrotes,891549111872,BLACK FLAG,130.0,0.0,0.0,0,
105,Abarrotes,8936000670085,CIGARROS SUNNY,33.0,0.0,0.0,0,
105,Abarrotes,8936031837655,Cigarro Fisher red,34.0,0.0,0.0,0,
105,Abarrotes,8997011587427,SET TAZA MARIPOSA,250.0,0.0,0.0,0,
105,Abarrotes,90000007,MANTECA AMBAR,32.0,0.0,0.0,0,
105,Abarrotes,90000961,HARINA SILVER WINTER,215.0,0.0,0.0,0,
105,Abarrotes,9023800933911,Colores KORES 12 und,90.0,0.0,0.0,0,
105,Abarrotes,9550111013,Salsa de Tomate Gourmet Ketchup 1000 g,100.0,4.0,28.0,28.0,
105,Abarrotes,9555244602882,CEPILLO BRUSH,28.0,0.0,0.0,0,
105,Abarrotes,9556091102457,LAPICERO STABILO OFERTA 6X5,50.0,0.0,0.0,0,
105,Abarrotes,9556091132140,CRALLONES STABILO JUMBO,85.0,0.0,0.0,0,
105,Abarrotes,9556091511907,BORRADOR STABILO,12.0,0.0,0.0,0,
105,Abarrotes,9702098877052,CUADERNO COCIDO 50 C/U,50.0,0.0,0.0,0,
106,Abarrotes,9781234567897,COLORES PENCILLS,25.0,1.0,1.0,1.0,
106,Abarrotes,982001390147,CUADERNO LATINO COCIDO,37.0,1.0,1.0,1.0,
106,Abarrotes,9832275082,GLOBOS OH MY FIESTA,135.0,0.0,0.0,0,
106,Abarrotes,BC-1733,COLAS KOKO/NIÑA,8.57,0.0,0.0,0,
106,Abarrotes,GN0110,AZUCAR MORENA 2 KG,100.0,0.0,0.0,0,
106,Abarrotes,GN01100000,Servilletas Vueno,20.0,22.0,22.0,22.0,
106,Abarrotes,GN01100002,PEROL N° 2,220.0,0.0,0.0,0,
106,Abarrotes,GN01100008,Percoladora GYNIPOT,400.0,0.0,0.0,0,
106,Abarrotes,GN01100009,Vaso hule coca cola,25.0,6.0,6.0,6.0,
106,Abarrotes,GN01100011,TINA PRIMO,250.0,0.0,0.0,0,
106,Abarrotes,GN01100016,ACEITE INTERNACIONAL 4 LT,320.0,0.0,0.0,0,
106,Abarrotes,GN01100023,CUADERNO CLASSE RAY,50.0,1.0,1.0,1.0,
106,Abarrotes,GN01100033,Cepillo Ecoplancha,45.0,18.0,18.0,18.0,
106,Abarrotes,GN01100035,CEPILLO BONITA VIDA,90.0,1.0,1.0,1.0,
106,Abarrotes,GN01100041,chiqui TINA MEGA PLAST,270.0,0.0,0.0,0,
106,Abarrotes,GN01100050,CANDADO GLOBAL GOLD PEQUEÑO,45.0,0.0,0.0,0,
106,Abarrotes,GN01100053,Rexona spray dama 98 ml,100.0,6.0,6.0,6.0,
106,Abarrotes,GN01100054,Arroz Asunción 50/50 qq,15.7,100.0,100.0,100.0,
106,Abarrotes,GN01100056,"Ranchitas chile,queso 30 gr",300.0,3.0,1.0,1.0,
106,Abarrotes,GN01100059,Colores con borrador,80.0,2.0,2.0,2.0,
106,Abarrotes,GN01100067,Piraña metalicas doradas,50.0,0.0,0.0,0,
106,Abarrotes,GN01100068,SET DE BROCHAS NEGRAS,75.0,0.0,0.0,0,
106,Abarrotes,GN01100069,PONY KIDS,0.0,3.0,3.0,3.0,
106,Abarrotes,GN01100074,Colas Carterita,40.0,1.0,1.0,1.0,
107,Abarrotes,GN01100076,Jugos C frut 3 ltr,320.0,2.0,2.0,2.0,
107,Abarrotes,GN01100079,Aceite internacional 1 lt,85.0,6.0,6.0,6.0,
107,Abarrotes,GN01100080,LIGAS FINAS NEGRAS HAIR ELASTICS,40.0,0.0,0.0,0,
107,Abarrotes,GN01100084,Mini banderas de NIC,12.0,9.0,9.0,9.0,
107,Abarrotes,GN01100086,Limas para uñas Yh beja,20.0,2.0,2.0,2.0,
107,Abarrotes,GN01100088,Leche nido #1 2800g,1060.0,1.0,7.0,7.0,
107,Abarrotes,GN01100097,ACEITE TUYO 10 LTS,700.0,0.0,0.0,0,
107,Abarrotes,GN01100099,CANDADO GLOBAL GOLD MEDIANO,55.0,0.0,0.0,0,
107,Abarrotes,GN01100100,VASO HULE MANZ CUADRADO,40.0,0.0,0.0,0,
107,Abarrotes,GN01100102,Abanicos Bytity,1100.0,0.0,0.0,0,
107,Abarrotes,GN01100106,Sal refinada Finamar 1x25,8.0,345.0,293.0,293.0,
107,Abarrotes,GN01100112,SACA PUNTA CAPYBARA,10.0,0.0,0.0,0,
107,Abarrotes,GN01100116,PLATOS HONDOS DE VIDRIO HOME BLANK,60.0,6.0,6.0,6.0,
107,Abarrotes,GN01100118,PASCONES N° 8,25.0,0.0,0.0,0,
107,Abarrotes,GN01100120,Acuarela Smarty,40.0,0.0,0.0,0,
107,Abarrotes,GN01100123,TIJERA JAG GRANDE,45.0,0.0,0.0,0,
107,Abarrotes,GN01100124,BOXER DE NIÑO ESTAMPADO MILITAR,120.0,1.0,1.0,1.0,
107,Abarrotes,GN01100127,ALCANFOR,5.0,11.0,11.0,11.0,
107,Abarrotes,GN01100133,Arroz Dariano 96/4 50 lbs,1140.0,1.0,1.0,1.0,
107,Abarrotes,GN01100134,COLAS WL PRETTY,45.0,6.0,6.0,6.0,
107,Abarrotes,GN01100135,PAPEL TOALLA MAX PAPPEL,40.0,0.0,0.0,0,
107,Abarrotes,GN01100137,PANAS MEDIANAS,110.0,0.0,0.0,0,
107,Abarrotes,GN01100138,LIMAS EMPACADAS CORSA,50.0,0.0,0.0,0,
107,Abarrotes,GN01100142,Colas Fashion,5.0,226.0,226.0,226.0,
108,Abarrotes,GN01100144,Cuchillo Western,65.0,0.0,0.0,0,
108,Abarrotes,GN01100148,Yucatekas,200.0,28.0,28.0,28.0,
108,Abarrotes,GN01100149,Bolsa de regalo YINGZI,35.0,0.0,0.0,0,
108,Abarrotes,GN01100155,Vasos floreados Grandes,50.0,3.0,3.0,3.0,
108,Abarrotes,GN01100157,Harina para Pastel Super MIX Variados,100.0,6.0,6.0,6.0,
108,Abarrotes,GN01100158,Cartera Sanrio Lovers Club,220.0,0.0,0.0,0,
108,Abarrotes,GN01100161,Arroz imperio 60/40,17.5,0.0,0.0,0,
108,Abarrotes,GN01100164,Limas LOLITA,20.0,0.0,0.0,0,
108,Abarrotes,GN01100166,Chocolate My World,270.0,0.0,0.0,0,
108,Abarrotes,GN01100168,Achiote Guadalupe,35.0,1.0,1.0,1.0,
108,Abarrotes,GN01100169,Agua botellón 18.93 Lt,95.0,34.0,34.0,34.0,
108,Abarrotes,GN01100172,Bolsa gabachas rayadas,150.0,60.0,60.0,60.0,
108,Abarrotes,GN01100178,TOALLA CON CAPUCHA,280.0,0.0,0.0,0,
108,Abarrotes,GN01100180,PAQ COLITAS DE COLORES Mm,35.0,1.0,1.0,1.0,
108,Abarrotes,GN01100181,Raid casa Jardin oferta,250.0,0.0,0.0,0,
108,Abarrotes,GN01100184,Caramelo rallado,40.0,0.0,0.0,0,
108,Abarrotes,GN01100185,MINI GAVETERO,150.0,0.0,0.0,0,
108,Abarrotes,GN01100188,Sellador mediano,85.0,12.0,12.0,12.0,
108,Abarrotes,GN01100192,TINA MEDIANA,350.0,2.0,2.0,2.0,
108,Abarrotes,GN01100195,LABIAL ALEJANDRA BALM,0.0,1.0,1.0,1.0,
108,Abarrotes,GN01100196,Panitas de colores med,40.0,8.0,8.0,8.0,
108,Abarrotes,GN01100197,SACA PUNTA ICE CREAM,8.0,52.0,52.0,52.0,
108,Abarrotes,GN01100198,GLOSS SORBETE,40.0,0.0,0.0,0,
108,Abarrotes,GN01100204,Leche esencial 1700 g,620.0,4.0,4.0,4.0,
109,Abarrotes,GN01100205,Cuadernos cocidos Colors,55.0,0.0,0.0,0,
109,Abarrotes,GN01100208,LAPICES LUCES,20.0,1.0,1.0,1.0,
109,Abarrotes,GN01100210,Limas para uñas 100/180,35.0,2.0,2.0,2.0,
109,Abarrotes,GN01100212,BORRADORES CAPIBARA,25.0,0.0,0.0,0,
109,Abarrotes,GN01100216,ACEITE MARISOL 4 LTS,280.0,0.0,0.0,0,
109,Abarrotes,GN01100219,PEROL 6 1/2,450.0,0.0,0.0,0,
109,Abarrotes,GN01100222,Salsa de tomate Natura Ketchup 385 g Doypac,60.0,2.0,2.0,2.0,
109,Abarrotes,GN01100224,VASOS GRANDE CON PAJILLA,35.0,1.0,1.0,1.0,
109,Abarrotes,GN01100226,Boxer Leotex,75.0,6.0,6.0,6.0,
109,Abarrotes,GN01100228,KOLA SHALER 3 LTS,72.5,4.0,4.0,4.0,
109,Abarrotes,GN01100229,Candado J A G peq,35.0,0.0,0.0,0,
109,Abarrotes,GN01100235,Blumer Raoqing MG824,40.0,6.0,6.0,6.0,
109,Abarrotes,GN01100236,Suavitel Doypac 1.8 ltr,150.0,1.0,1.0,1.0,
109,Abarrotes,GN01100242,Cuchillos mesa Stainless steel,35.0,12.0,12.0,12.0,
109,Abarrotes,GN01100245,PANAS GRANDES,250.0,0.0,0.0,0,
109,Abarrotes,GN01100250,Vinagre blanco Doña Tina 1 Ltr,55.0,6.0,6.0,6.0,
109,Abarrotes,GN01100254,TAZAS DE VIDRIOS DE COLORES,60.0,2.0,2.0,2.0,
109,Abarrotes,GN01100255,Cosmetiquera niña,185.0,0.0,0.0,0,
109,Abarrotes,GN01100260,CALSETIN PAYASITO,25.0,0.0,0.0,0,
109,Abarrotes,GN01100262,GLOSS MISS EVER,30.0,0.0,0.0,0,
109,Abarrotes,GN01100263,SACA PUNTA STICH,10.0,3.0,3.0,3.0,
109,Abarrotes,GN01100266,Calcetines altos gruesos,50.0,7.0,7.0,7.0,
109,Abarrotes,GN01100269,Tijera JAG PEQUEÑA,30.0,3.0,3.0,3.0,
109,Abarrotes,GN01100272,TINA #3 PRIMO,120.0,0.0,0.0,0,
110,Abarrotes,GN01100275,COLAS DE COLORES,8.0,0.0,0.0,0,
110,Abarrotes,GN01100276,PANAS DE BAÑO 15 LT,110.0,0.0,0.0,0,
110,Abarrotes,GN01100277,Jugos Pulp 250 ml,150.0,1.0,1.0,1.0,
110,Abarrotes,GN01100279,Mini tazas café,38.0,1.0,1.0,1.0,
110,Abarrotes,GN01100282,CLUB SOCIAL INTEGRAL,68.0,1.0,1.0,1.0,
110,Abarrotes,GN01100283,Chocolate Ti Amo 450 G,195.0,0.0,0.0,0,
110,Abarrotes,GN01100286,Piraña Fashion Jewerly M-906,25.0,3.0,3.0,3.0,
110,Abarrotes,GN01100297,Piraña lazo niña,45.0,4.0,4.0,4.0,
110,Abarrotes,GN01100298,Paq de colas HAND MADE,45.0,3.0,3.0,3.0,
110,Abarrotes,GN01100300,ACHIOTE MAMÁ GOLLITA 350 G,93.0,1.0,1.0,1.0,
110,Abarrotes,GN01100304,Panas plásticas con tapa,50.0,1.0,1.0,1.0,
110,Abarrotes,GN01100306,SALSA SOYA 296 ML,100.0,1.0,1.0,1.0,
110,Abarrotes,GN01100309,MASECA HARIMASA SACO,19.0,0.0,0.0,0,
110,Abarrotes,GN01100310,Envase termico para sopa,25.0,10.0,10.0,10.0,
110,Abarrotes,GN01100313,Café Legendario 400 g,180.0,3.0,3.0,3.0,
110,Abarrotes,GN01100317,PINZAS STAINLESS,85.0,0.0,0.0,0,
110,Abarrotes,GN01100318,Candado premium grande,70.0,0.0,0.0,0,
110,Abarrotes,GN01100319,CAMISOLA BEIBI KEER,100.0,2.0,2.0,2.0,
110,Abarrotes,GN01100326,Suavitel 670 ml Doypac,60.0,10.0,10.0,10.0,
110,Abarrotes,GN01100330,Tazas porcelana,35.0,0.0,0.0,0,
110,Abarrotes,GN01100331,EMBUDO PEQUEÑO,45.0,1.0,1.0,1.0,
110,Abarrotes,GN01100336,COMAL DE HIERRO PEQ,165.0,0.0,0.0,0,
110,Abarrotes,GN01100338,Pascones n°24,85.0,3.0,3.0,3.0,
110,Abarrotes,GN01100344,Abanico Sankey Mediano,2300.0,0.0,0.0,0,
111,Abarrotes,GN01100345,EMBUDO GRANDE,80.0,5.0,5.0,5.0,
111,Abarrotes,GN01100346,LAPICES MULTI COLORES,20.0,0.0,0.0,0,
111,Abarrotes,GN01100347,Tina con agarradero pequeña,330.0,0.0,0.0,0,
111,Abarrotes,GN01100351,Café Nacional libra,120.0,1.0,1.0,1.0,
111,Abarrotes,GN01100354,LABIAL 4D MATE,80.0,14.0,14.0,14.0,
111,Abarrotes,GN01100356,HULES CARTERA,25.0,2.0,2.0,2.0,
111,Abarrotes,GN01100359,Chinelas sapos Kikote,140.0,1.0,1.0,1.0,
111,Abarrotes,GN01100362,Papasita Mega,200.0,0.0,0.0,0,
111,Abarrotes,GN01100363,Botas de hule tiburón,220.0,0.0,0.0,0,
111,Abarrotes,GN01100367,Espagueti mi pasta,14.0,106.0,106.0,106.0,
111,Abarrotes,GN01100376,ACHIOTE BRIOMOL 180G,60.0,0.0,0.0,0,
111,Abarrotes,GN01100378,ROSE SERUM KISS BEAUTY,80.0,0.0,0.0,0,
111,Abarrotes,GN01100382,Alcohol D Tina 100%,60.0,6.0,6.0,6.0,
111,Abarrotes,GN01100383,SHAMPOO FRUTALIA 950 ML,100.0,0.0,0.0,0,
111,Abarrotes,GN01100387,Raid Accion Total 400 g,150.0,0.0,0.0,0,
111,Abarrotes,GN01100389,Candado JAG grande,65.0,0.0,0.0,0,
111,Abarrotes,GN01100391,TOBILLERAS BLANCA POLO,50.0,1.0,1.0,1.0,
111,Abarrotes,GN01100393,Galones 4 lts,45.0,2.0,2.0,2.0,
111,Abarrotes,GN01100394,Ajo ristra,8.0,0.0,0.0,0,
111,Abarrotes,GN01100402,"AJEDRES N"" 3321 M",140.0,0.0,0.0,0,
111,Abarrotes,GN01100404,Platos purísima,28.0,0.0,0.0,0,
111,Abarrotes,GN01100411,Pinza pequeña,50.0,0.0,0.0,0,
111,Abarrotes,GN01100416,Polvo para hornear Mauripan,2.5,47.0,37.0,37.0,
111,Abarrotes,GN01100418,PORTA CEPILLO,20.0,0.0,0.0,0,
112,Abarrotes,GN01100419,Agua cielo mini,160.0,3.0,3.0,3.0,
112,Abarrotes,GN01100420,Juego de bloques Blocks,265.0,0.0,0.0,0,
112,Abarrotes,GN01100421,Estuche mariposa,50.0,1.0,1.0,1.0,
112,Abarrotes,GN01100422,HULES / PIRAÑA NIÑA,12.0,0.0,0.0,0,
112,Abarrotes,GN01100429,SALSA CHINA 145 SABE MAS,85.0,2.0,2.0,2.0,
112,Abarrotes,GN01100430,Aloe 500 ml,240.0,1.0,1.0,1.0,
112,Abarrotes,GN01100436,Pinza Grande,130.0,1.0,1.0,1.0,
112,Abarrotes,GN01100438,HULES OSITO,45.0,0.0,0.0,0,
112,Abarrotes,GN01100439,Galletas NICE 30 und,50.0,19.0,19.0,19.0,
112,Abarrotes,GN01100444,Achiote vaso DM,80.0,3.0,3.0,3.0,
112,Abarrotes,GN01100446,SACA PUNTA PELOTA BASQUET,8.0,0.0,0.0,0,
112,Abarrotes,GN01100450,SET DE DECORACIONES,350.0,0.0,0.0,0,
112,Abarrotes,GN01100451,GUIDO COFFE 1/2 LIBRA,60.0,4.0,4.0,4.0,
112,Abarrotes,GN01100454,Salsa lizano Doypac 380 ml,80.0,1.0,1.0,1.0,
112,Abarrotes,GN01100458,PASCONES N°12,48.0,1.0,1.0,1.0,
112,Abarrotes,GN01100465,PASCONES AA-2317,85.0,0.0,0.0,0,
112,Abarrotes,GN01100469,Cartera Corazon,350.0,0.0,0.0,0,
112,Abarrotes,GN01100470,Piraña ACCESORI,8.33,0.0,0.0,0,
112,Abarrotes,GN01100472,ARROCERA SANKER,2000.0,1.0,1.0,1.0,
112,Abarrotes,GN01100476,JUEGO DE TRASTE COOKING,215.0,1.0,1.0,1.0,
112,Abarrotes,GN01100479,CALSETINES NIÑ@ HUG ELEPHANT,45.0,0.0,0.0,0,
112,Abarrotes,GN01100481,Tape grande,85.0,1.0,1.0,1.0,
112,Abarrotes,GN01100484,PAQ COLAS HAPPY DAYS,70.0,0.0,0.0,0,
112,Abarrotes,GN01100491,Aceite internacional 2 lts,165.0,0.0,0.0,0,
113,Abarrotes,GN01100503,Labial Matte LIPS,40.0,0.0,0.0,0,
113,Abarrotes,GN01100504,Mini termos de colores,40.0,0.0,0.0,0,
113,Abarrotes,GN01100510,PASCONES N° 14,50.0,4.0,4.0,4.0,
113,Abarrotes,GN01100511,PELOTAS KIDS,60.0,0.0,0.0,0,
113,Abarrotes,GN01100512,TAZAS DE ALUMINIO DE COLORES,45.0,1.0,1.0,1.0,
113,Abarrotes,GN01100513,Panitas Store From,20.0,0.0,0.0,0,
113,Abarrotes,GN01100514,Vaso vidrio Princess House,38.0,0.0,0.0,0,
113,Abarrotes,GN01100515,SET NIÑA CARTERA,120.0,0.0,0.0,0,
113,Abarrotes,GN01100521,desodorante rexona xtracool 150ml,165.0,0.0,0.0,0,
113,Abarrotes,GN01100522,VASO CONFITERO PLASTICO,110.0,0.0,0.0,0,
113,Abarrotes,GN01100523,Componedor pequeño,110.0,1.0,1.0,1.0,
113,Abarrotes,GN01100526,Cintillos Tou Dai Jewerly,45.0,7.0,7.0,7.0,
113,Abarrotes,GN01100527,Candado SHUHUAN mediano,55.0,0.0,0.0,0,
113,Abarrotes,GN01100536,PINZAS CORAZON,60.0,2.0,2.0,2.0,
113,Abarrotes,GN01100543,Bolsas de regalo grandes escarchadas,48.0,5.0,5.0,5.0,
113,Abarrotes,GN01100545,Vasos caramelero pequeño,75.0,0.0,0.0,0,
113,Abarrotes,GN01100547,ABANICOS DE MANO,50.0,2.0,2.0,2.0,
113,Abarrotes,GN01100555,Torti chips max,300.0,1.0,1.0,1.0,
113,Abarrotes,GN01100556,ARROZ PUNTILLA,8.2,456.0,456.0,456.0,
113,Abarrotes,GN01100558,Gelatina ICE POP 10 und,65.0,13.0,13.0,13.0,
113,Abarrotes,GN01100561,BLOCK CON RAYAS,40.0,0.0,0.0,0,
113,Abarrotes,GN01100562,EMBUDO MEDIANO,65.0,1.0,1.0,1.0,
113,Abarrotes,GN01100564,BOLSA MACEN RAYADAS,14.0,0.0,0.0,0,
113,Abarrotes,GN01100565,Lazos SaSa Jewerly,28.0,0.0,0.0,0,
114,Abarrotes,GN01100569,chocolate IKA 100 UND,2.5,32.0,32.0,32.0,
114,Abarrotes,GN01100575,COMAL DE HIERRO MED,200.0,0.0,0.0,0,
114,Abarrotes,GN01100583,Colas Xing Xing Jewerly,20.0,6.0,6.0,6.0,
114,Abarrotes,GN01100588,Colas ACCESORIES PAQ 1X10,70.0,0.0,0.0,0,
114,Abarrotes,GN01100589,Tornillo L Italiana,16.0,3.0,3.0,3.0,
114,Abarrotes,GN01100590,HULES PACHITA,20.0,1.0,1.0,1.0,
114,Abarrotes,GN01100592,Aceite Don Juan 10 Lt,680.0,0.0,0.0,0,
114,Abarrotes,GN01100595,SALSA DE AJO McCormick 148 ML,65.0,0.0,0.0,0,
114,Abarrotes,GN01100600,CALCETIN TOMMY,30.0,1.0,1.0,1.0,
114,Abarrotes,GN01100605,Sellador Jumbo,180.0,3.0,3.0,3.0,
114,Abarrotes,GN01100609,Burro con ruedas mediano,700.0,0.0,0.0,0,
114,Abarrotes,GN01100610,Jabon líquido galón,240.0,0.0,0.0,0,
114,Abarrotes,GN01100613,Payana,7.8,106.0,106.0,106.0,
114,Abarrotes,GN01100616,Pirañas tendencia 667-1,40.0,1.0,1.0,1.0,
114,Abarrotes,GN01100620,Vaso conejito hule,40.0,0.0,0.0,0,
114,Abarrotes,GN01100622,Candado TREK Grande,60.0,0.0,0.0,0,
114,Abarrotes,GN01100623,Comino molido,5.0,0.0,0.0,0,
114,Abarrotes,GN01100627,Vasinias plastica grande,90.0,2.0,2.0,2.0,
114,Abarrotes,GN01100629,Wafer galleta,75.0,0.0,0.0,0,
114,Abarrotes,GN01100633,Agua Cielo 1000 ML,16.67,0.0,0.0,0,
114,Abarrotes,GN01100634,PLATOS DE VIDRIO TRANSPARENTE,40.0,0.0,0.0,0,
114,Abarrotes,GN01100636,Cepillo TRISTAR,35.0,0.0,0.0,0,
114,Abarrotes,GN01100639,Arroz Dariano arroba 96/4,580.0,0.0,0.0,0,
114,Abarrotes,GN01100643,Carteras Hules,35.0,0.0,0.0,0,
115,Abarrotes,GN01100647,Arroz imperio 80/20,20.3,134.0,134.0,134.0,
115,Abarrotes,GN01100649,Vasos carameleros,110.0,3.0,3.0,3.0,
115,Abarrotes,GN01100652,TARJETAS DE INVITACIÓN,28.0,0.0,0.0,0,
115,Abarrotes,GN01100653,PRINCESS HAPPY PARTNER,340.0,1.0,1.0,1.0,
115,Abarrotes,GN01100656,"Papel higienico Premier 1,000 hojas",20.83,2.0,2.0,2.0,
115,Abarrotes,GN01100659,Valdes Tayuyo peq,200.0,0.0,0.0,0,
115,Abarrotes,GN01100662,Piraña Fashion Jewerly gto,20.0,0.0,0.0,0,
115,Abarrotes,GN01100665,Leche Nido 5+ 1600 gr,635.0,1.0,1.0,1.0,
115,Abarrotes,GN01100668,BOLSA DE REGALO YIDAIER MEDIANA,35.0,11.0,11.0,11.0,
115,Abarrotes,GN01100669,Candados trek mini,35.0,0.0,0.0,0,
115,Abarrotes,GN01100670,Plastilina superior,28.0,2.0,2.0,2.0,
115,Abarrotes,GN01100677,TAJADOR TWIIN TUCAN,18.0,0.0,0.0,0,
115,Abarrotes,GN01100680,Arroz imperio 50/50,16.8,0.0,0.0,0,
115,Abarrotes,GN01100691,Sapos Juvenil Rayo McQueen,145.0,2.0,2.0,2.0,
115,Abarrotes,GN01100693,Engrapadora Facela,165.0,2.0,2.0,2.0,
115,Abarrotes,GN01100694,ARROZ SACO BLANCO,20.0,67.0,67.0,67.0,
115,Abarrotes,GN01100695,Baldes Tayuyo grande,280.0,0.0,0.0,0,
115,Abarrotes,GN01100697,Panas de colores mediana,95.0,2.0,2.0,2.0,
115,Abarrotes,GN01100699,Candado premium mediano,60.0,0.0,0.0,0,
115,Abarrotes,GN01100704,SALSA CHINA 296 ML,130.0,0.0,0.0,0,
115,Abarrotes,GN01100705,TERMOS MINI P/AGUA,40.0,0.0,0.0,0,
115,Abarrotes,GN01100706,CUADERNO COCIDO PEQ SUPERIOR,35.0,0.0,0.0,0,
115,Abarrotes,GN01100718,PICHEL 1 LTR,55.0,4.0,4.0,4.0,
115,Abarrotes,GN01100720,Aceite internacional 10 LTS,720.0,0.0,0.0,0,
116,Abarrotes,GN01100721,Arroz Chelon arroba 96/4,580.0,0.0,0.0,0,
116,Abarrotes,GN01100723,Caramelo GUMMY CANDY,3.7,26.0,26.0,26.0,
116,Abarrotes,GN01100728,PAN AURAMI,35.0,62.0,62.0,62.0,
116,Abarrotes,GN01100729,Cintillos flor,40.0,9.0,9.0,9.0,
116,Abarrotes,GN01100730,PEROL N°3,285.0,2.0,2.0,2.0,
116,Abarrotes,GN01100731,Canasta p/café,120.0,6.0,6.0,6.0,
116,Abarrotes,GN01100734,Paquete colas de colores,45.0,1.0,1.0,1.0,
116,Abarrotes,GN01100736,ZAPATILLAS EN REBAJA,100.0,10.0,10.0,10.0,
116,Abarrotes,GN01100746,Lazos escolares,45.0,0.0,0.0,0,
116,Abarrotes,GN01100747,CALDERO N° 5,320.0,0.0,0.0,0,
116,Abarrotes,GN01100748,Pichel SORPLAST,115.0,2.0,2.0,2.0,
116,Abarrotes,GN01100751,MONEDERAS CARTERAS,200.0,0.0,0.0,0,
116,Abarrotes,GN01100757,DIADEMA PLASTICA PRINCESS,50.0,0.0,0.0,0,
116,Abarrotes,GN01100759,Pinza mediana,85.0,0.0,0.0,0,
116,Abarrotes,GN01100760,Arroz faisan 80/20 100 lbr,20.4,7.0,7.0,7.0,
116,Abarrotes,GN01100765,CANDADO GLOBAL GOLD GRANDE,70.0,1.0,1.0,1.0,
116,Abarrotes,GN01100767,MOSQUITERO NIÑO,350.0,0.0,0.0,0,
116,Abarrotes,GN01100768,ACEITE NACIONAL 4 LTS,280.0,2.0,2.0,2.0,
116,Abarrotes,GN01100769,Arroz faisan arroba 80/20,480.0,15.0,15.0,15.0,
116,Abarrotes,GN01100784,VALDES PLASTICO MINI,55.0,0.0,0.0,0,
116,Abarrotes,GN01100786,Classmate Exercise Book,38.0,0.0,0.0,0,
116,Abarrotes,GN01100787,Percoladora Challenger,380.0,0.0,0.0,0,
116,Abarrotes,GN01100789,PANAS COLOR FULL,100.0,2.0,2.0,2.0,
116,Abarrotes,GN01100791,Chocobolas Mini,35.0,3.0,2.0,2.0,
117,Abarrotes,GN01100792,Shampoo tinte SOFIA,170.0,1.0,1.0,1.0,
117,Abarrotes,GN01100794,Cartera Conejito,200.0,0.0,0.0,0,
117,Abarrotes,GN01100795,Panas de baño,85.0,1.0,1.0,1.0,
117,Abarrotes,GN01100800,Tobillera Tony,45.0,1.0,1.0,1.0,
117,Abarrotes,GN01100802,PEINE WHOLE SALE,12.0,0.0,0.0,0,
117,Abarrotes,GN01100806,CUADERNO COC PEQ DELTA,35.0,0.0,0.0,0,
117,Abarrotes,GN01100809,Levadura Freeman 500g,7.19,2.0,2.0,2.0,
117,Abarrotes,GN01100814,Verdulera,320.0,0.0,0.0,0,
117,Abarrotes,GN01100815,PEROL 5 1/2,380.0,3.0,3.0,3.0,
117,Abarrotes,GN01100823,Sapos Rayo McQueen Infantil,130.0,1.0,1.0,1.0,
117,Abarrotes,GN01100824,Pasta de lustrar Diamond 13 g,30.0,3.0,3.0,3.0,
117,Abarrotes,GN01100831,Cartera Perlas Grande,350.0,0.0,0.0,0,
117,Abarrotes,GN01100833,SPORADE 12 UND,400.0,11.25,11.25,11.25,
117,Abarrotes,GN01100837,Bolsas papelera,120.0,9.0,9.0,9.0,
117,Abarrotes,GN01100839,Empanizador Don Julio 380 gr,125.0,1.0,1.0,1.0,
117,Abarrotes,GN01100842,CREMA SEDAL 300 ML,210.0,2.0,2.0,2.0,
117,Abarrotes,GN01100843,Cocina MILENIUM 1 quemador,480.0,1.0,1.0,1.0,
117,Abarrotes,GN01100848,Paquete colas de colores K-249,130.0,0.0,0.0,0,
117,Abarrotes,GN01100851,PINE TINA 360 ML,85.0,7.0,7.0,7.0,
117,Abarrotes,GN01100855,Hules mini vaso,45.0,0.0,0.0,0,
117,Abarrotes,GN01100856,Pamper Baby Kisses,300.0,1.0,1.0,1.0,
117,Abarrotes,GN01100857,Shampoo Tinte DEXE,200.0,2.0,2.0,2.0,
117,Abarrotes,GN01100859,Arroz el emperador 96/4,21.4,0.0,0.0,0,
117,Abarrotes,GN01100864,Vasos para caramelos,70.0,0.0,0.0,0,
118,Abarrotes,GN01100865,Tape pequeño,45.0,0.0,0.0,0,
118,Abarrotes,GN01100868,Raid Casa Jardin 400 g,210.0,5.0,5.0,5.0,
118,Abarrotes,GN01100869,TERMO MOTIVACIONAL 1X3,300.0,0.0,0.0,0,
118,Abarrotes,GN01100871,Energizante AMP,28.75,0.0,0.0,0,
118,Abarrotes,GN01100873,Gelatina figuras,3.33,158.0,158.0,158.0,
118,Abarrotes,GN01100874,Bolsitos purísima,35.0,18.0,18.0,18.0,
118,Abarrotes,GN01100875,Pintura yh Beja cosmetics,35.0,22.0,22.0,22.0,
118,Abarrotes,GN01100878,PINTURA MAGICA,35.0,4.0,4.0,4.0,
118,Abarrotes,GN01100879,Candado TREK mediano,60.0,5.0,5.0,5.0,
118,Abarrotes,GN01100880,Conos divertidos,3.33,818.0,818.0,818.0,
118,Abarrotes,GN01100881,Leche Nido 1+ 2000gr,850.0,6.0,6.0,6.0,
118,Abarrotes,GN01100882,Hules/colas,30.0,0.0,0.0,0,
118,Abarrotes,GN01100883,Termo TEXANIA 450 ml,160.0,1.0,1.0,1.0,
118,Abarrotes,GN01100891,Polvo compacto HANXIHUDA BEAUTY,90.0,0.0,0.0,0,
118,Abarrotes,GN01100893,Rexona spray variado caballero 145 ml,145.0,5.0,5.0,5.0,
118,Abarrotes,GN01100895,Xedex 8.5 kg,460.0,0.0,0.0,0,
118,Abarrotes,GN01100897,Bolsas de regalos medianas de colores,30.0,4.0,4.0,4.0,
118,Abarrotes,GN01100899,TINA PRIMO 70 LTS,310.0,0.0,0.0,0,
118,Abarrotes,GN01100905,Tajador con deposito,25.0,0.0,0.0,0,
118,Abarrotes,GN01100907,PANAS PEQUEÑAS DE COLORES,100.0,8.0,8.0,8.0,
118,Abarrotes,GN01100909,Guido COFFE,125.0,3.5,3.5,3.5,
118,Abarrotes,GN01100910,Colitas paquete,12.0,1.0,1.0,1.0,
118,Abarrotes,GN01100911,Arroz Don Elías 96/4 Arroba,565.0,1.0,1.0,1.0,
118,Abarrotes,GN01100912,COLAS MIDUDU,25.0,4.0,4.0,4.0,
119,Abarrotes,GN01100913,Jabon Marfil 400 g,35.0,4.0,4.0,4.0,
119,Abarrotes,GN01100914,ARROZ SAMARITANO 80/20 ARROBA,525.0,2.0,2.0,2.0,
119,Abarrotes,GN01100917,CALCETINES BABY TEX 6-12 MONTHS,45.0,2.0,2.0,2.0,
119,Abarrotes,GN01100918,World ANIMAL,210.0,0.0,0.0,0,
119,Abarrotes,GN01100919,Galletas cremas molsa 1x12,3.17,0.0,0.0,0,
119,Abarrotes,GN01100921,Sombrilla Mayrita mediana,185.0,0.0,0.0,0,
119,Abarrotes,GN01100927,PALITOS MAX,200.0,2.0,2.0,2.0,
119,Abarrotes,GN01100929,Limas para uñas 100/180 medianas,15.0,6.0,6.0,6.0,
119,Abarrotes,GN01100932,ESPEJOS GRANDE,15.0,3.0,3.0,3.0,
119,Abarrotes,GN01100933,Trocante,40.0,0.0,0.0,0,
119,Abarrotes,GN01100941,Piraña Bijoux,40.0,0.0,0.0,0,
119,Abarrotes,GN01100943,TINA #2 PRIMO,65.0,0.0,0.0,0,
119,Abarrotes,GN01100946,VASOS FLOREADOS CON TAPA,35.0,0.0,0.0,0,
119,Abarrotes,GN01100949,Conos para helado,130.0,19.0,19.0,19.0,
119,Abarrotes,GN01100959,Pirañas Flor Sacuanjoche,50.0,1.0,1.0,1.0,
119,Abarrotes,GN01100961,PIRAÑA FLOREADAS METÁLICAS,40.0,1.0,1.0,1.0,
119,Abarrotes,GN01100964,Aceite Ambar 10 LTR,720.0,0.0,0.0,0,
119,Abarrotes,GN01100966,Burro con ruedas pequeño,830.0,1.0,1.0,1.0,
119,Abarrotes,GN01100968,BORRADOR EMOJI,6.0,0.0,0.0,0,
119,Abarrotes,GN01100973,MINI MULA,2700.0,0.0,0.0,0,
119,Abarrotes,GN01100974,LIGAS FINAS COLOR PASTEL,35.0,0.0,0.0,0,
119,Abarrotes,GN01100975,Sal fina Atlántida,9.0,1.0,1.0,1.0,
119,Abarrotes,GN01100976,PANAS SALVA PLASTIC,85.0,0.0,0.0,0,
119,Abarrotes,GN01100977,Candado Premium pequeño,50.0,0.0,0.0,0,
120,Abarrotes,GN01100981,AJO 1X3,5.0,55.0,55.0,55.0,
120,Abarrotes,GN01100983,Salseross,40.0,0.0,0.0,0,
120,Abarrotes,GN01100984,Candado JAG mediano,40.0,0.0,0.0,0,
120,Abarrotes,GN01100988,Hisopo Genial 400 und,75.0,1.0,1.0,1.0,
120,Abarrotes,GN01100989,PANAS DE COLORES MEDIANAS,140.0,0.0,0.0,0,
120,Abarrotes,GN01100990,Chocolate corazon,135.0,0.0,0.0,0,
120,Abarrotes,GN01100991,SET DE CARROS,380.0,0.0,0.0,0,
120,Abarrotes,GN01100993,LIGAS DONAS FINAS,45.0,1.0,1.0,1.0,
120,Abarrotes,GN01100995,Zapatos NIKE finos,1200.0,0.0,0.0,0,
120,Abarrotes,GN01100996,Valdes Transparentes 10 ltr,120.0,0.0,0.0,0,
120,Abarrotes,GN01100998,Panitas D|Prossa,40.0,0.0,0.0,0,
120,Abarrotes,GN01100999,Corrector Superior 15 g,20.0,11.0,11.0,11.0,
120,Abarrotes,GN01196682,CAL GRANDE,90.0,4.0,4.0,4.0,
120,Abarrotes,GN01197547,ENCRESPADOR,65.0,0.0,0.0,0,
120,Abarrotes,GN01198369,LECHE MAGNESIA,55.0,0.0,0.0,0,
120,Abarrotes,GN01198387,MASETERA GRANDE,190.0,0.0,0.0,0,
120,Abarrotes,GN01198708,PANITAS CON BORDES,9.0,0.0,0.0,0,
120,Abarrotes,GN012GN01100421PRESTO,CON TAZA,395.0,2.0,2.0,2.0,
120,Abarrotes,GN012GN01100491Candado,SHUHUAN grande,75.0,0.0,0.0,0,
120,Abarrotes,GN012GN01100522Arroz,Imperio arroba 80/20,480.0,0.0,0.0,0,
120,Abarrotes,GN012GN01100527Crema,corporal USHAS,110.0,0.0,0.0,0,
120,Abarrotes,GN012GN01100734Candado,Trek pequeño,60.0,0.0,0.0,0,
120,Abarrotes,GN012GN01100746CALSETINES,NIÑA KIDS SOCKS,45.0,1.0,1.0,1.0,
120,Abarrotes,GN012GN01100859KIT,ESPECIAL Shampoo y Acondicionador ORIGEM,185.0,0.0,0.0,0,
121,Abarrotes,K-206-3,SET PIRAÑITAS,12.0,0.0,0.0,0,
121,Abarrotes,LT-1714,SAPO DE NIÑ0 LATIGO,140.0,0.0,0.0,0,
121,Algodón y Tela,000196234,LAZO DE NIÑA,15.0,0.0,0.0,0,
121,Algodón y Tela,24,Colchonetas de 40x6,950.0,0.0,0.0,0,
121,Algodón y Tela,26,Colchonetas de 45x8,1200.0,0.0,0.0,0,
121,Algodón y Tela,27,Colchonetas de 54x6,1100.0,0.0,0.0,0,
121,Algodón y Tela,28,Colchonetas 54x4,1100.0,0.0,0.0,0,
121,Algodón y Tela,423,CAMISOLA NIÑA MELO JUNIOR,45.0,0.0,0.0,0,
121,Algodón y Tela,424,CAMISOLA NIÑO MELO JUNIOR,40.0,0.0,0.0,0,
121,Algodón y Tela,425,CAMISOLA NIÑA REYNA,50.0,0.0,0.0,0,
121,Algodón y Tela,426,SUETER DE NIÑO MARIO BROS,55.0,0.0,0.0,0,
121,Algodón y Tela,427,SUETER DE NIÑO BLANCO,30.0,0.0,0.0,0,
121,Algodón y Tela,428,PILLAMA PARA BEBE MICKEY,200.0,0.0,0.0,0,
121,Algodón y Tela,621,Camisola Foot ball Mediana,50.0,0.0,0.0,0,
121,Alimentos Preparados,000196683,CAFE PUREZA DE LIBRA,170.0,7.0,7.0,7.0,
121,Alimentos Preparados,000396684,CANDADO CHIQUITO,30.0,0.0,0.0,0,
121,Alimentos Preparados,028571000205,SARDINA BAHIA 155GR,25.0,0.0,0.0,0,
122,Alimentos Preparados,41789001987,Maruchan Vaso Camaron con chile 64 g,33.33,538.5,526.5,526.5,
122,Alimentos Preparados,41789002984,Sopas Maruchan Sobre Camaron Picante 85 g,19.58,48.0,264.0,264.0,
122,Alimentos Preparados,660756040172,FRIJOLITO MEGA,200.0,0.0,0.0,0,
122,Alimentos Preparados,7410031392785,Sardina Calvo Picante 155G,36.0,0.0,0.0,0,
122,Alimentos Preparados,7411000200087,MAYONESA 205 GR,70.0,2.0,2.0,2.0,
122,Alimentos Preparados,7411000200162,MAYONESA 430 GR,130.0,2.0,2.0,2.0,
122,Alimentos Preparados,7411000210086,Mostaza Mccornick 210g,70.0,6.0,6.0,6.0,
122,Alimentos Preparados,7427901100067,SARDINA FANCY PICANTE 155G,23.0,0.0,0.0,0,
122,Alimentos Preparados,7431002511509,ALITAS DE POLLO,270.0,0.0,0.0,0,
122,Alimentos Preparados,7432002301862,"JUGO D""FRUTTA 330 ML",170.0,207.0,204.0,204.0,
122,Alimentos Preparados,7441011095174,PALITOS DE POLLO,55.0,0.0,0.0,0,
122,Alimentos Preparados,7501006532746,ENSALADA DE VERDURAS DEL MONTE 215 GRAMOS,38.0,0.0,0.0,0,
122,Aluminio,29,Calderos de Hierro N° 16,750.0,0.0,0.0,0,
122,Aluminio,30,Calderos de Hierro N° 22,900.0,0.0,0.0,0,
122,Aluminio,31,Calderos de Hierro N° 36,1400.0,0.0,0.0,0,
122,Aluminio,65,payla de aluminio Aludasa con tapadera N° 24,380.0,0.0,0.0,0,
122,Aluminio,66,payla de aluminio Alunica con tapadera N° 24,180.0,0.0,0.0,0,
122,Aluminio,67,Porra de Aluminio Alunica con tapadera N° 26,220.0,0.0,0.0,0,
122,Aluminio,68,Porra de Aluminio Alunica con tapadera N° 30,400.0,0.0,0.0,0,
122,Aluminio,69,Porra de Aluminio Aludasa con tapadera N° 21,140.0,0.0,0.0,0,
122,Aluminio,70,Porra de Aluminio Aludasa con tapadera N° 22,240.0,0.0,0.0,0,
123,Aluminio,71,Caldero de Hierro con tapa N° 5,600.0,0.0,0.0,0,
123,Aluminio,7416800013127,Olla con oreja de aluminio N° 12,130.0,0.0,0.0,0,
123,Aluminio,7416800013141,Olla con oreja de aluminio N° 14,150.0,0.0,0.0,0,
123,Aluminio,7416800013165,Olla con oreja de aluminio N° 16,175.0,0.0,0.0,0,
123,Aluminio,7416800013189,Olla con oreja de aluminio N° 18,190.0,0.0,0.0,0,
123,Aluminio,7416800013202,Olla con oreja de aluminio N° 20,215.0,0.0,0.0,0,
123,Aluminio,7416800013226,Olla con oreja de aluminio N° 22,260.0,0.0,0.0,0,
123,Aluminio,7416800013240,Olla con oreja de aluminio N° 24,250.0,0.0,0.0,0,
123,Aluminio,7416800013264,Olla con oreja de aluminio N° 26,270.0,0.0,0.0,0,
123,Aluminio,7416800013288,Olla con oreja N° 28,300.0,0.0,0.0,0,
123,Aluminio,7416800013301,Olla con oreja de aluminio N° 30,320.0,0.0,0.0,0,
123,Aluminio,7453057047901,Paila Teflon # 24 cm,350.0,0.0,0.0,0,
123,Aluminio,7453057047949,Paila Teflon # 26 cm,0.0,1.0,1.0,1.0,
123,Aluminio,7591275951829,Paila Teflon # 20 cm,280.0,1.0,1.0,1.0,
123,Aluminio,7591275951867,Paila Teflon # 18 cm,220.0,0.0,0.0,0,
123,Aluminio,GN01198803,PICHEL ALUDASA,300.0,0.0,0.0,0,
123,Bebidas,000581404,PANAS DE ALUMINIO,45.0,0.0,0.0,0,
123,Bebidas,000581405,CUCHARONES,65.0,0.0,0.0,0,
123,Bebidas,000581406,PINOLILLO PUREZA 400 GR,29.0,0.0,0.0,0,
123,Bebidas,0024474381403,Jugos Jugazo 330 Ml,10.42,0.0,0.0,0,
123,Bebidas,5,Jugos ya variados,7.67,26.0,26.0,26.0,
124,Bebidas,677585001083,Pepsi 500 Ml,10.42,0.0,0.0,0,
124,Bebidas,677585004084,Pepsi Retornable 2 Litros,340.0,3.0,3.0,3.0,
124,Bebidas,677585008044,Gaseosa Pepsi 3 Litros,368.0,16.0,16.0,16.0,
124,Bebidas,678,JUGOS CIFRUT 360ML,260.0,19.0,19.0,19.0,
124,Bebidas,7401000707037,Tampico 300 Ml,17.71,35.0,35.0,35.0,
124,Bebidas,7401000707723,Raptor 600 Ml,26.67,133.0,217.0,217.0,
124,Bebidas,7401001503461,Jugos Fruti Max 200 Ml,230.0,0.0,0.0,0,
124,Bebidas,7401001507353,Jugos Shaka Laka Surtidos 200 Ml,345.0,50.0,50.0,50.0,
124,Bebidas,7401001508060,Jugos Fruvita 200 Ml,300.0,36.0,35.0,35.0,
124,Bebidas,7406189005998,Raptor 300 Ml,19.38,47.0,47.0,47.0,
124,Bebidas,7445072000443,Big Cola 360 Ml,10.83,2031.0,1863.0,1863.0,
124,Bebidas,7445072000474,Big Cola 1 litro,230.0,0.0,0.0,0,
124,Bebidas,7445072001426,Big Cola 3 Litro,320.0,1.0,1.0,1.0,
124,Bebidas,7445072001822,Big cola 2 Litro,205.0,7.0,7.0,7.0,
124,Bebidas,7445072006148,Big Cola 250 Ml,135.0,0.0,0.0,0,
124,Bebidas,7501013118018,Jugos Jumex 330 Ml,10.83,0.0,0.0,0,
124,Bebidas,7750670000604,Big Cola 1.5 Litro,175.0,0.0,0.0,0,
124,Bebidas,837364104701,Kola Shaler 473 Ml,24.17,22.5,94.5,94.5,
124,Botanas,660756043029,Quesi Trix,165.0,0.0,0.0,0,
124,Botanas,660756043074,BUEN NACHO,200.0,0.0,0.0,0,
124,Botanas,7406007091172,Chobix chile,130.0,35.0,35.0,35.0,
125,Botanas,7453053044850,CHINELAS DE HOMBRE SKIMAX,85.0,0.0,0.0,0,
125,Botanas,7453058122409,SAPOS DE DAMA COX,150.0,0.0,0.0,0,
125,Botanas,7453081202307,SAPOS JUVENILES DE NIÑO,95.0,0.0,0.0,0,
125,Botanas,7453092618555,CHINELAS MOBEC DE HOMBRE,230.0,0.0,0.0,0,
125,Botanas,7453092621715,CHINELAS MOBEC DE DAMA,150.0,0.0,0.0,0,
125,Botanas,7453092623955,SAPOS DE NIÑA CARIOCA,120.0,0.0,0.0,0,
125,Botanas,745309263825,SAPOS CARIOCA JUVENILES DE DAMA,160.0,0.0,0.0,0,
125,Botanas,7453099424302,SAPOS Gouger,130.0,0.0,0.0,0,
125,Botanas,7453101401482,SAPOS ADAX DE HOMBRE,120.0,0.0,0.0,0,
125,Botanas,748757000736,CARAMELOS LECHE TWIST,45.0,0.0,0.0,0,
125,Botanas,748757002402,CENTAVITOS CON CHILE,120.0,0.0,0.0,0,
125,Botanas,748757002426,Churrito,165.0,0.0,0.0,0,
125,Botanas,748757002709,Elotitos,240.0,12.0,12.0,12.0,
125,Botanas,748757002884,Jalapeño,240.0,4.0,4.0,4.0,
125,Botanas,748757002891,Nachos,160.0,0.0,0.0,0,
125,Botanas,748757002907,Toztecas,240.0,0.0,0.0,0,
125,Botanas,748757002945,Pachanga Mix,200.0,38.0,38.0,38.0,
125,Botanas,748757004840,Palitos,200.0,0.0,0.0,0,
125,Botanas,748757004932,Alboroto,200.0,2.0,2.0,2.0,
125,Botanas,750894607327,"Ranchita chile, queso",240.0,31.0,29.0,29.0,
125,Botanas,750894607983,Cappy infladitos queso,150.0,0.0,0.0,0,
126,Carnes y Embutidos,368,Pierna pelada,29.0,-1.0,-1.0,0,negative_stock
126,Carnes y Embutidos,411,Dinos de pollo,80.0,0.0,0.0,0,
126,Carnes y Embutidos,664990100227,SALCHICHON SIN CHILE DE 200G,28.0,0.0,0.0,0,
126,Carnes y Embutidos,664990170534,Salchichas 1x12 KIMBI,32.0,0.0,0.0,0,
126,Carnes y Embutidos,664990170602,Mortadela sin chile Kimby Libra,65.0,0.0,0.0,0,
126,Carnes y Embutidos,664990170619,Mortadela Kimby,25.0,0.0,0.0,0,
126,Carnes y Embutidos,664990180274,SALCHICHON PICANTE DE 200G,28.0,0.8,0.8,0.8,
126,Carnes y Embutidos,686,Pechuga Pelada,40.0,1.7,1.7,1.7,
126,Carnes y Embutidos,7431002503047,Menudo de Pollo,17.0,0.0,0.0,0,
126,Carnes y Embutidos,7431002504099,Pechuga Empacada,49.0,0.4,0.4,0.4,
126,Carnes y Embutidos,7431002504105,Pierna Empacada con muslo,33.0,0.0,0.0,0,
126,Carnes y Embutidos,7431002504143,Muslo de Pollo,25.0,0.36,0.36,0.36,
126,Carnes y Embutidos,7431002511257,Nugget caja,72.0,0.0,0.0,0,
126,Carnes y Embutidos,7434001100026,Carne Molida Res SAN MARTIN,46.0,0.0,0.0,0,
126,Carnes y Embutidos,7441011095181,Aritos de pollo,55.0,0.0,0.0,0,
126,Dulces,000891166,Caramelo Rayado Mini,40.0,0.0,0.0,0,
126,Dulces,086581015091,Galletas Cremas,3.5,622.0,1918.0,1918.0,
126,Dulces,086581017316,Galleta Mantequilla Pozuelo,8.75,701.0,689.0,689.0,
126,Dulces,410,Caramelo Rayado Grande 1 X 20,165.0,14.0,14.0,14.0,
126,Dulces,413,Paleta Frupi lechita,55.0,2.0,2.0,2.0,
126,Dulces,470,Cajetas de Leche,2.0,39.0,39.0,39.0,
127,Dulces,603554027013,Chicles Tatoo Surtido Vaso,140.0,13.0,13.0,13.0,
127,Dulces,660756001753,FRIJOLITOS CHIPS,200.0,57.0,56.0,56.0,
127,Dulces,735080010730,Caramelo Surtido Candy 3 libras,180.0,3.0,3.0,3.0,
127,Dulces,735080020241,Bombon Coconut,24.0,0.0,0.0,0,
127,Dulces,735080020272,Bombon Rojo Venus,55.0,48.5,46.5,46.5,
127,Dulces,735080030325,Caramelo Vaquita,22.0,25.0,25.0,25.0,
127,Dulces,735080040317,Paleta Suave,50.0,1.0,1.0,1.0,
127,Dulces,739337201582,BOMBOM FRUPY,45.0,0.0,0.0,0,
127,Dulces,739337205924,Bombon Surtido Bondy Fiesta,0.83,0.0,0.0,0,
127,Dulces,739337206112,Caramelo Lechita Frupy,75.0,0.0,0.0,0,
127,Dulces,739337206129,Caramelo Menta Frupy,75.0,0.0,0.0,0,
127,Dulces,7406007091165,CHOBIX SIN CHILE,95.0,0.0,0.0,0,
127,Dulces,7412200700971,Bon Bon Chiclin,55.0,50.0,50.0,50.0,
127,Dulces,7412200703910,Caramelo Chiclin sabores Variados,0.85,18339.0,21039.0,21039.0,
127,Dulces,7422230100146,Caramelos Candy Mix Jumbo 5 libras,265.0,0.0,0.0,0,
127,Dulces,7422230101709,Confites Fiesta Frutales Chiky 165 g,14.0,0.0,0.0,0,
127,Dulces,7441163700162,Mini Gelatina de 306 gramos,25.0,157.0,155.0,155.0,
127,Dulces,7441163700179,Gelatinas Vasos 1530 GR,1.0,0.0,0.0,0,
127,Dulces,7441163700308,"Gelatinas bolsa 1,530 g",1.1,2022.0,1922.0,1922.0,
127,Dulces,748757000729,GOMA PINO DIANA DE 503 GRAMOS,2.6,192.0,192.0,192.0,
127,Dulces,748757002136,PERLA Diana,120.0,0.0,0.0,0,
127,Dulces,748757007100,GALLETAS PICNIC DE 312 GRAMOS,42.0,0.0,0.0,0,
127,Dulces,75019907,Chicles Clorets Sabor Variado,2.0,544.0,542.0,542.0,
127,Dulces,75051952,Chicles Bubbaloo Sabor Variado,55.0,0.0,0.0,0,
128,Dulces,753079000791,Galletas Can Can Extra,6.25,18.0,18.0,18.0,
128,Dulces,753079004058,Galletas Escolar,3.29,4117.0,3901.0,3901.0,
128,Dulces,753079004522,Galletas Zafari,55.0,74.0,74.0,74.0,
128,Dulces,753079100361,Galletas Waffle Vainilla,58.0,103.0,97.0,97.0,
128,Dulces,753079100835,Galletas Club Max,48.0,183.0,179.0,179.0,
128,Dulces,755111731038,Galletas Coctel Fiesta,35.0,215.0,210.0,210.0,
128,Dulces,75752801567,Duvalin 180g,50.0,0.0,0.0,0,
128,Dulces,7590011205158,Galletas Club Social Original,55.0,32.0,32.0,32.0,
128,Dulces,760203000374,Malvaviscos Angelitos 335 g,70.0,7.0,7.0,7.0,
128,Dulces,760203005416,Malvaviscos Angelitos 250 g,80.0,1.0,1.0,1.0,
128,Dulces,760203010922,Malvaviscos Zoo Bongy 250 g,46.0,0.0,0.0,0,
128,Dulces,7622210110244,Galletas Oreo Variada,10.0,731.0,719.0,719.0,
128,Dulces,7622300116521,Galletas Ritz Sin Queso,7.92,73.0,73.0,73.0,
128,Dulces,7622300124526,Galletas Ritz Con Queso,125.0,6.0,29.0,29.0,
128,Dulces,7702007007947,Choco bolas Vaso,220.0,0.0,0.0,0,
128,Dulces,7702007011319,Choco bolas bolsas 550 g,150.0,1.0,1.0,1.0,
128,Dulces,7702993031865,Barrilete,1.7,455.0,455.0,455.0,
128,Dulces,7861008526403,Chicles Tumix Sabor Variado,1.15,2220.0,2020.0,2020.0,
128,Dulces,789632101105,Paletas Flopito,45.0,0.0,0.0,0,
128,Dulces,7896383054371,Chocolate Ducrem 480 gr,90.0,0.0,0.0,0,
128,Dulces,86581012502,Galletas Club Extra Original,50.0,5.0,5.0,5.0,
128,Dulces,86581017699,Galletas Tipo Pozuelo,6.67,471.0,471.0,471.0,
128,Dulces,86581110888,Galletas Chiky,8.75,518.0,518.0,518.0,
128,Dulces,8692458403148,TARRO DE CHOCOLATE BUHRE DE 1000 GRAMOS,200.0,0.0,0.0,0,
129,Dulces,8693029200241,CHOCOLATE TI AMO,135.0,1.0,1.0,1.0,
129,Enlatados,000993189,SARDINA LA SIRENA PICA PICA 200G,42.0,54.0,54.0,54.0,
129,Enlatados,07501003124326,Ensalada Herdez 400g,60.0,32.0,32.0,32.0,
129,Enlatados,24000014409,Maizito del Monte 248 g,36.0,0.0,0.0,0,
129,Enlatados,24000163084,Pitipuas del Monte 425 g,46.0,0.0,0.0,0,
129,Enlatados,24000163190,Vegetales Mixtos 411 g,46.0,0.0,0.0,0,
129,Enlatados,28571000397,Sardinas la sirena Pica Pica 215 g,60.0,130.0,127.0,127.0,
129,Enlatados,28571000441,Sardinas la sirena en Salsa de Tomate 215 g,41.0,0.0,0.0,0,
129,Enlatados,28571000694,Sardinas la sirena Pica Pica 155 g,41.0,587.8,555.8,555.8,
129,Enlatados,28571010754,Salchichas de Pollo La Sirena 142 g,45.0,3.0,3.0,3.0,
129,Enlatados,28571012178,Atun en Aceite (Florida),48.0,0.0,0.0,0,
129,Enlatados,28571012550,Sardina la Sirena Pica pica 200 Mg,60.0,5.0,5.0,5.0,
129,Enlatados,7410031393119,Atun Gomes Da Costa 142 gr,50.0,16.0,16.0,16.0,
129,Enlatados,7410031393188,Atun vegetales Mar de plata,55.0,1.0,1.0,1.0,
129,Enlatados,7441002601001,Sardinas Sardimar en salsa de Tomate 155 g,23.0,0.0,0.0,0,
129,Enlatados,7441002638007,Atun lomo en trocitos con Vegetales La Gaviota 140 g,55.75,5.0,5.0,5.0,
129,Enlatados,7441002638021,ATUN GAVIOTA VARIADOS,63.0,17.0,21.0,21.0,
129,Enlatados,7501003123411,Champiñones Trocitos 186 g,65.0,1.0,1.0,1.0,
129,Enlatados,7501003124241,Granos de Elotes Herdez 400 g,75.0,45.0,45.0,45.0,
129,Enlatados,7501017005024,Rajas de Jalapeño La Costeña 220 g,58.0,0.0,0.0,0,
129,Enlatados,7501017005062,Nachos de Jalapeño la Costeña 220 g,38.0,0.0,0.0,0,
130,Enlatados,7709249532527,BOMPILLO LED RECARGABLE 30W,250.0,0.0,0.0,0,
130,Enlatados,796500002001,pitipuas Toños 170 g,18.0,0.0,0.0,0,
130,Enlatados,86600751825,Sardinas Bumblebee en salsa de Tomate 155 g,23.0,0.0,0.0,0,
130,Harinas,367,Pan,10.0,0.0,0.0,0,
130,Harinas,7401006713308,Pan Monarca en Rodaja,80.0,146.0,150.0,150.0,
130,Harinas,7434000200376,Harina de trigo Bollo fino 1 Libra,16.0,132.0,257.0,257.0,
130,Harinas,7441000702755,Masecas Especias 1 Lb,55.0,47.0,47.0,47.0,
130,Harinas,7441000719333,Masecas Enchiladas 1 Lb,55.0,6.0,6.0,6.0,
130,Harinas,748757007094,Galleta Picnic Vainilla,3.58,0.0,0.0,0,
130,Harinas,751296130109,Harina para pastel Super Mix Dorado,165.0,1.0,1.0,1.0,
130,Harinas,97294525449,Maseca del Comal 454 g,23.0,170.2,430.2,430.2,
130,Higiene personal,001199673,TALONERAS DE DAMA BLUESTAR,14.0,0.0,0.0,0,
130,Higiene personal,001199674,Hules wei ya,45.0,0.0,0.0,0,
130,Higiene personal,0019003567,PASTA DENTAL COLGATE TOTAL 12 150 ML,160.0,0.0,0.0,0,
130,Higiene personal,037000274018,SHAMPOO HEAD SHOULDERS 400ML,350.0,0.0,0.0,0,
130,Higiene personal,12317520157,Toallas de baño grande,180.0,0.0,0.0,0,
130,Higiene personal,125388207732,Polvo Compacto Niña Bonita,45.0,0.0,0.0,0,
131,Higiene personal,130498,Lima de uñas ZINGER GERMANY,30.0,0.0,0.0,0,
131,Higiene personal,131,Botas super Estandar,450.0,0.0,0.0,0,
131,Higiene personal,13117001723,Toallas Jueguitos,15.76,0.0,0.0,0,
131,Higiene personal,13117029055,Pamper Jueguitos Variados,320.0,138.0,136.0,136.0,
131,Higiene personal,133,Botas Jungla Americana,690.0,0.0,0.0,0,
131,Higiene personal,1338845877815,Hisopo pequeño,15.0,16.0,16.0,16.0,
131,Higiene personal,134,Botas Jungla Desierto,790.0,0.0,0.0,0,
131,Higiene personal,135,Botas Jungla Ranger,460.0,0.0,0.0,0,
131,Higiene personal,136,Botas estándar chontal lona verde original,1100.0,0.0,0.0,0,
131,Higiene personal,149,Lazos Unicornio,90.0,0.0,0.0,0,
131,Higiene personal,150,Pirañas plastica Mediana,30.0,0.0,0.0,0,
131,Higiene personal,151,Turbante,30.0,0.0,0.0,0,
131,Higiene personal,152,Pirañas Medianas Plastico duro,35.0,0.0,0.0,0,
131,Higiene personal,153,Pirañas Grandes Plastico,40.0,0.0,0.0,0,
131,Higiene personal,154,Colas Negras con guindaje,14.0,0.0,0.0,0,
131,Higiene personal,155,Pirañas Mini pequeña Metalica,25.0,0.0,0.0,0,
131,Higiene personal,156,Pirañas pequeña Metalica,40.0,0.0,0.0,0,
131,Higiene personal,157,Pirañas mediana Metalica,50.0,1.0,1.0,1.0,
131,Higiene personal,158,Cintillos para bebe,10.0,0.0,0.0,0,
131,Higiene personal,159,Cintillos para niña,35.0,4.0,4.0,4.0,
131,Higiene personal,160,Prensapelos para Dama FASHION,15.0,4.0,4.0,4.0,
131,Higiene personal,161,Hulitos para niña (Bolsita),12.0,3.0,3.0,3.0,
131,Higiene personal,162,Colas de Colores MICKY/REDONDAS,12.0,0.0,0.0,0,
131,Higiene personal,163,Colas ligas de colores,2.5,83.0,83.0,83.0,
132,Higiene personal,164,Colas LAILAI,35.0,0.0,0.0,0,
132,Higiene personal,165,Colas de Caritas,25.0,16.0,16.0,16.0,
132,Higiene personal,166,Cola gruesa de hilo,30.0,3.0,3.0,3.0,
132,Higiene personal,167,lazos Dormilon,40.0,4.0,4.0,4.0,
132,Higiene personal,168,Lazos Oso,65.0,0.0,0.0,0,
132,Higiene personal,169,Diademas LAZOS Nudo,70.0,3.0,3.0,3.0,
132,Higiene personal,170,Diademas Unicornio,70.0,0.0,0.0,0,
132,Higiene personal,170598,HISOPO GRANDE DE 150 UND,30.0,1.0,1.0,1.0,
132,Higiene personal,171,Diademas de Pelotitas con lente hojuelas,90.0,0.0,0.0,0,
132,Higiene personal,172,Diademas de orejitas,65.0,0.0,0.0,0,
132,Higiene personal,173,Cintillo Rojo,10.0,0.0,0.0,0,
132,Higiene personal,174,Prensapelos Metalicos,25.0,0.0,0.0,0,
132,Higiene personal,175,Pachas Infan Tec,70.0,0.0,0.0,0,
132,Higiene personal,176,Pachas Mediana,45.0,0.0,0.0,0,
132,Higiene personal,177,Naypes de Carton,19.0,10.0,10.0,10.0,
132,Higiene personal,178,Mamaderas Corrientes,5.0,0.0,0.0,0,
132,Higiene personal,186,Pastes de baño,30.0,0.0,0.0,0,
132,Higiene personal,191077000052,Jabonito Fresh 280 g,28.0,0.0,0.0,0,
132,Higiene personal,2142325565845,Shampoo Baby 32 Onza,90.0,4.0,4.0,4.0,
132,Higiene personal,219,Chinelas Rider,200.0,0.0,0.0,0,
132,Higiene personal,220,Chinelas de Niña de Hebilla,75.0,0.0,0.0,0,
132,Higiene personal,221,Chinelas Tamaris de Lazo,130.0,0.0,0.0,0,
132,Higiene personal,223,Mosquiteros,280.0,0.0,0.0,0,
132,Higiene personal,224,Bolsos pañaleros,165.0,0.0,0.0,0,
133,Higiene personal,22400000442,Shampoo TRESemme Botanique Damage 650 Ml,220.0,0.0,0.0,0,
133,Higiene personal,22400393711,Shampoo TRESemme 2 en 1 Cleanse y Replenish 828 Ml,175.0,0.0,0.0,0,
133,Higiene personal,226,Globos Palmeritos Negro,75.0,0.0,0.0,0,
133,Higiene personal,227,Globos Carnaval,85.0,0.0,0.0,0,
133,Higiene personal,228,Globos Pure Latex/ BUFONNE,90.0,0.0,0.0,0,
133,Higiene personal,229,Algodón Bolitas Zuum,2.0,108.0,108.0,108.0,
133,Higiene personal,234,Aceite para Bebe Baby Oil,16.67,278.0,278.0,278.0,
133,Higiene personal,236,Cojines CARITA AMARILLO Y AZUL,160.0,0.0,0.0,0,
133,Higiene personal,237,Sombreritos Pequeños,120.0,0.0,0.0,0,
133,Higiene personal,238,Hamaca Tejidas,200.0,0.0,0.0,0,
133,Higiene personal,241,Palitas para pies,35.0,15.0,15.0,15.0,
133,Higiene personal,242,Jabon Irish Spring 104.8 g,40.0,2.0,2.0,2.0,
133,Higiene personal,243,Peines grandes,16.0,11.0,11.0,11.0,
133,Higiene personal,244,Colas de cabello,50.0,0.0,0.0,0,
133,Higiene personal,245,Encrespador para pestaña SON,65.0,0.0,0.0,0,
133,Higiene personal,246,Corta Uñas,25.0,0.0,0.0,0,
133,Higiene personal,249,Corta Uñas Grande,35.0,8.0,8.0,8.0,
133,Higiene personal,250,Polvo Traslucido Raquel,110.0,0.0,0.0,0,
133,Higiene personal,251,Espejitos,10.0,20.0,20.0,20.0,
133,Higiene personal,252,Pinturas de Labios,35.0,0.0,0.0,0,
133,Higiene personal,253,Brillo Labiales yh beja,20.0,14.0,14.0,14.0,
133,Higiene personal,254,Brillo Labiales kiss callectar,25.0,0.0,0.0,0,
133,Higiene personal,257,Pinturas de Uñas CAIRUO,40.0,8.0,8.0,8.0,
133,Higiene personal,258,Brasier Weinaaa,90.0,0.0,0.0,0,
134,Higiene personal,259,Brasier Variado,130.0,0.0,0.0,0,
134,Higiene personal,260,Brasier Linaer,75.0,0.0,0.0,0,
134,Higiene personal,261,Brasier Lovable,145.0,0.0,0.0,0,
134,Higiene personal,262,Brasier Brenda,150.0,5.0,5.0,5.0,
134,Higiene personal,263,Brasier Variado,100.0,0.0,0.0,0,
134,Higiene personal,264,Brocha Gruesa,60.0,0.0,0.0,0,
134,Higiene personal,269,Gorras,140.0,0.0,0.0,0,
134,Higiene personal,270,Gorra Star Fashion,150.0,0.0,0.0,0,
134,Higiene personal,271,Gorra New York Yankees,160.0,0.0,0.0,0,
134,Higiene personal,272,Gorra Fitted Sports,220.0,0.0,0.0,0,
134,Higiene personal,273,Gorra Strauss Wrangler,200.0,0.0,0.0,0,
134,Higiene personal,275,Gorra Tommy Hilfiger,300.0,0.0,0.0,0,
134,Higiene personal,276,Boxer Dama Brenda,45.0,0.0,0.0,0,
134,Higiene personal,277,Calson Brenda,45.0,0.0,0.0,0,
134,Higiene personal,278,Calson Blanco,40.0,0.0,0.0,0,
134,Higiene personal,279,Traje de Baño,250.0,0.0,0.0,0,
134,Higiene personal,280,Calsetines Jessy,28.0,0.0,0.0,0,
134,Higiene personal,281,Toalla para bebe,185.0,0.0,0.0,0,
134,Higiene personal,282,Colchas de Naylon,160.0,0.0,0.0,0,
134,Higiene personal,284,Pañueletas,20.0,0.0,0.0,0,
134,Higiene personal,285,Pañales Prosan,260.0,0.0,0.0,0,
134,Higiene personal,286,Gorros Tejidos,35.0,1.0,1.0,1.0,
134,Higiene personal,287,Gorros para recien nacido,28.0,0.0,0.0,0,
134,Higiene personal,288,Vestido tejido de niña,220.0,0.0,0.0,0,
135,Higiene personal,289,Set de Pillamita de niña tejida,85.0,0.0,0.0,0,
135,Higiene personal,290,Set de Pillamita tejida,95.0,0.0,0.0,0,
135,Higiene personal,291,Monito de algodón para bebe,125.0,0.0,0.0,0,
135,Higiene personal,292,Fajeros de tela,20.0,0.0,0.0,0,
135,Higiene personal,293,Toallas de mano Algodón,45.0,0.0,0.0,0,
135,Higiene personal,294,Medias color Piel,40.0,2.0,2.0,2.0,
135,Higiene personal,295,Toallas de baño Niño,150.0,0.0,0.0,0,
135,Higiene personal,296,Toallas de baño grande,185.0,0.0,0.0,0,
135,Higiene personal,297,Sabanilla para bebe,200.0,0.0,0.0,0,
135,Higiene personal,298,Sabanilla para bebe,170.0,0.0,0.0,0,
135,Higiene personal,299,Pillama para niño,115.0,0.0,0.0,0,
135,Higiene personal,300,Pillama bebe,135.0,0.0,0.0,0,
135,Higiene personal,3004005009089,CHINELAS HAVANA GIRL CELESTE,100.0,0.0,0.0,0,
135,Higiene personal,3004005010672,Chinelas Havana Girl,75.0,0.0,0.0,0,
135,Higiene personal,3004005011679,Chinelas Havana Girl,85.0,0.0,0.0,0,
135,Higiene personal,3004005033329,Chinelas Ginza,130.0,1.0,1.0,1.0,
135,Higiene personal,3004005040242,Zapatos de Hule Ginza,230.0,0.0,0.0,0,
135,Higiene personal,301,Sabanilla para bebe,90.0,0.0,0.0,0,
135,Higiene personal,302,Gorros para bebe,25.0,0.0,0.0,0,
135,Higiene personal,303,Sabanilla para bebe,150.0,0.0,0.0,0,
135,Higiene personal,304,Sabanilla para bebe,135.0,0.0,0.0,0,
135,Higiene personal,305,Toalla para bebe,165.0,0.0,0.0,0,
135,Higiene personal,306,Sabanilla para bebe,185.0,0.0,0.0,0,
135,Higiene personal,307,Colchas para bebe,140.0,0.0,0.0,0,
136,Higiene personal,308,Calsetines para bebe Baby sooks,30.0,0.0,0.0,0,
136,Higiene personal,309,Calsones Lovable,65.0,4.0,4.0,4.0,
136,Higiene personal,309970501037,Crema Aquamarine,95.0,0.0,0.0,0,
136,Higiene personal,310,Calsones Lovable,80.0,0.0,0.0,0,
136,Higiene personal,311,Calsones Lovable,120.0,0.0,0.0,0,
136,Higiene personal,312,Calsones Lovable,65.0,3.0,3.0,3.0,
136,Higiene personal,313,Camisola de niña,35.0,0.0,0.0,0,
136,Higiene personal,314,Camisita de bebe Ezequiel,40.0,0.0,0.0,0,
136,Higiene personal,315,Camisita de bebe Ezequiel,30.0,0.0,0.0,0,
136,Higiene personal,316,Sueter de bebe,110.0,0.0,0.0,0,
136,Higiene personal,317,Camiseta de bebe Beibi Keerr,50.0,0.0,0.0,0,
136,Higiene personal,318,Calson para niñas nuk,25.0,0.0,0.0,0,
136,Higiene personal,319,Licras para niñas,80.0,1.0,1.0,1.0,
136,Higiene personal,321,Toalla de mano Mediana,20.0,0.0,0.0,0,
136,Higiene personal,322,Toalla de mano pequeña,12.0,0.0,0.0,0,
136,Higiene personal,323,Camisita para bebe,65.0,0.0,0.0,0,
136,Higiene personal,324,Zapatitos bebe tejido,35.0,0.0,0.0,0,
136,Higiene personal,325,Calsetines para bebe,20.0,0.0,0.0,0,
136,Higiene personal,326,Calcetines para bebe angie,18.0,0.0,0.0,0,
136,Higiene personal,327,Turbante,100.0,0.0,0.0,0,
136,Higiene personal,328,Calsetines para bebe,15.0,0.0,0.0,0,
136,Higiene personal,329,Set de pillamas tejido bebe,85.0,0.0,0.0,0,
136,Higiene personal,330,blusa para dama Levi´s,100.0,0.0,0.0,0,
136,Higiene personal,331,Corpillo Niña,50.0,0.0,0.0,0,
137,Higiene personal,335,Piecito,20.0,0.0,0.0,0,
137,Higiene personal,336,Calsetines niña Belen,25.0,0.0,0.0,0,
137,Higiene personal,337,Boxer niño patriot,30.0,0.0,0.0,0,
137,Higiene personal,338,Pillama de algodón niño,75.0,0.0,0.0,0,
137,Higiene personal,339,Calsonsillo Daniel Axel,90.0,0.0,0.0,0,
137,Higiene personal,340,Calsonsillo de niño,20.0,2.0,2.0,2.0,
137,Higiene personal,341,Calsonsillo caballero,28.0,0.0,0.0,0,
137,Higiene personal,342,Boxer caballero,55.0,0.0,0.0,0,
137,Higiene personal,343,Boxer caballero,45.0,0.0,0.0,0,
137,Higiene personal,391,Botas de hule Espuelita,170.0,4.0,4.0,4.0,
137,Higiene personal,392,Botas de hule Industrial,350.0,14.0,14.0,14.0,
137,Higiene personal,393,Botas de hule niño colores,180.0,0.0,0.0,0,
137,Higiene personal,3975800103008,Polvo compacto 3 en 1 Raquel,110.0,0.0,0.0,0,
137,Higiene personal,399,Camisola de niño,65.0,0.0,0.0,0,
137,Higiene personal,400,Boxer de Niño Algodón,85.0,7.0,7.0,7.0,
137,Higiene personal,4004028003995,Calsetines Escolares,25.0,7.0,7.0,7.0,
137,Higiene personal,4005800144554,Desodorante en Barra Nivea Protect y Care 40 Ml,85.0,0.0,0.0,0,
137,Higiene personal,401,Camisola de niño,40.0,0.0,0.0,0,
137,Higiene personal,40181700982,Taloneras,20.0,0.0,0.0,0,
137,Higiene personal,402,Buzos de niña,110.0,2.0,2.0,2.0,
137,Higiene personal,403,Brasieles,110.0,0.0,0.0,0,
137,Higiene personal,41348008716,Shampoo Paw patrol 2 en 1,85.0,0.0,0.0,0,
137,Higiene personal,417,botas de hule juvenil 30-35,220.0,17.0,17.0,17.0,
137,Higiene personal,418,Shampoo para Bebe Baby Punk,24.0,0.0,0.0,0,
138,Higiene personal,419,Chinelas Molser Grande,120.0,1.0,1.0,1.0,
138,Higiene personal,47127806470,Rubor Venas,65.0,0.0,0.0,0,
138,Higiene personal,4712780812358,Polvo Compacto P Y W,125.0,0.0,0.0,0,
138,Higiene personal,52336993198,Gotas Shine Polishing 60 Ml,85.0,0.0,0.0,0,
138,Higiene personal,601699164105,Desodorante Body Mist,53.0,73.0,73.0,73.0,
138,Higiene personal,616513707246,Perfilador de ceja,40.0,0.0,0.0,0,
138,Higiene personal,6296901151437,Taloneras,10.0,0.0,0.0,0,
138,Higiene personal,634154200759,Camisita de bebe bebe crece,100.0,0.0,0.0,0,
138,Higiene personal,656497809000,Encrespador para pestaña EYELASH,45.0,0.0,0.0,0,
138,Higiene personal,656497896505,Polvo Compacto Profusion,120.0,1.0,1.0,1.0,
138,Higiene personal,6905132485036,Polvo compacto Nuobeier,45.0,0.0,0.0,0,
138,Higiene personal,6921758941022,TINTE KOOL COLOR PEQUEÑ0,100.0,0.0,0.0,0,
138,Higiene personal,6923194186654,Polvo Compacto con su base Yh Beja,85.0,0.0,0.0,0,
138,Higiene personal,6924372630198,Rubor Candy Blush,60.0,0.0,0.0,0,
138,Higiene personal,6927192900045,Tinte Chuyan,95.0,0.0,0.0,0,
138,Higiene personal,693235852454,Desodorante Rollon Variado Zermat,85.0,9.0,9.0,9.0,
138,Higiene personal,693235904269,Locion Refrescante corporal Kiwi Zermat 250 Ml,290.0,0.0,0.0,0,
138,Higiene personal,693235920825,Agua de Colonia para Caballero Zermat 240 Ml,285.0,0.0,0.0,0,
138,Higiene personal,6936097102515,Talco Bebe Sbook Good 500 g,85.0,0.0,0.0,0,
138,Higiene personal,6938343500021,Piecito,60.0,0.0,0.0,0,
138,Higiene personal,6940351330330,Pachas Beikv,120.0,0.0,0.0,0,
138,Higiene personal,6948031102017,Cepillo Good Doctor Niño,12.0,0.0,0.0,0,
138,Higiene personal,6948934486016,Gotas para el cabello Aloe Vera Polisher 60 Ml,75.0,0.0,0.0,0,
138,Higiene personal,6952989392659,Cojines Unicornio,320.0,0.0,0.0,0,
139,Higiene personal,6956629070099,Sombras Luster Dazzling Light,60.0,0.0,0.0,0,
139,Higiene personal,716189005087,Vanidad Giovi,80.0,2.0,2.0,2.0,
139,Higiene personal,717489962049,Rubor blush Milani,185.0,0.0,0.0,0,
139,Higiene personal,717489965101,Sombras Milani,280.0,0.0,0.0,0,
139,Higiene personal,7401005402876,Pinturas de Uñas Darosa,29.0,0.0,0.0,0,
139,Higiene personal,7401005489242,Crema Blancoderma 75 g,150.0,0.0,0.0,0,
139,Higiene personal,7401005490569,Acetona Darosa 150Ml,60.0,1.0,1.0,1.0,
139,Higiene personal,740100599234,Acetona Darosa 300 Ml,100.0,2.0,2.0,2.0,
139,Higiene personal,7401093810010,PAÑALES DUNDI DUNDI,150.0,0.0,0.0,0,
139,Higiene personal,7401093810027,Pañales Bimbo,140.0,0.0,0.0,0,
139,Higiene personal,7401093810034,Pañales la Cigüeña,135.0,0.0,0.0,0,
139,Higiene personal,7404004200528,Toallas SuperSec,65.0,0.0,0.0,0,
139,Higiene personal,7406171006026,Shampoo Tamy Variado 1000 Ml,110.0,6.0,6.0,6.0,
139,Higiene personal,7406171026895,Jabon Gel Olimpo Variado 460 Ml,65.0,0.0,0.0,0,
139,Higiene personal,7406171027571,Shampoo Calypso 2 en 1 830 Ml,135.0,2.0,2.0,2.0,
139,Higiene personal,7406171027908,Jabon de baño plus cream classic,24.0,0.0,0.0,0,
139,Higiene personal,7406171035217,Shampoo Tamy Variado 500 Ml,60.0,0.0,0.0,0,
139,Higiene personal,7406233000115,Toallas Humedas Family Choice con Aloe Vera,65.0,46.0,46.0,46.0,
139,Higiene personal,7406272107967,Botas de hule Variada (Dinosaurio Caiman),320.0,78.0,77.0,77.0,
139,Higiene personal,7410010429006,Trabas Veronica,50.0,3.0,3.0,3.0,
139,Higiene personal,7414902405017,Shampoo Baby Carla Bravo 32 Onz,90.0,0.0,0.0,0,
139,Higiene personal,7414902461150,Pomada Gel Ice 227 g,60.0,0.0,0.0,0,
139,Higiene personal,7414902463260,Shampoo Frutalia Aloe 720 Ml,70.0,0.0,0.0,0,
139,Higiene personal,7416202001029,Botas de hule Niño 20-29,225.0,6.0,6.0,6.0,
140,Higiene personal,7416502200504,Papel higienico Encanto 4 rollos,100.0,16.0,16.0,16.0,
140,Higiene personal,7416502200511,Papel higienico Encanto 6 rollos,150.0,46.0,46.0,46.0,
140,Higiene personal,7416502200528,Papel higienico encanto 1000 hojas,22.08,452.0,428.0,428.0,
140,Higiene personal,7421002012243,Desodorante Odorit 60 g,53.0,26.0,26.0,26.0,
140,Higiene personal,7431001111052,Talco Fungyl 60 g,70.0,8.0,8.0,8.0,
140,Higiene personal,7431001185039,Fungyl Spray 60 Ml,110.0,1.0,1.0,1.0,
140,Higiene personal,7431002808234,LIMPIA VIDRIOS 680 ML,0.0,0.0,0.0,0,
140,Higiene personal,7431003706157,Acetona Francela 175 Ml,40.0,0.0,0.0,0,
140,Higiene personal,7433100033044,Shampoo Familiar punk 32 Onz,85.0,1.0,1.0,1.0,
140,Higiene personal,7434003050039,Papel higienico papiel eco plus,16.67,81.0,81.0,81.0,
140,Higiene personal,7441008130444,Pamper Huggies amarillo 50 unidades,385.0,20.0,20.0,20.0,
140,Higiene personal,7441008141433,Pamper Huggies verde 50 unidades,475.0,2.0,2.0,2.0,
140,Higiene personal,7441008144939,Protectores diarios Kotex,33.0,0.0,0.0,0,
140,Higiene personal,7441008150336,Papel higienico Scott 1000 hojas,25.0,2.0,2.0,2.0,
140,Higiene personal,7441008160342,Pamper Huggies VERDE Unidad,7.6,0.5,0.5,0.5,
140,Higiene personal,7441008164326,Toalla Kotex Esencial,25.0,27.0,25.0,25.0,
140,Higiene personal,7441008164357,Toallas scott calorie absorb,50.0,0.0,0.0,0,
140,Higiene personal,7441008168300,Papel higienico Scott Rindemax,20.83,0.0,0.0,0,
140,Higiene personal,7441008171935,Pamper Huggies Verdes active sec 1x25,200.0,0.0,0.0,0,
140,Higiene personal,7441008174264,Papel higienico scott Doble hoja,12.08,0.0,0.0,0,
140,Higiene personal,7441057261090,Toallas Nevax Practicas,50.0,26.0,26.0,26.0,
140,Higiene personal,7441057265807,Papel higienico Nevax Extra mas 1000 hojas,30.0,275.0,251.0,251.0,
140,Higiene personal,7441057265821,Papel higienico Nevax Extra mas 4 rollos,140.0,5.0,4.0,4.0,
140,Higiene personal,7441057265838,Papel Higienico Nevax Extra mas 6 rollos,190.0,19.0,19.0,19.0,
141,Higiene personal,7441057266408,Papel higienico Nevax Maxi Resistencia,14.17,0.0,0.0,0,
141,Higiene personal,7441057267092,Toalla saba clasica,29.0,82.0,82.0,82.0,
141,Higiene personal,74411008169314,Papel higienico scott 4 rollos,140.0,1.0,1.0,1.0,
141,Higiene personal,7450004690142,Pachas en caja Estándar Neck L 12 Meses,125.0,0.0,0.0,0,
141,Higiene personal,7450004690166,Pachas en caja Estándar Neck M 6 Meses / Wakid´s,115.0,0.0,0.0,0,
141,Higiene personal,7450020152488,Baberos Infan-Tec para bebe,70.0,0.0,0.0,0,
141,Higiene personal,7450020158671,Colcha bebe Infan-Tec,210.0,1.0,1.0,1.0,
141,Higiene personal,7450020207041,Alfileres para pañal Diaper Clips,35.0,0.0,0.0,0,
141,Higiene personal,7450025146871,Camisita de bebe bebe crece,90.0,0.0,0.0,0,
141,Higiene personal,7450098124387,Chinelas Rassi,140.0,1.0,1.0,1.0,
141,Higiene personal,7450098129788,CHINELAS APOLO DAMA,90.0,0.0,0.0,0,
141,Higiene personal,7450098133648,Chinelas Rassi,90.0,0.0,0.0,0,
141,Higiene personal,7450108009895,Chinelas Chica Sexy,110.0,0.0,0.0,0,
141,Higiene personal,7450108011928,Chinelas Rassi Niño,135.0,0.0,0.0,0,
141,Higiene personal,7450108016466,Zapatos de lona I love Dama,180.0,0.0,0.0,0,
141,Higiene personal,7450108018446,CHINELA APOLO VARON,220.0,0.0,0.0,0,
141,Higiene personal,7452103882282,Lapiz de ceja,30.0,5.0,5.0,5.0,
141,Higiene personal,7453005529022,Calson Grande Anhelos,65.0,0.0,0.0,0,
141,Higiene personal,745300724651,Camisola para niño,55.0,0.0,0.0,0,
141,Higiene personal,7453010020446,Limas LOLA para uñas pequeñas,3.0,12.0,12.0,12.0,
141,Higiene personal,7453016911777,Pantaleta amiga Lingerie,55.0,3.0,3.0,3.0,
141,Higiene personal,7453016925868,calson para niñas,35.0,0.0,0.0,0,
141,Higiene personal,7453016949390,Calson para niña Variado,28.0,0.0,0.0,0,
141,Higiene personal,7453016983905,Brasier latina,135.0,0.0,0.0,0,
142,Higiene personal,7453016983929,Brasier Variado,120.0,0.0,0.0,0,
142,Higiene personal,7453017020357,Calson Latina secret,65.0,0.0,0.0,0,
142,Higiene personal,7453021401494,Chor para niño,60.0,0.0,0.0,0,
142,Higiene personal,7453031133224,CHINELAS ADAX GRIS,85.0,0.0,0.0,0,
142,Higiene personal,7453032648628,Set de ropa para bebe Once For Baby,260.0,0.0,0.0,0,
142,Higiene personal,7453033906130,Calsetines para cabellero Neser,23.0,7.0,7.0,7.0,
142,Higiene personal,7453033915606,Calsetines para cabellero,15.0,0.0,0.0,0,
142,Higiene personal,7453046515541,Chinelas Adax Original,75.0,0.0,0.0,0,
142,Higiene personal,7453049852551,Pachas pequeñas Racer,75.0,0.0,0.0,0,
142,Higiene personal,7453049854012,Sabanilla para bebe algodón,190.0,0.0,0.0,0,
142,Higiene personal,7453050204820,Chinelas Goltic,230.0,1.0,1.0,1.0,
142,Higiene personal,7453050211613,CHINELA DE DAMA GOLITO R.QUEMADA,145.0,0.0,0.0,0,
142,Higiene personal,7453053327939,Corpillo Niña,40.0,0.0,0.0,0,
142,Higiene personal,7453060435207,Chinelas Wax,85.0,0.0,0.0,0,
142,Higiene personal,7453062435816,Set de Bebe Zafari,245.0,0.0,0.0,0,
142,Higiene personal,7453062467688,Toallas de mano para bebe,18.0,6.0,6.0,6.0,
142,Higiene personal,7453062549568,Calson de algodón Azurra,55.0,0.0,0.0,0,
142,Higiene personal,7453063336402,Camisita de bebe bebe crece,75.0,0.0,0.0,0,
142,Higiene personal,7453066337185,Camisita de bebe Everfit Baby,110.0,3.0,3.0,3.0,
142,Higiene personal,7453066800238,camisola Diego,155.0,0.0,0.0,0,
142,Higiene personal,7453069881036,Camisolas Foot ball Pequeña,35.0,0.0,0.0,0,
142,Higiene personal,7453070018209,CHINELAS DE NIÑA FLORIMENTA,70.0,0.0,0.0,0,
142,Higiene personal,7453070018735,CHINELAS SKIMAX,65.0,0.0,0.0,0,
142,Higiene personal,7453070320388,Pachas chiquitas Wakids,50.0,0.0,0.0,0,
143,Higiene personal,7453070320418,Pachas Wakids,75.0,0.0,0.0,0,
143,Higiene personal,7453074841063,Brasier HOT LOVE,45.0,0.0,0.0,0,
143,Higiene personal,7453074923615,Chinelas de Hule de Niña de Hebilla,100.0,0.0,0.0,0,
143,Higiene personal,7453075275119,Zapatitos bebe Baby Love,150.0,0.0,0.0,0,
143,Higiene personal,7453076124874,Chinelas Carbec,150.0,0.0,0.0,0,
143,Higiene personal,7453076127011,Chinelas Carbec,120.0,0.0,0.0,0,
143,Higiene personal,7453078844237,CHINELAS CONTACT NIÑO R,90.0,0.0,0.0,0,
143,Higiene personal,7453082734326,Chinelas Adax,150.0,0.0,0.0,0,
143,Higiene personal,7453082736603,Chinelas sapos Adax dama,160.0,1.0,1.0,1.0,
143,Higiene personal,7453082742765,CHINELAS DAMA ROSELLA ROSADA,120.0,0.0,0.0,0,
143,Higiene personal,7453085119861,Chinelas Jogo Varon,200.0,0.0,0.0,0,
143,Higiene personal,7453085131184,Chinelas Jogo Mujer,150.0,0.0,0.0,0,
143,Higiene personal,7453086312438,Calson de algodón Azurra,50.0,0.0,0.0,0,
143,Higiene personal,7453086722329,Taloneras,12.0,0.0,0.0,0,
143,Higiene personal,7453087616283,Zapatos de Hule Westair,145.0,0.0,0.0,0,
143,Higiene personal,7453087616450,Chinelas Bahia,70.0,0.0,0.0,0,
143,Higiene personal,7453087631019,Zapatos de Hule Molser,130.0,0.0,0.0,0,
143,Higiene personal,7453087633389,Chinelas Molser,180.0,0.0,0.0,0,
143,Higiene personal,7453087637790,Chinelas Jogo Niño,85.0,0.0,0.0,0,
143,Higiene personal,7453087639138,CHINELAS MOLSER,80.0,0.0,0.0,0,
143,Higiene personal,7453087645061,Chinelas Bahia,75.0,0.0,0.0,0,
143,Higiene personal,7453087646921,SAPOS DE NIÑA MOLSER,150.0,1.0,1.0,1.0,
143,Higiene personal,7453087648567,Chinelas My Little Pony,80.0,0.0,0.0,0,
143,Higiene personal,7453087650102,Chinelas de Niño de Hebilla,65.0,0.0,0.0,0,
144,Higiene personal,7453088648733,CHINELAS DULCE LUCY DAMA,150.0,0.0,0.0,0,
144,Higiene personal,7453091000719,Calsetines niñas,50.0,1.0,1.0,1.0,
144,Higiene personal,7453091001235,Pillama para bebe,125.0,1.0,1.0,1.0,
144,Higiene personal,7453091206074,Cojines Valerie Creation,180.0,0.0,0.0,0,
144,Higiene personal,7453092623832,Chinelas Carioca Niña,140.0,2.0,2.0,2.0,
144,Higiene personal,7453092623917,Chinelas Adax Niña,160.0,0.0,0.0,0,
144,Higiene personal,7453092628417,Chinelas CARIOCA Dama,200.0,0.0,0.0,0,
144,Higiene personal,7453096311353,Calsetines para bebe Periquita,30.0,0.0,0.0,0,
144,Higiene personal,7453096403195,CHINELAS FIFTY FOUR,80.0,0.0,0.0,0,
144,Higiene personal,7453096403225,SAPOS DULCE LUCY NIÑA,85.0,0.0,0.0,0,
144,Higiene personal,7453099001800,Chinelas Playeras Niño,100.0,0.0,0.0,0,
144,Higiene personal,7453099410862,Chinelas Gougar,85.0,0.0,0.0,0,
144,Higiene personal,7453099423756,Chinelas Gougar,160.0,0.0,0.0,0,
144,Higiene personal,7453100703716,Chinelas contact,120.0,0.0,0.0,0,
144,Higiene personal,7453100708988,Chinelas contact,130.0,0.0,0.0,0,
144,Higiene personal,7453101410002,Chinelas Adax Dama,175.0,0.0,0.0,0,
144,Higiene personal,7456000760117,Fajeros de agodon Infan-Tec,55.0,0.0,0.0,0,
144,Higiene personal,747771726301,Gotas para el Cabello Hair Polisher Variado 177 Ml,135.0,0.0,0.0,0,
144,Higiene personal,7500435020664,Shampoo Head Shoulders Variado 180 Ml,155.0,4.0,4.0,4.0,
144,Higiene personal,7500435020671,Shampoo Head Shoulders Variado 375 Ml,275.0,6.0,6.0,6.0,
144,Higiene personal,7500435131902,Shampoo Surtido Ristra 10 ML,6.17,1362.0,1362.0,1362.0,
144,Higiene personal,7500435131940,Crema Pantene Ristra,6.17,726.0,702.0,702.0,
144,Higiene personal,7501001169091,Shampoo Pantene Variado 200 Ml,145.0,2.0,2.0,2.0,
144,Higiene personal,7501001170073,Crema Pantene Liso Extremo 300 Ml,170.0,12.0,18.0,18.0,
145,Higiene personal,7501019006623,Toallas Saba Nocturna,53.0,16.0,4.0,4.0,
145,Higiene personal,7501019030345,Toalla saba confort Manzanilla,33.0,28.0,28.0,28.0,
145,Higiene personal,7501019034183,Protectores saba (12 UNID),26.0,0.0,0.0,0,
145,Higiene personal,7501019068614,Protectores diarios saba (45 UNID),85.0,0.0,0.0,0,
145,Higiene personal,7501022103173,SHAMPO RICITOS DE ORO 400 ML,145.0,12.0,12.0,12.0,
145,Higiene personal,7501022132920,Shampoo Grisi Kids 3 en 1,115.0,1.0,1.0,1.0,
145,Higiene personal,7501022133286,Shampoo Ricitos de Oro Miel/Lechuga Lavanda 250 Ml,100.0,24.0,24.0,24.0,
145,Higiene personal,7501035908116,Talco Mennen 100 g,100.0,11.0,11.0,11.0,
145,Higiene personal,7501035908246,Aceite Mennen para Bebe 100 Ml,95.0,0.0,0.0,0,
145,Higiene personal,7501035911796,Colonia Mennen Para Bebe 200 Ml,170.0,5.0,5.0,5.0,
145,Higiene personal,7501035919129,Shampoo Palmolive Optims 400 GR,185.0,0.0,0.0,0,
145,Higiene personal,75010478,Maquinas para Afeitar Perma Sharp,15.71,148.0,146.0,146.0,
145,Higiene personal,7501130525294,Colorante Fino para telas Mariposa 32 g,35.0,0.0,0.0,0,
145,Higiene personal,7501199416861,Gelatinas para cabello Xtreme 100 g,28.0,0.0,0.0,0,
145,Higiene personal,7501199416878,Gelatinas para cabello Xtreme 500 g,85.0,0.0,0.0,0,
145,Higiene personal,7501199416946,Gelatinas Xtreme 27 g,6.0,0.0,0.0,0,
145,Higiene personal,7501287200358,Tinte caballito 16 g,50.0,13.0,13.0,13.0,
145,Higiene personal,7501370200579,PINZAS CURTIS PARA DEPILAR,45.0,0.0,0.0,0,
145,Higiene personal,7501906602266,Delineador para ojos Manzana 8 g,80.0,0.0,0.0,0,
145,Higiene personal,7501906611664,Marbellina Manzana 13 g,55.0,3.0,3.0,3.0,
145,Higiene personal,7502211930365,Pachas Disney,65.0,0.0,0.0,0,
145,Higiene personal,7502238701245,Tinte Mister Color,280.0,0.0,0.0,0,
145,Higiene personal,75028978,Desodorante en Barra Rexona Variado Caballero 50,99.0,0.0,0.0,0,
145,Higiene personal,7503002163030,Gelatinas para cabello Xtreme 1kg,170.0,0.0,0.0,0,
146,Higiene personal,7503002163610,Gelatina para Cabello Xtreme 250g,45.0,0.0,0.0,0,
146,Higiene personal,75034238,Desodorante en Barra Dove 50 g,135.0,2.0,2.0,2.0,
146,Higiene personal,75047849,Desodorante en Barra Rexona Variado Dama 50 g,94.0,21.0,20.0,20.0,
146,Higiene personal,75051754,Desodorante en Barra Axe Variado Caballero 50 g,80.0,0.0,0.0,0,
146,Higiene personal,7506192502504,SHAMPOO EGO DE 10 ML,0.0,0.0,0.0,0,
146,Higiene personal,7506192506205,Gelatina Ego 110 Ml,43.0,20.0,20.0,20.0,
146,Higiene personal,7506192506212,Gelatinas Ego 200 Ml,75.0,15.0,15.0,15.0,
146,Higiene personal,7506192506236,Gelatina Ego 450ml,125.0,6.0,6.0,6.0,
146,Higiene personal,7506192506564,Shampoo Savile 700 Ml,200.0,0.0,0.0,0,
146,Higiene personal,7506195148679,Shampoo Head Shoulder 90 Ml,63.0,10.0,10.0,10.0,
146,Higiene personal,7506306205048,Crema Sedal Variado 300 Ml,150.0,15.0,15.0,15.0,
146,Higiene personal,7506306237902,Acondicionador Sedal Variado 340 Ml,140.0,0.0,0.0,0,
146,Higiene personal,7506309840024,Shampoo Pantene Variado 400 Ml,220.0,4.0,4.0,4.0,
146,Higiene personal,7509546000350,Pasta Dental Colgate Triple Accion 150 Ml,95.0,123.0,122.0,122.0,
146,Higiene personal,7509546000985,Pasta Dental Colgate Triple Accion 75 Ml,40.0,261.0,252.0,252.0,
146,Higiene personal,7509546039152,Pasta Dental Colgate 22 Ml,18.33,1.0,1.0,1.0,
146,Higiene personal,7509546049014,Pasta Dental Colgate Total 170 Ml,180.0,17.0,16.0,16.0,
146,Higiene personal,7509546072050,Shampoo Mennen Miel y Extracto de Manzanilla 200 Ml,130.0,2.0,2.0,2.0,
146,Higiene personal,7509546072272,Pastas de Dientes Colgate Kids 50 g,60.0,15.0,15.0,15.0,
146,Higiene personal,7509546075143,Jabon Mennen para Bebe 100 g,45.0,0.0,0.0,0,
146,Higiene personal,7509546076294,Desodorante en Barra Speed Stick 24/7 50 g,120.0,0.0,0.0,0,
146,Higiene personal,7509546077130,Shampoo Palmolive Naturals Variado 750 Ml,160.0,21.0,20.0,20.0,
146,Higiene personal,7509546078151,Shampoo Palmolive Naturals Variado 200 Ml,58.0,24.0,12.0,12.0,
146,Higiene personal,7509552915112,Acondicionador Fructis Frescura Vitaminada 350 Ml,120.0,0.0,0.0,0,
147,Higiene personal,751689010339,Desodorante en Spray Kent Variado 160 Ml,130.0,3.0,3.0,3.0,
147,Higiene personal,751689150103,Talco Bebe Kent 700 g,80.0,0.0,0.0,0,
147,Higiene personal,7662023611064,Boxer caballero Uomo,100.0,0.0,0.0,0,
147,Higiene personal,7662023650124,Boxer de varon,55.0,0.0,0.0,0,
147,Higiene personal,766324303417,Toallas Nube Blanca,60.0,0.0,0.0,0,
147,Higiene personal,766324303509,Papel higienico Nube Blanca 4 rollos,100.0,42.0,40.0,40.0,
147,Higiene personal,766324303707,Papel Higienico Nube Blanca 6 rollos,135.0,3.0,10.0,10.0,
147,Higiene personal,766324303790,Papel Higienico Nube Blanca 1000 hojas,21.25,338.5,786.5,786.5,
147,Higiene personal,766457002041,PAMPER ARRULLITOS,280.0,0.0,0.0,0,
147,Higiene personal,7702006203074,Shampoo Savile 510 Ml,150.0,8.0,8.0,8.0,
147,Higiene personal,7702018007257,Gillette Astra,18.5,171.0,171.0,171.0,
147,Higiene personal,7702045402476,Bliss (Polvo colorante),38.0,7.0,7.0,7.0,
147,Higiene personal,7702045555110,Tinte Igora Variados,250.0,9.0,9.0,9.0,
147,Higiene personal,7702045555806,Agua Oxigenada Igora 20 Vol 6%,38.0,0.0,0.0,0,
147,Higiene personal,7702045555813,Agua Oxigenada Igora 30 Vol 9%,38.0,0.0,0.0,0,
147,Higiene personal,7791293005010,Shampo Dove Variado 400 Ml,150.0,0.0,0.0,0,
147,Higiene personal,7791293012063,Desodorante en Spray Dove 150 Ml,165.0,0.0,0.0,0,
147,Higiene personal,7791293025797,Desodorante en Spray AXE Dark Temptation 150 Ml,150.0,0.0,0.0,0,
147,Higiene personal,784868000233,Peines Finos,9.17,38.0,38.0,38.0,
147,Higiene personal,7891024136089,Enjuague Bucal Colgate Plax 60 Ml,60.0,3.0,3.0,3.0,
147,Higiene personal,7891755285988,Brasier Tianxiancao,80.0,0.0,0.0,0,
147,Higiene personal,7896018700628,Toallas Huggies,85.0,0.0,0.0,0,
147,Higiene personal,7909189124558,Crema Suavizante Perfumada Avon 172 g,60.0,0.0,0.0,0,
147,Higiene personal,79400476692,Desodorante Rexona Clinical Variado 48 g,150.0,0.0,0.0,0,
148,Higiene personal,802863090057,Globos Palmeritos,110.0,0.0,0.0,0,
148,Higiene personal,810236003009,Polvo Compacto Fresh answer,75.0,1.0,1.0,1.0,
148,Higiene personal,842015000121,Crema Reviva Variado 235 Ml,125.0,3.0,3.0,3.0,
148,Higiene personal,849609006200,Rubor SANTEE,100.0,1.0,1.0,1.0,
148,Higiene personal,885131761279,Pachas pequeñas Essentials,80.0,15.0,15.0,15.0,
148,Higiene personal,885131761453,Pachas essentials,100.0,16.0,15.0,15.0,
148,Higiene personal,885131761507,Mamaderas Essentials,28.0,51.0,51.0,51.0,
148,Higiene personal,885131761569,Alfileres Essetials,76.0,30.0,30.0,30.0,
148,Higiene personal,889628041110,Shampoo con Acondicionador de Niño,130.0,0.0,0.0,0,
148,Higiene personal,8901234172551,Boxer Niño,35.0,0.0,0.0,0,
148,Higiene personal,8965879662600,CHINELAS GIOVANNA NIÑAS,70.0,0.0,0.0,0,
148,Higiene personal,9917631430,Cepillo de diente Colgate,16.79,232.0,232.0,232.0,
148,Higiene personal,99176480310,Pasta Dental Colgate Total 75 Ml,95.0,14.0,14.0,14.0,
148,Higiene personal,99176480518,Oferta de pasta con su cepillo,16.5,0.0,0.0,0,
148,Higiene personal,GN011199672,CHINELAS NEGRA DE NIÑO,60.0,0.0,0.0,0,
148,Juguetes,000891167,PELOTAS PLATICAS,25.0,0.0,0.0,0,
148,Juguetes,001299174,CASETINES ROCA CABALLERO,16.0,0.0,0.0,0,
148,Juguetes,001399173,JUEGOS DE DOCTORA NIÑA,170.0,0.0,0.0,0,
148,Juguetes,2014148631000,SET DE CARRITOS,125.0,0.0,0.0,0,
148,Juguetes,211,Muñecas Frozen,185.0,0.0,0.0,0,
148,Juguetes,212,Muñeca con su juegos de trastes Kitch,200.0,0.0,0.0,0,
149,Juguetes,213,Juguete Cash Regioter,330.0,0.0,0.0,0,
149,Juguetes,214,Carro Winner Speed Race Night (Model Car),250.0,0.0,0.0,0,
149,Juguetes,215,Carro Policia Special Justice,250.0,0.0,0.0,0,
149,Juguetes,216,Carro Pequeño Racing Car Victorious,100.0,0.0,0.0,0,
149,Juguetes,217,Carro Pequeño Inertial Stunt Car,100.0,0.0,0.0,0,
149,Juguetes,218,Carro Policia (Model Car),150.0,0.0,0.0,0,
149,Juguetes,4892980016524,Muñeca Bebe,180.0,0.0,0.0,0,
149,Juguetes,4892981221514,"MUÑECAS SANDY, RUBY DE NIÑA",340.0,0.0,0.0,0,
149,Juguetes,5880007014593,Juguete Pandereta,45.0,0.0,0.0,0,
149,Juguetes,6910929005953,CERDOS DE JUGUETES,100.0,0.0,0.0,0,
149,Juguetes,7450075020657,Muñeca Fahion Decoracion,180.0,0.0,0.0,0,
149,Juguetes,7450075022330,Carro Block Train,190.0,0.0,0.0,0,
149,Juguetes,7450077129945,JUEGO DE HUEVOS,65.0,0.0,0.0,0,
149,Juguetes,7450077134239,JUEGO DE COCINA NIÑA,220.0,0.0,0.0,0,
149,Juguetes,7450099084994,Carro Big Wheeler Car ( Superior Powerful),230.0,0.0,0.0,0,
149,Juguetes,7450099293556,MUÑECA CUTE GIRLS,320.0,0.0,0.0,0,
149,Juguetes,7450099293594,Muñeca Cutie Girls,320.0,0.0,0.0,0,
149,Juguetes,7453095820924,carros Transporter Truck,500.0,0.0,0.0,0,
149,Juguetes,7453095853038,Set de Juegos de trastes,80.0,0.0,0.0,0,
149,Juguetes,7453095859917,Muñeca Tiny cook,250.0,0.0,0.0,0,
149,Juguetes,7453095873425,Retro Excabadora Big Truck,250.0,0.0,0.0,0,
149,Juguetes,7453095873821,Carro Quick Racing (High Power),240.0,0.0,0.0,0,
149,Juguetes,7453095884216,Set de Juegos de trastes Hello My Friend,250.0,0.0,0.0,0,
149,Juguetes,7453095888887,Set de juegos de trastes Kitchen cooking,230.0,0.0,0.0,0,
150,Juguetes,8701201829064,Pelotas Tennis rapid,25.0,0.0,0.0,0,
150,Limpieza,001399172,AMBIENTADOR FLORAL GALON,120.0,0.0,0.0,0,
150,Limpieza,117,Cable de Naylon Mecate,90.0,0.0,0.0,0,
150,Limpieza,120,Sondaleza,10.0,50.0,50.0,50.0,
150,Limpieza,121,Riata Pequeña,20.0,17.0,17.0,17.0,
150,Limpieza,122,Riata Mediana,35.0,29.0,29.0,29.0,
150,Limpieza,123,Riata Grande,43.0,54.0,54.0,54.0,
150,Limpieza,124,Cabuya Pelota Pequeña,10.0,43.0,43.0,43.0,
150,Limpieza,126,Bolsas de Regalos Pequeña de colores,18.0,30.0,30.0,30.0,
150,Limpieza,127,Bolsas de Regalos MEDIANA,18.0,13.0,13.0,13.0,
150,Limpieza,128,Bolsas Medianas,20.0,0.0,0.0,0,
150,Limpieza,129,Bolsas Medianas de bolsito,30.0,0.0,0.0,0,
150,Limpieza,13,Bolsas de 10 libras,65.0,3.0,3.0,3.0,
150,Limpieza,130,Bolsas de Regalos Grandes,45.0,0.0,0.0,0,
150,Limpieza,15,Bolsas de Gabachas Grande Global,85.0,156.0,156.0,156.0,
150,Limpieza,16,Bolsas de Gabachas Mediana Global,55.0,157.0,155.0,155.0,
150,Limpieza,17,Bolsas de Gabacha Mini,30.0,199.0,199.0,199.0,
150,Limpieza,18,Bolsas de 5 libras,42.0,4996.0,4996.0,4996.0,
150,Limpieza,180,Hisopos Chico,8.0,8.0,8.0,8.0,
150,Limpieza,185,Veladora de Vaso Mediano,65.0,47.0,46.0,46.0,
150,Limpieza,188,Bolsas de Purisima,55.0,17.0,17.0,17.0,
151,Limpieza,19,Bolsas de 2 Libras,20.0,1362.0,1355.0,1355.0,
151,Limpieza,20,Bolsas de 1 Libra,15.0,164.0,163.0,163.0,
151,Limpieza,21,Bolsas de 1/2 Libra (Helado),12.0,101.0,100.0,100.0,
151,Limpieza,233,Cucharas Escartable Master Chef,12.0,0.0,0.0,0,
151,Limpieza,364,Pala Plasticas de basura,85.0,5.0,5.0,5.0,
151,Limpieza,430,MECHA DE LAMPAZO,40.0,0.0,0.0,0,
151,Limpieza,431,GLISOFATO,135.0,0.0,0.0,0,
151,Limpieza,433,ESCOBA SUPER ESTRELLA,85.0,0.0,0.0,0,
151,Limpieza,434,ESCOBAS PLASTICAS SUPER,100.0,3.0,3.0,3.0,
151,Limpieza,4719867213084,Pega Loca Super Glue Chemmer,4.58,717.0,717.0,717.0,
151,Limpieza,50139202202,Mechas de Lampaso N° 20,100.0,0.0,12.0,12.0,
151,Limpieza,50139202240,Mechas de Lampaso N° 24,120.0,11.0,22.0,22.0,
151,Limpieza,50139401025,Palos de Lampaso,210.0,5.0,5.0,5.0,
151,Limpieza,5453085880761,Bolsas Medianas Decoradas,40.0,0.0,0.0,0,
151,Limpieza,64501300100,Veladoras la Purisima Bolsa,12.5,203.0,203.0,203.0,
151,Limpieza,645013010259,Candelas la Purisima,40.0,78.0,75.0,75.0,
151,Limpieza,6855271122869,Bolsas Medianas,18.0,90.0,90.0,90.0,
151,Limpieza,6855271222583,Bolsas de Regalos pequeña YIDAIER,20.0,20.0,20.0,20.0,
151,Limpieza,6920987688401,Cuchillos chef,65.0,0.0,0.0,0,
151,Limpieza,6924010068918,Hisopos Nob Nob,12.0,0.0,0.0,0,
151,Limpieza,6937623600017,Bolsas de Regalos Grandes,30.0,0.0,0.0,0,
151,Limpieza,6946723403329,Focos Tigre plasticos de colores,34.0,137.0,137.0,137.0,
151,Limpieza,6970153500099,Hisopo de palito de madera,10.0,2.0,2.0,2.0,
151,Limpieza,7401069947504,Platos Macro plast N° 7,32.0,0.0,0.0,0,
152,Limpieza,7404004830046,PASTA DE LUSTRAR ALTENSE DE 96 ML,65.0,0.0,0.0,0,
152,Limpieza,7406171032797,DETERGENTE FAB 1.1 KG,48.0,0.0,0.0,0,
152,Limpieza,7410010457030,Veladora de Vaso Pequeño,26.0,38.0,38.0,38.0,
152,Limpieza,7410010491003,Tenedores Escartable FLEXI 25 Unidades,16.0,223.0,223.0,223.0,
152,Limpieza,7410010491058,Cucharas Descartables FLEXI 25 unid,16.0,33.0,33.0,33.0,
152,Limpieza,7415603200161,Cepillo para lavar Inodoro,70.0,0.0,0.0,0,
152,Limpieza,7419900001131,Vasos Escartable dipsa 4 onz.,14.0,0.0,0.0,0,
152,Limpieza,7419906000015,Veladora de Vaso Mediano,45.0,0.0,0.0,0,
152,Limpieza,7419906000022,Veladora de Vaso Mediano Favorita,45.0,0.0,0.0,0,
152,Limpieza,7419906000039,Veladora de Vaso Grande,110.0,24.0,24.0,24.0,
152,Limpieza,7421000110156,Palillos para paleta Castor,40.0,0.0,0.0,0,
152,Limpieza,7425010201248,Bolsas Grande de Basura,150.0,0.0,0.0,0,
152,Limpieza,7425231000026,Aceite 3 en 1 Lubri Master,55.0,6.0,6.0,6.0,
152,Limpieza,7429901000231,Bolsas Gigantes de Basura,120.0,0.0,0.0,0,
152,Limpieza,7433200699157,Platos Hyplast N° 7,16.0,0.0,0.0,0,
152,Limpieza,7433200699171,Platos Hyplast N° 9,21.0,0.0,0.0,0,
152,Limpieza,7441006823867,Vasos Escartable Link N° 6,26.0,64.0,64.0,64.0,
152,Limpieza,7441006823874,Vasos Escartable Link N° 8,30.0,12.0,11.0,11.0,
152,Limpieza,7441006823904,Platos Link N° 9,65.0,0.0,0.0,0,
152,Limpieza,7441006825588,Vasos Escartable Link N° 4,25.0,38.0,34.0,34.0,
152,Limpieza,7441006825595,Vasos Escartable Link N° 10,38.0,22.0,22.0,22.0,
152,Limpieza,7441006825601,Vasos Escartable Link N° 12,40.0,50.0,50.0,50.0,
152,Limpieza,7441006826127,Panitas descartable n° 6,19.0,19.0,19.0,19.0,
152,Limpieza,7451088300453,Vasos Escartable Multi N° 6,20.0,0.0,0.0,0,
153,Limpieza,7453079904251,Bolsas de Regalos Grandes,35.0,1.0,1.0,1.0,
153,Limpieza,7501020605099,Hisopo Zuum 200 PZS,70.0,0.0,0.0,0,
153,Limpieza,7501206689868,Aceite 3 en 1 Truper,45.0,0.0,0.0,0,
153,Limpieza,756972000028,Palillos Premier de 500,45.0,1.0,1.0,1.0,
153,Limpieza,756972000035,Palillos gigante de 250 und,60.0,9.0,9.0,9.0,
153,Limpieza,759364921055,Cepillo Para Lavar Ropa// J A G,20.0,0.0,0.0,0,
153,Limpieza,759364926623,ESCOBAS ECOPLAST GRANDE,130.0,54.0,53.0,53.0,
153,Limpieza,764246002517,Platos Termofom N° 8,18.0,0.0,0.0,0,
153,Limpieza,7655110621022,Bolsas de Regalos Mini Pequeña,6.0,0.0,0.0,0,
153,Limpieza,7751851027236,PASTA DE LUSTRAR SAPOLIO DE 44 ML,30.0,0.0,0.0,0,
153,Limpieza,785381007960,DISINFECTANTE MAGIA BLANCa 900,45.0,0.0,0.0,0,
153,Limpieza,7861071612010,COCINA ECOGAS FLORENTINA,2000.0,2.0,2.0,2.0,
153,Limpieza,7965904851789,Veladoras Virgen de Guadalupe,12.5,346.0,346.0,346.0,
153,Limpieza,9,cepillo de Lustrar,35.0,0.0,0.0,0,
153,Medicamento,100,Jeringa 5cc,4.0,1.0,1.0,1.0,
153,Medicamento,10765957251888,Limas Triangulo increment cut,48.33,200.0,198.0,198.0,
153,Medicamento,11418205116,Dorival,4.33,0.0,0.0,0,
153,Medicamento,11418217003,Tabcin Celeste,4.58,0.0,0.0,0,
153,Medicamento,11418218604,Tabcin Gripe y Tos,5.66,0.0,0.0,0,
153,Medicamento,11418240780,Alka AD,6.0,0.0,0.0,0,
153,Medicamento,11418870444,Alka Seltzer,5.0,0.0,0.0,0,
154,Medicamento,184,Vaselina Mi Bebe PERFUMADA,20.0,33.0,33.0,33.0,
154,Medicamento,18901790550593,Acetaminofen 500 Mg,1.0,0.0,0.0,0,
154,Medicamento,18901790698929,Ibuprofeno 600 Mg,1.1,0.0,0.0,0,
154,Medicamento,18901790704118,Tetraciclina 500 Mg,1.35,0.0,0.0,0,
154,Medicamento,18901790709755,Ibuprofeno Ibuwin 400 Mg,0.75,0.0,0.0,0,
154,Medicamento,2890187213281,Loratadina 10 mg,0.85,0.0,0.0,0,
154,Medicamento,461,TESANA DE LA INDIA,10.0,0.0,0.0,0,
154,Medicamento,675873001579,Vitaflenaco,4.83,0.0,0.0,0,
154,Medicamento,735549000104,VapoRub 12 g,23.0,0.0,0.0,0,
154,Medicamento,735549000111,Zepol para Adulto,58.0,1.0,1.0,1.0,
154,Medicamento,735549001019,Zepol para Niño,65.0,6.0,6.0,6.0,
154,Medicamento,7420000900019,Dolofin,1.7,0.0,0.0,0,
154,Medicamento,7420000900033,Delor Extrafuerte,3.2,0.0,0.0,0,
154,Medicamento,7420000900064,Delor Antigripal,5.3,0.0,0.0,0,
154,Medicamento,7420003100041,Ibuprofeno 600 Mg,0.95,0.0,0.0,0,
154,Medicamento,7420073805334,Ranitidina Diagnos 300 Mg,1.0,0.0,0.0,0,
154,Medicamento,7431002805738,Vaselina Simple 226 g,65.0,0.0,0.0,0,
154,Medicamento,7431002805752,Vaselina Simple 100 Mg,25.0,14.0,14.0,14.0,
154,Medicamento,7431007511023,Dolo-Vitalgia,4.2,0.0,0.0,0,
154,Medicamento,7431007511122,Entero Amebak,2.4,0.0,0.0,0,
154,Medicamento,7431007511351,Actimicina Bronquial,2.22,0.0,0.0,0,
154,Medicamento,7431007511412,Actimicina Gripe y Tos,2.92,0.0,0.0,0,
154,Medicamento,7431008006054,Nausyl 50 Mg,1.65,0.0,0.0,0,
154,Medicamento,7432001000261,Diclofenac Sodico 100 Mg Bengoechea,1.0,0.0,0.0,0,
155,Medicamento,7434001180004,Divina,1.3,0.0,0.0,0,
155,Medicamento,7434001180035,Acetaminofen para Niños 80 Mg,1.5,0.0,0.0,0,
155,Medicamento,7438000130459,Vita Forte,1.6,0.0,0.0,0,
155,Medicamento,7438101009777,Amoxicilina 500 Mg,1.5,0.0,0.0,0,
155,Medicamento,74410187,Sal Andrews,4.2,0.0,0.0,0,
155,Medicamento,7441026000170,Cofal Fuerte 60 g,150.0,0.0,0.0,0,
155,Medicamento,7451079000126,Panadol para niños,2.3,0.0,0.0,0,
155,Medicamento,7501001246730,Vick Vaporub,23.0,0.0,0.0,0,
155,Medicamento,7501003124326,ENSALADA DE VEGETALES HERDEZ DE 210 GRAMOS,48.0,0.0,0.0,0,
155,Medicamento,765446470724,Entero Guanil para niños,0.8,0.0,0.0,0,
155,Medicamento,7702136645003,Curas Venditas,0.5,0.0,0.0,0,
155,Medicamento,7891058008598,Novalgina 500 Mg,2.85,0.0,0.0,0,
155,Medicamento,82,Omeprazol 20 Mg,1.35,0.0,0.0,0,
155,Medicamento,83,Ibuprofeno 800 Mg,1.95,0.0,0.0,0,
155,Medicamento,85,Serafon,0.65,0.0,0.0,0,
155,Medicamento,86,Ranitidina Caplin Point 300 Mg,0.95,0.0,0.0,0,
155,Medicamento,87,sulfatiazol,2.2,0.0,0.0,0,
155,Medicamento,88,Pastias de Cuajo,4.85,3226.0,4076.0,4076.0,
155,Medicamento,89,Bicarbonato de Sodio paquete grande,3.33,551.0,550.0,550.0,
155,Medicamento,90,Bicarbonato de Sodio paquete pequeño,1.94,0.0,0.0,0,
155,Medicamento,91,Salepso,5.0,0.0,0.0,0,
155,Medicamento,92,Camibar Pequeño,14.0,16.0,16.0,16.0,
155,Medicamento,93,Liquidambar,14.0,49.0,49.0,49.0,
155,Medicamento,94,Valeriana,15.0,139.0,138.0,138.0,
156,Medicamento,95,Alcohol 70%,11.67,89.0,89.0,89.0,
156,Medicamento,96,Alcohol 100%,30.0,62.0,62.0,62.0,
156,Medicamento,97,Agua Florida,14.0,78.0,77.0,77.0,
156,Medicamento,98,Aceite Fino,35.0,11.0,11.0,11.0,
156,Medicamento,99,Esencia Coronada,14.0,64.0,63.0,63.0,
156,Metales,209,Tenedores Metalicos Boyuan 6 Piezas,28.0,0.0,0.0,0,
156,Metales,210,Cuchillos Boyuan 6 Piezas,28.0,0.0,0.0,0,
156,Metales,404,Candados Trek grande,70.0,3.0,3.0,3.0,
156,Metales,405,Candados trek Mediano,60.0,0.0,0.0,0,
156,Metales,406,Candados trek Pequeño,45.0,12.0,12.0,12.0,
156,Metales,407,Candados Mini Pequeño,30.0,0.0,0.0,0,
156,Metales,6004049040182,Tenedores Metalicos,10.0,39.0,39.0,39.0,
156,Metales,7417000500202,Machete Colin Cutacha,200.0,61.0,61.0,61.0,
156,Metales,7453051940154,Cucharas Metalicas Dinner Spoons,9.0,0.0,0.0,0,
156,Metales,8881681010340,Tenedores Metalicos 12 Piezas IBROS,9.0,0.0,0.0,0,
156,Metales,8902392501856,Limas Triangulo Finest cut,28.75,0.0,0.0,0,
156,Metales,8902392503195,Lima Cuchilla,85.0,0.0,0.0,0,
157,otros,001199235,TINTE KOOL COLOR 40 ML,45.0,0.0,0.0,0,
157,otros,001299175,BOLSO PAÑALERO NIÑA ROSADO,350.0,0.0,0.0,0,
157,otros,001699176,BOLSO PAÑALERO CUTIE BABY NIÑA,165.0,0.0,0.0,0,
157,otros,001699177,COLAS DE NIÑA,20.0,1.0,1.0,1.0,
157,otros,001699827,Jalea Pequeña Blanca,30.0,0.0,0.0,0,
157,otros,001699828,Panitas redondas pequeñas de colores con tapa,18.0,0.0,0.0,0,
157,otros,001699829,Organizador de cubiertos,140.0,0.0,0.0,0,
157,otros,001699830,Pintura de labio USHAS Matte,40.0,2.0,2.0,2.0,
157,otros,001699831,Lapiz de Ojos USHAS,20.0,0.0,0.0,0,
157,otros,001699832,Lapiz de Ojos Negros YH Beja,12.0,0.0,0.0,0,
157,otros,001699833,Grapas cajita Escolares,70.0,0.0,0.0,0,
157,otros,247,Sombras CARTERA,140.0,0.0,0.0,0,
157,otros,255,Brasalete plastico Escarchado,30.0,0.0,0.0,0,
157,otros,256,Brasalete plastico,40.0,0.0,0.0,0,
157,otros,265,Vitrina pequeña,1800.0,0.0,0.0,0,
157,otros,35,Cninelas Rolter,110.0,0.0,0.0,0,
157,otros,4005800193521,CINTA AISLANTE TESA,16.0,0.0,0.0,0,
157,otros,4260451953539,ESTUFA TOP SONIC MODELO TS- GS1011,550.0,0.0,0.0,0,
157,otros,432,TRIQUITRACA EL REY LEON,200.0,0.0,0.0,0,
157,otros,454,BANDERAS DE NICARAGUA,5.0,15.0,13.0,13.0,
157,otros,462,ECOCINA ESTUFA DE DOS QUEMADORES,1000.0,1.0,1.0,1.0,
157,otros,463,ESTUFA ECOCINA DE TRES QUEMADORES,1100.0,0.0,0.0,0,
157,otros,464,ESTUFA MACAR DE TRES QUEMADORES,850.0,0.0,0.0,0,
157,otros,466,SARTEN TELSTAR,350.0,0.0,0.0,0,
158,otros,611,GORRA LEVIS,200.0,0.0,0.0,0,
158,otros,612,GORRA TOMY HILFINGER P.BAJO,210.0,0.0,0.0,0,
158,otros,613,GORRA NIKE,210.0,0.0,0.0,0,
158,otros,614,GORRA JOLTON DEERE,185.0,0.0,0.0,0,
158,otros,615,GORRA PBR,120.0,0.0,0.0,0,
158,otros,616,BRASIER FAILIN,110.0,0.0,0.0,0,
158,otros,652,RAYADOR DE MADERA,90.0,0.0,0.0,0,
158,otros,653,Panadera Mediana Con Rueda,380.0,0.0,0.0,0,
158,otros,654,Centavito sin Chile,165.0,0.0,0.0,0,
158,otros,655,Botas de Hule Zorro,190.0,0.0,0.0,0,
158,otros,656,Botas de Hule Zafiro,320.0,9.0,9.0,9.0,
158,otros,657,Botas de Hule Garbal,150.0,0.0,0.0,0,
158,otros,679,Recarga Claro,1.1,10051.45,10051.45,10051.45,
158,otros,6901028200509,Silver Elephant,33.0,82.5,81.5,81.5,
158,otros,6921758952035,Gotas SHINE KOOL 163ML,130.0,0.0,0.0,0,
158,otros,6924372620489,USHAS Eyeshadow y Bronzer,90.0,0.0,0.0,0,
158,otros,6924372620519,Palette USHAS Eyeshadow,85.0,0.0,0.0,0,
158,otros,6924373530022,Polvo Compacto Alejandra (caja rosada),45.0,0.0,0.0,0,
158,otros,6924373530046,Polvo Compacto Alejandra 12G,40.0,0.0,0.0,0,
158,otros,6924373531432,Vanidad con base Alejandra,70.0,0.0,0.0,0,
158,otros,6948934490884,Gotas Hair POLISHER,150.0,1.0,1.0,1.0,
158,otros,7411000342220,Ketchup Naturas 400 gr,38.0,0.0,0.0,0,
158,otros,7411605700034,PlatoS FOAMPI No.7,18.0,17.0,17.0,17.0,
158,otros,7415600021356,Platos FOM No.6,15.0,5.0,5.0,5.0,
159,otros,7415603401186,PALILLOS DE BROCHETAS,55.0,4.0,4.0,4.0,
159,otros,74201013,Cigarros Pall Mall Medio Paquete,4.35,0.0,0.0,0,
159,otros,74208739,Sigarros Belmont Rojo 1/2 paquete,6.5,0.0,0.0,0,
159,otros,74208753,Sigarros Belmont suave 1/2 paquete,4.8,0.0,0.0,0,
159,otros,74310517,Sigarros L Y M Medio Paquete,3.48,0.0,0.0,0,
159,otros,74411006823881,Platos LINK No.6,18.0,20.0,20.0,20.0,
159,otros,7453068200548,ESTUFA ELECTRICA DOS QUEMADORES OASIS,0.0,0.0,0.0,0,
159,otros,75000950,Crema Nivea 20ml,35.0,0.0,0.0,0,
159,otros,7501017005321,MAICITO LA COSTEÑA 220 GR,45.0,0.0,0.0,0,
159,otros,7501019051937,Pamper adulto Tena,240.0,0.0,0.0,0,
159,otros,7501056330484,Crema Pond's Rejuveness 50gr,115.0,0.0,0.0,0,
159,otros,7501942357090,CINTA SANELECE 5709,25.0,0.0,0.0,0,
159,otros,7506306237339,Shampoo SEDAL 340 ML,170.0,6.0,6.0,6.0,
159,otros,760861002680,Café Selecto Verde 28 g,240.0,56.0,56.0,56.0,
159,otros,7622100996217,Cigarros Marvel,37.0,0.0,0.0,0,
159,otros,768863000017,CREMA PAÑALITO,160.0,0.0,0.0,0,
159,otros,7707064320046,Clavos de Herrar,20.63,24.0,24.0,24.0,
159,otros,865710201264,PARLANTES SPEAKER SONIDO MS-727B7,750.0,0.0,0.0,0,
159,otros,8692458404763,chocolates Albiye,200.0,0.0,0.0,0,
159,otros,8971735067151,ESTUFA TOP SONIC NODELO TS GS2033,850.0,0.0,0.0,0,
159,otros,8998899001753,Espirales para Mosquitos Autan,45.0,10.0,10.0,10.0,
159,otros,GN011399826,ENCRESPADOR PREGACIGLIU,65.0,0.0,0.0,0,
159,otros,GN01198231,CHINELAS PILILI,110.0,0.0,0.0,0,
160,plasticos,000197548,TENEDORES MASTER CHEF,15.0,0.0,0.0,0,
160,plasticos,000198370,PANAS PLASTICAS MEDIANAS,65.0,4.0,4.0,4.0,
160,plasticos,001799134,POTECITO ROJO QUEMADO CON TAPA,23.0,0.0,0.0,0,
160,plasticos,001799135,POTECITO MEDIANO TAPA ROSADA/LILA,23.0,0.0,0.0,0,
160,plasticos,001799136,PANA ROJA,250.0,1.0,1.0,1.0,
160,plasticos,001799137,"PLATOS AZULES, PLATITOS Y PANITAS",35.0,0.0,0.0,0,
160,plasticos,001799138,TAZA BLANCAS,45.0,1.0,1.0,1.0,
160,plasticos,001799139,TINA ROJA GRANDE,350.0,0.0,0.0,0,
160,plasticos,001799140,BASURERAS DE COLORES,60.0,0.0,0.0,0,
160,plasticos,001799141,VALDE,90.0,0.0,0.0,0,
160,plasticos,001799142,PANITAS GUACAL SALVA PLASTIC,10.0,0.0,0.0,0,
160,plasticos,001799143,VALDES 8 LTS,140.0,6.0,6.0,6.0,
160,plasticos,001799144,PASCONES PEQ,25.0,0.0,0.0,0,
160,plasticos,001799145,PASCONES REDONDOS PEQUEÑOS,30.0,0.0,0.0,0,
160,plasticos,001799146,PASCONES GRANDE,85.0,3.0,3.0,3.0,
160,plasticos,001799147,CANASTA GRANDE PARA ROPA,250.0,0.0,0.0,0,
160,plasticos,001799148,VALDES CON TAPA DE COLORES,70.0,0.0,0.0,0,
160,plasticos,001799149,PAPELERA LILI GARDEN,350.0,0.0,0.0,0,
160,plasticos,001799150,PANAS CON TAPAS,60.0,11.0,11.0,11.0,
160,plasticos,001799151,PANA CAFE,40.0,2.0,2.0,2.0,
160,plasticos,001799152,PANA VERDE Y ROJA,40.0,0.0,0.0,0,
160,plasticos,001799153,PANA ROJA,110.0,0.0,0.0,0,
160,plasticos,001799154,PANA VERDE,45.0,7.0,7.0,7.0,
160,plasticos,001799155,PANA AZUL GRANDE,120.0,0.0,0.0,0,
161,plasticos,001799156,VALDES TRASNPARENTE,75.0,0.0,0.0,0,
161,plasticos,001799157,PICHELES DE COLORES,50.0,0.0,0.0,0,
161,plasticos,1,Cocinas de 3 quemadores de mesa Macar,850.0,0.0,0.0,0,
161,plasticos,118,Sombrilla de princesas,130.0,4.0,4.0,4.0,
161,plasticos,119,Sombrilla Mediana,185.0,0.0,0.0,0,
161,plasticos,147,Abanicos Pequeños,550.0,0.0,0.0,0,
161,plasticos,148,Abanicos Medianos,780.0,1.0,1.0,1.0,
161,plasticos,194,Panitas plasticas soperas,23.0,0.0,0.0,0,
161,plasticos,195,Picheles Medianos plasticos con tapaderas,40.0,1.0,1.0,1.0,
161,plasticos,196,Picheles Pequeños plasticos con tapaderas,40.0,0.0,0.0,0,
161,plasticos,197,Vasos de Dibujos animados niño,28.0,0.0,0.0,0,
161,plasticos,198,Tazas plasticos PERU,26.0,0.0,0.0,0,
161,plasticos,199,VASOS DE VIDRIO DECORADOS,50.0,0.0,0.0,0,
161,plasticos,2,Cocinas de 3 quemadores de mesa Ecocina,1450.0,0.0,0.0,0,
161,plasticos,200,Taza DE VIDRIO TRANSPARENTE,19.17,0.0,0.0,0,
161,plasticos,201,Vasos con tapadera,18.0,0.0,0.0,0,
161,plasticos,202,Vasos con los dias de la semana,18.0,0.0,0.0,0,
161,plasticos,203,Taza DE LAS MADRES,55.0,0.0,0.0,0,
161,plasticos,204,Rayador plastico multifunsion grater,80.0,0.0,0.0,0,
161,plasticos,205,Rayador Metalico JAG,95.0,4.0,4.0,4.0,
161,plasticos,206,Plato de Vidrio con bordes,28.0,0.0,0.0,0,
161,plasticos,207,Plato tostado Floriados,48.0,0.0,0.0,0,
161,plasticos,208,Plato plastico Tostado Bordado,24.17,0.0,0.0,0,
161,plasticos,225,Perchas,60.0,7.0,7.0,7.0,
162,plasticos,23,Plasma Tv 19 pulgadas,3200.0,0.0,0.0,0,
162,plasticos,266,Ropero Plastiico,6500.0,0.0,0.0,0,
162,plasticos,267,Silla Plastica Pequeña,170.0,0.0,0.0,0,
162,plasticos,3,Cocinas de 2 quemadores de mesa Ecocina,1100.0,1.0,1.0,1.0,
162,plasticos,36,Papelera plasticas Calada,70.0,0.0,0.0,0,
162,plasticos,37,Panas Medianas Plasticas,55.0,1.0,1.0,1.0,
162,plasticos,38,Valdes pequeños colores 3 litros,55.0,0.0,0.0,0,
162,plasticos,39,Valdes de 20 litros vidon,200.0,9.0,9.0,9.0,
162,plasticos,4,Cocinas de 4 quemadores de mesa Ecocina,1500.0,0.0,0.0,0,
162,plasticos,40,Valdes de 7 Litros,120.0,4.0,4.0,4.0,
162,plasticos,408,Sillas plasticas pequeña,130.0,0.0,0.0,0,
162,plasticos,41,Panas Medianas de bordes,25.0,0.0,0.0,0,
162,plasticos,42,Masetera plasticas N° 6,100.0,0.0,0.0,0,
162,plasticos,4260451953522,Cocina Electrica,550.0,0.0,0.0,0,
162,plasticos,43,Valde Plastico Duro de 12 Litros,150.0,1.0,1.0,1.0,
162,plasticos,44,Panas Medianas,25.0,0.0,0.0,0,
162,plasticos,444,AZUCAR DEL INGENIO 2k,75.0,16.0,16.0,16.0,
162,plasticos,445,ARROZ DOÑA MARIA 80%,515.0,1.0,1.0,1.0,
162,plasticos,45,Vasinias plasticas Mediana,35.0,1.0,1.0,1.0,
162,plasticos,46,Panas Plasticas grande,250.0,0.0,0.0,0,
162,plasticos,47,Panaderas plasticas pequeña,150.0,0.0,0.0,0,
162,plasticos,48,Canastas Plasticas Con agarradero,30.0,0.0,0.0,0,
162,plasticos,4894300012971,Sombrilla Alentino Mediana,185.0,0.0,0.0,0,
162,plasticos,4894300028989,Sombrilla Alentino Grande,320.0,0.0,0.0,0,
163,plasticos,4894310013678,Sombrilla Alentino Mediana,210.0,6.0,6.0,6.0,
163,plasticos,4895176110679,PAPELERAS,390.0,1.0,1.0,1.0,
163,plasticos,49,Panaderas Mediana,185.0,0.0,0.0,0,
163,plasticos,50,Valde de 7 Litros con tapa,110.0,2.0,2.0,2.0,
163,plasticos,51,Valde de 7 Litros con tapa Mediano,70.0,0.0,0.0,0,
163,plasticos,52,Termo 1 Litro,210.0,0.0,0.0,0,
163,plasticos,53,Pichel plasticos con tapadera,135.0,0.0,0.0,0,
163,plasticos,54,Coladores plasticos pequeño,25.0,0.0,0.0,0,
163,plasticos,55,Coladores plasticos Mediano,35.0,0.0,0.0,0,
163,plasticos,56,Alcancilla Plasticas Patito,50.0,0.0,0.0,0,
163,plasticos,57,Alcancilla Plasticas Variadas Medianas,80.0,4.0,4.0,4.0,
163,plasticos,58,Alcancilla Plasticas Med,90.0,4.0,4.0,4.0,
163,plasticos,59,Azucareras Pequeñas,20.0,0.0,0.0,0,
163,plasticos,60,Azucareras Grande,25.0,0.0,0.0,0,
163,plasticos,61,Valdes plasticos con tapa 2 litros,45.0,0.0,0.0,0,
163,plasticos,62,Set de Panas cuadradas con tapas,130.0,1.0,1.0,1.0,
163,plasticos,63,Termo Hondo con tapa,95.0,0.0,0.0,0,
163,plasticos,64,Pichel para licuadora,350.0,8.0,8.0,8.0,
163,plasticos,643,Vasos Grandes Tigre,9.0,0.0,0.0,0,
163,plasticos,644,Vasos Doriplast,45.0,0.0,0.0,0,
163,plasticos,645,Vasos Mediano Plastico Colores,23.0,14.0,14.0,14.0,
163,plasticos,646,Vaso Plastico Mediano Stampo,10.0,0.0,0.0,0,
163,plasticos,647,PAÑALERA DE GINDAR,85.0,0.0,0.0,0,
163,plasticos,658,Gabetero Verde con Crema,1800.0,0.0,0.0,0,
164,plasticos,659,Cojin Corazon Satinado,160.0,0.0,0.0,0,
164,plasticos,677,Panitas De Colores,25.0,15.0,15.0,15.0,
164,plasticos,6900541087046,Panitas de vidrio soperas,36.0,0.0,0.0,0,
164,plasticos,6920170010972,Peluche Cojin Corazon Plush Toy,260.0,0.0,0.0,0,
164,plasticos,6935039620216,Panitas plastico Tostado soperas Big Rome,36.0,0.0,0.0,0,
164,plasticos,6935095689622,Platos Plastico Cuadrado,35.0,15.0,15.0,15.0,
164,plasticos,6935095989616,Platos Plastico Redondo,18.0,0.0,0.0,0,
164,plasticos,6936243905212,Platos con Bordes JCP521,15.0,0.0,0.0,0,
164,plasticos,6940018603203,Termo de Café Vacuum Flask,350.0,0.0,0.0,0,
164,plasticos,6940351329051,Termo de agua,50.0,0.0,0.0,0,
164,plasticos,6949670500035,Naypes plasticos,23.0,20.0,20.0,20.0,
164,plasticos,6980000043099,VASOS SORBETO PEQUEÑOS,30.0,0.0,0.0,0,
164,plasticos,6982016051112,Set de Vasos con pichel,290.0,0.0,0.0,0,
164,plasticos,707226771614,PLATITOS AMARILLOS MINIUS,38.0,2.0,2.0,2.0,
164,plasticos,72,Plateras Con Tapaderas Grande,680.0,0.0,0.0,0,
164,plasticos,74,Set de Panas Redondas con tapas,130.0,0.0,0.0,0,
164,plasticos,7429901000392,Valde Doña Planchita su cubeta 16 Litros,80.0,0.0,0.0,0,
164,plasticos,743320069126,PLATO HYPLAST HONDO B6,15.0,0.0,0.0,0,
164,plasticos,7433200699133,PLATO DESECHABLE HYPLAST P6,0.0,0.0,0.0,0,
164,plasticos,7441003601024,Salero Sal Sol,23.0,0.0,0.0,0,
164,plasticos,7450054139844,Vasos con pajilla,23.0,13.0,13.0,13.0,
164,plasticos,7450089891236,Percoladora Jackpot,300.0,0.0,0.0,0,
164,plasticos,7453013522497,Horno Sankey,1500.0,2.0,2.0,2.0,
164,plasticos,7453013524613,Licuadora Sankey / VASO PLASTICO,1700.0,0.0,0.0,0,
165,plasticos,7453013524903,Horno Micro-ondas,3500.0,0.0,0.0,0,
165,plasticos,7453014015684,Lava Pacha Wakids,45.0,0.0,0.0,0,
165,plasticos,7453020503779,Sombrilla Details,160.0,0.0,0.0,0,
165,plasticos,7453020505278,Sombrilla Details,240.0,0.0,0.0,0,
165,plasticos,7453057044757,Plancha Universal Royal,320.0,0.0,0.0,0,
165,plasticos,7453073902376,Sombrilla Deluse Umbrella,200.0,1.0,1.0,1.0,
165,plasticos,7453089111526,Pichel de Vidrio con su tapadera,120.0,0.0,0.0,0,
165,plasticos,75,Plancha Top Sonic,480.0,0.0,0.0,0,
165,plasticos,7501942357618,cinta de aislar Sanelec 18 m,30.0,0.0,0.0,0,
165,plasticos,7502211931386,Porta Toallitas Humedas,80.0,0.0,0.0,0,
165,plasticos,7502233113920,Fruti Rolls,50.0,0.0,0.0,0,
165,plasticos,7502233114620,Glacs,70.0,0.0,0.0,0,
165,plasticos,7502233114637,CHOCO NUBIS,45.0,0.0,0.0,0,
165,plasticos,7502233115269,CONR FLAKES 198.4 GR/310 GR,65.0,0.0,0.0,0,
165,plasticos,762992082715,Papeleras de Pedal Mediana,250.0,0.0,0.0,0,
165,plasticos,762992082722,Papeleras de Pedal Grande,350.0,2.0,2.0,2.0,
165,plasticos,77,Andaribel para niños,1100.0,1.0,1.0,1.0,
165,plasticos,7707231530018,MAQUINA VICTORIA,1150.0,2.0,2.0,2.0,
165,plasticos,78,Panas plasticas grande,110.0,6.0,6.0,6.0,
165,plasticos,784968000813,Coladores de seda grande,55.0,0.0,0.0,0,
165,plasticos,79,Galon 20 Litros,200.0,0.0,0.0,0,
165,plasticos,80,Valde plasticos suave 12 Litros,90.0,0.0,0.0,0,
165,plasticos,808349359007,Termo de 7.55 Litro con chorro,400.0,0.0,0.0,0,
165,plasticos,81,Termo de Café Pot,135.0,0.0,0.0,0,
166,plasticos,825419132100,Tortillera plastica,85.0,0.0,0.0,0,
166,plasticos,8697402470405,Maseteras plasticas N° 3,80.0,0.0,0.0,0,
166,plasticos,8698644481785,Maseteras plasticas N° 8,120.0,3.0,3.0,3.0,
166,plasticos,8904038702405,sillas plasticas Mediana,320.0,1.0,1.0,1.0,
166,plasticos,GN01197942,PANITAS FINES CASA,45.0,0.0,0.0,0,
166,Uso Domestico,000198562,Fosforo Tornado,45.0,499.0,499.0,499.0,
166,Uso Domestico,001892543,POTECITOS CON TAPA PEQ,30.0,0.0,0.0,0,
166,Uso Domestico,001892544,ALCANSILLA PLASTICO CERDO,95.0,0.0,0.0,0,
166,Uso Domestico,001893521,TERMO PEQ AZUL,170.0,0.0,0.0,0,
166,Uso Domestico,001893522,PANAS MINI GRANDE VERDES,80.0,0.0,0.0,0,
166,Uso Domestico,001893523,VALDE CON TAPA PEQ,65.0,0.0,0.0,0,
166,Uso Domestico,001893524,RADIO SONY,900.0,0.0,0.0,0,
166,Uso Domestico,050875807396,PLANCHA BLACK + DECKER,780.0,0.0,0.0,0,
166,Uso Domestico,099176005575,Azistin Forta 450 Ml,34.0,74.0,74.0,74.0,
166,Uso Domestico,099176132608,Azistin Forta 900 Ml,68.0,15.0,15.0,15.0,
166,Uso Domestico,11,Paste de Cocina scotch Brite Multi- uso,24.0,122.0,122.0,122.0,
166,Uso Domestico,116,Baterias Rayovac AA,28.0,130.0,130.0,130.0,
166,Uso Domestico,12,Paste Verde de cocina Limpieza profunda,13.0,0.0,0.0,0,
166,Uso Domestico,143,Balvulas de Cilindro Pequeño,140.0,0.0,0.0,0,
166,Uso Domestico,144,Balvulas de Cilindro Grande,180.0,0.0,0.0,0,
166,Uso Domestico,145,Mangueras para Balvula,60.0,0.0,0.0,0,
167,Uso Domestico,146,Bridas para Mangueras,45.0,0.0,0.0,0,
167,Uso Domestico,16750894621337,Margarina Mazola,7.6,0.0,0.0,0,
167,Uso Domestico,179,Agujas para coser a mano,30.0,38.0,38.0,38.0,
167,Uso Domestico,1803201704161,PLANCHA DAILY,520.0,0.0,0.0,0,
167,Uso Domestico,181,Hilo Yomayo,10.0,21.0,21.0,21.0,
167,Uso Domestico,182,Hilo pequeño,3.0,0.0,0.0,0,
167,Uso Domestico,183,Sedina,2.0,16.0,16.0,16.0,
167,Uso Domestico,187,Prensaropa de bolsa,70.0,6.0,6.0,6.0,
167,Uso Domestico,189,Repuestos de Licuadora de Pichel,350.0,0.0,0.0,0,
167,Uso Domestico,190,Repuestos de Licuadora de Pichel,85.0,0.0,0.0,0,
167,Uso Domestico,191,Repuestos de Licuadora,45.0,21.0,21.0,21.0,
167,Uso Domestico,192,Empaques para Licuadora,20.0,0.0,0.0,0,
167,Uso Domestico,27401006102168,"Jabon Bex 1,110 G",225.0,0.0,0.0,0,
167,Uso Domestico,283,Manteles Tortilleros,35.0,0.0,0.0,0,
167,Uso Domestico,365,Contenedor 9x9,6.0,434.0,434.0,434.0,
167,Uso Domestico,366,Jabon Blankito,160.0,10.0,10.0,10.0,
167,Uso Domestico,409,arroz Faisan 96% 50 Libras,1150.0,14.0,12.0,12.0,
167,Uso Domestico,414,Bujia Esplendor 100 w,12.0,0.0,0.0,0,
167,Uso Domestico,415,Bujia Esplendor 75 w,14.0,0.0,0.0,0,
167,Uso Domestico,416,Sacos Rojos de dos quintales,17.0,102.0,102.0,102.0,
167,Uso Domestico,6,SERVILLETA NUBE BLANCA,38.0,0.0,0.0,0,
167,Uso Domestico,637662103338,Jabon Marfil Variado,37.5,240.0,708.0,708.0,
167,Uso Domestico,637662111043,Azistin Galon Marfil,200.0,0.0,0.0,0,
167,Uso Domestico,6901028204156,Paste de Alambre,6.67,478.0,478.0,478.0,
168,Uso Domestico,6925496404061,Paste de Aluminio,6.67,145.5,145.5,145.5,
168,Uso Domestico,6943777010916,Bombillo Recargable Grande,110.0,0.0,0.0,0,
168,Uso Domestico,7,Pasta de Lustrar Shinola 70g,55.0,2.0,2.0,2.0,
168,Uso Domestico,70330905191,Ensendedor Pequeño,33.0,119.0,119.0,119.0,
168,Uso Domestico,70330909229,Ensendedor Mediano,25.0,0.0,0.0,0,
168,Uso Domestico,714943000224,Manteca clover Brand de Libra,36.67,127.0,126.0,126.0,
168,Uso Domestico,7401001622650,Deterjente Espumil 250 g,23.0,20.0,20.0,20.0,
168,Uso Domestico,7401001622889,Deterjente Espumil 500 g,40.0,228.0,199.0,199.0,
168,Uso Domestico,7401001632116,Jabon Espumil lava traste 210 g,12.0,0.0,0.0,0,
168,Uso Domestico,7401002001805,Cloro Magia Blanca 3.785 Litro,160.0,5.0,4.0,4.0,
168,Uso Domestico,7401002002093,Cloro Magia Blanca 1 Litro,58.0,41.0,40.0,40.0,
168,Uso Domestico,7401006210104,Fosforo Aguila,1.6,84961.0,84846.0,84846.0,
168,Uso Domestico,7406171010795,Deterjente Espumil 2kg,150.0,147.0,146.0,146.0,
168,Uso Domestico,7406171011655,Deterjente Espumil 5 kg,385.0,8.0,8.0,8.0,
168,Uso Domestico,7406171012546,Suavizante Terso 720 Ml,65.0,10.0,10.0,10.0,
168,Uso Domestico,7406171031820,Jabon de baño DK12,23.0,159.0,159.0,159.0,
168,Uso Domestico,7406171032261,Jabon Zagas 400 g,38.0,114.0,178.0,178.0,
168,Uso Domestico,7406171033442,Deterjente Liquido Fab 450 Ml,33.0,0.0,0.0,0,
168,Uso Domestico,7406171036931,Jabon Reyna,32.5,0.0,0.0,0,
168,Uso Domestico,7406171036962,"Jabon Bex 1,275 G",37.5,468.0,462.0,462.0,
168,Uso Domestico,7410010192542,Pajillas Marling,12.0,69.0,69.0,69.0,
168,Uso Domestico,7411000201046,Pepinesa 105 g,60.0,8.0,8.0,8.0,
168,Uso Domestico,7411000300404,Jabon Xtra Variado,37.5,3.0,240.0,240.0,
168,Uso Domestico,7411000307793,Jabon Lava traste Rinso 340 g,20.0,208.0,527.0,527.0,
169,Uso Domestico,7411000315361,Detergente Xedex 115 g,11.33,25.0,25.0,25.0,
169,Uso Domestico,7411000386712,Deterjente Xedex Multiacción 400 g,33.0,1.0,1.0,1.0,
169,Uso Domestico,7415603401131,Servilletas Gigante 100 unid.,43.0,50.0,50.0,50.0,
169,Uso Domestico,7433200542033,Pajillas yes,10.0,0.0,0.0,0,
169,Uso Domestico,7434001085224,Cloro Doña Tina 1 Litro,48.0,9.0,9.0,9.0,
169,Uso Domestico,7434001085248,Cloro Doña Tina Galon,120.0,1.0,1.0,1.0,
169,Uso Domestico,7441002706522,Paste de Cocina Economico Empacado,9.0,0.0,0.0,0,
169,Uso Domestico,7441006823300,Papel Aluminio Link 25 pies,46.0,74.0,74.0,74.0,
169,Uso Domestico,7453025109747,PLANCHA PREMIER,500.0,2.0,2.0,2.0,
169,Uso Domestico,7453038439398,Ensendedor de Cocina,95.0,2.0,2.0,2.0,
169,Uso Domestico,7453038481083,LAPIZ DE GRAFITO MAX TIP,2.5,0.0,0.0,0,
169,Uso Domestico,7453057047970,Sarten Universal,420.0,0.0,0.0,0,
169,Uso Domestico,7453064725809,BATIDORA SANKEY,550.0,0.0,0.0,0,
169,Uso Domestico,7453078528199,Bombillos Recargable Mediano,60.0,0.0,0.0,0,
169,Uso Domestico,7453086693520,PAILA TEFLON MORADA,285.0,0.0,0.0,0,
169,Uso Domestico,748928000510,Pastilla Desinfectante Terror,25.0,42.0,42.0,42.0,
169,Uso Domestico,749732087872,JUEGOS DE PANITAS PEQ,85.0,0.0,0.0,0,
169,Uso Domestico,7501026027499,Deterjente Blanca Nieves 5 Kg,280.0,0.0,0.0,0,
169,Uso Domestico,7501026027529,Deterjente Blanca Nieves 2 Kg,120.0,0.0,0.0,0,
169,Uso Domestico,7501032903572,Baygon ultra verde 400 Mg,290.0,34.0,34.0,34.0,
169,Uso Domestico,7501032916176,Aromatizantes Glade variado 400 Mg,140.0,31.0,30.0,30.0,
169,Uso Domestico,7506195163702,Cloro Magia Blanca 200 ml,7.5,3987.0,3951.0,3951.0,
169,Uso Domestico,750894642205,Jabon Roku,33.0,63.0,63.0,63.0,
169,Uso Domestico,750894680757,Salsa de Tomate Issima 106 Gr,9.58,1.0,1.0,1.0,
170,Uso Domestico,7509546044408,Suavitel Complete 450 Ml,58.0,30.0,29.0,29.0,
170,Uso Domestico,7509546044453,Suavitel complete 850 Ml,113.0,18.0,18.0,18.0,
170,Uso Domestico,7509546075488,Jabon de baño Palmolive Variado 100 g,28.0,202.0,202.0,202.0,
170,Uso Domestico,760896136213,Shinola Negro 60 Ml,48.0,0.0,0.0,0,
170,Uso Domestico,760896136220,Shinola 60 Ml,47.0,0.0,0.0,0,
170,Uso Domestico,7702081007000,Bombillos philips,24.0,5.0,5.0,5.0,
170,Uso Domestico,7702561100801,MAQUINAS CORONA,1200.0,4.0,4.0,4.0,
170,Uso Domestico,7707014902896,BOM BOM BIG BOM 432GM,42.0,0.0,0.0,0,
170,Uso Domestico,783094001015,Baterias Rayovac grande,54.17,254.0,248.0,248.0,
170,Uso Domestico,783094003132,Baterias Rayovac AAA,35.0,138.0,138.0,138.0,
170,Uso Domestico,785381007878,Desinfectante Magia Blanca Mz Verde 3.785 Litro,170.0,0.0,0.0,0,
170,Uso Domestico,8,Pasta de Lustrar Shinola 13.5 g,30.0,2.0,2.0,2.0,
170,Uso Domestico,808349275024,BANDEJA SENCILLAS,600.0,0.0,0.0,0,
170,Uso Domestico,8356917100497,Taza de Vidrio de colores,60.0,0.0,0.0,0,
170,Uso Domestico,88502030206,Servilletas Scott 100 unid,33.0,0.0,0.0,0,
170,Uso Domestico,99176003700,Jabon Lava Traste Doña Blanca 340 g,28.0,2.0,2.0,2.0,
170,Uso Domestico,99176003731,Jabon lava traste Doña Blanca 85 g,7.29,72.0,72.0,72.0,
170,Uso Domestico,9917600611,Azistin Forta 1 Galon,245.0,8.0,5.0,5.0,
170,Uso Domestico,99176006251,Azistin Forta cloro 80 ML,10.0,298.0,298.0,298.0,
170,Uso Domestico,99176006329,AZistin Forta 2 Litro,145.0,23.0,23.0,23.0,
170,Uso Domestico,99176231837,Suavitel complete 5 LT,500.0,5.0,5.0,5.0,
170,Uso Domestico,99176232018,Suavitel complete 2.8 LT,290.0,4.0,4.0,4.0,
170,Uso Domestico,99176232940,Suavitel Complete 80 Ml,10.0,320.0,308.0,308.0,
170,Uso Domestico,99176922247,Jabon de baño Protex Variado,28.0,147.0,147.0,147.0,
171,Utiles escolares,001995946,Zapatos Taco Botin,550.0,0.0,0.0,0,
171,Utiles escolares,077914007067,ENGRAPADORA BOSTITCH,210.0,0.0,0.0,0,
171,Utiles escolares,3154140479206,Tijeras GRANDE,90.0,0.0,0.0,0,
171,Utiles escolares,348,Tabla periodica,7.0,0.0,0.0,0,
171,Utiles escolares,349,Tarjeta Feliz Cumpleaños,35.0,5.0,5.0,5.0,
171,Utiles escolares,350,Estuche Geometrico del comal,10.0,0.0,0.0,0,
171,Utiles escolares,351,Tijeras pequeña,25.0,4.0,4.0,4.0,
171,Utiles escolares,352,Lapiz de grafito,6.0,46.0,46.0,46.0,
171,Utiles escolares,353,Lapiz de grafito Benssini,6.0,4.0,4.0,4.0,
171,Utiles escolares,354,Fomy,5.0,2.0,2.0,2.0,
171,Utiles escolares,355,Cartulina,10.0,8.0,8.0,8.0,
171,Utiles escolares,356,Set de brochas para acuarela,50.0,0.0,0.0,0,
171,Utiles escolares,357,Sobres Mediano,4.0,37.0,37.0,37.0,
171,Utiles escolares,358,Sobres grandes,2.0,0.0,0.0,0,
171,Utiles escolares,359,Silicon en barra,6.0,41.0,41.0,41.0,
171,Utiles escolares,360,Lapiz de grafito Stabilo,6.0,0.0,0.0,0,
171,Utiles escolares,361,Teype Transparente,25.0,0.0,0.0,0,
171,Utiles escolares,362,Reglas,30.0,11.0,11.0,11.0,
171,Utiles escolares,363,Borradores mini pequeños,6.0,0.0,0.0,0,
171,Utiles escolares,397,Cuaderno cocido,34.0,1.0,1.0,1.0,
171,Utiles escolares,456,SOBRES AREOS GRANDE,2.0,7.0,7.0,7.0,
171,Utiles escolares,457,SOBRES AEREOS PEQUEÑOS,1.0,11.0,11.0,11.0,
171,Utiles escolares,458,LAPIZ DE CARBON JUMBO,5.0,0.0,0.0,0,
172,Utiles escolares,459,FOMY ESCARCHADO,10.0,0.0,0.0,0,
172,Utiles escolares,460,CALCULADORA KANDIO,150.0,0.0,0.0,0,
172,Utiles escolares,4712302224515,Papel Crepe,6.0,0.0,0.0,0,
172,Utiles escolares,4971850032199,Calculadora Casio,650.0,0.0,0.0,0,
172,Utiles escolares,4971850093060,CALCULADORA CASIO PEQUEÑAS,520.0,0.0,0.0,0,
172,Utiles escolares,4974052819476,Marcadores Permanente / Acrilico,30.0,119.0,119.0,119.0,
172,Utiles escolares,4974052832222,Marcador Resaltador,20.0,1.0,1.0,1.0,
172,Utiles escolares,641,CAJA PAQUETE PARA PIÑATA,45.0,0.0,0.0,0,
172,Utiles escolares,642,CUADERNO CUADRICULADO COCIDO GRANDE,35.0,0.0,0.0,0,
172,Utiles escolares,6580901071001,Tarjador Metalico,10.0,0.0,0.0,0,
172,Utiles escolares,6901234567182,Tijeras,35.0,0.0,0.0,0,
172,Utiles escolares,6911989530065,Cuaderno Pequeño,14.0,98.0,98.0,98.0,
172,Utiles escolares,6931315610094,Cinta Adhesiva pequeño,6.0,0.0,0.0,0,
172,Utiles escolares,6940356130119,Calculadora CASIO SENCILLA,360.0,0.0,0.0,0,
172,Utiles escolares,6944977122126,Estuche Geometrico,35.0,0.0,0.0,0,
172,Utiles escolares,694519410957,Estuche geometrico,45.0,0.0,0.0,0,
172,Utiles escolares,7434003611278,CUADERNO BLOCK SIN RAYAS SMARTY,28.0,0.0,0.0,0,
172,Utiles escolares,7434003611483,Silicon Liquido 250 Ml,100.0,0.0,0.0,0,
172,Utiles escolares,7434003613258,Lapiz de tinta Smarty,4.0,4.0,4.0,4.0,
172,Utiles escolares,7441046302001,FOLDER TAMAÑO CARTA,5.0,0.0,0.0,0,
172,Utiles escolares,74500749900258,Libreta de apunte,25.0,0.0,0.0,0,
172,Utiles escolares,7450077031699,LAPIZ NEON TRIANGULAR,3.5,0.0,0.0,0,
172,Utiles escolares,7453010000240,Corrector de Lapiz,18.0,5.0,5.0,5.0,
172,Utiles escolares,7453010000295,Borradores de Leche,5.0,0.0,0.0,0,
173,Utiles escolares,7453010014056,Teype Negro,10.0,5.0,5.0,5.0,
173,Utiles escolares,7453010030605,Chinches,12.0,12.0,12.0,12.0,
173,Utiles escolares,7453010076788,ACUARELA POINTER,65.0,1.0,1.0,1.0,
173,Utiles escolares,7453010086619,Cinta Adhesiva Mediana,18.0,0.0,0.0,0,
173,Utiles escolares,7453038418133,Lapiz de colores,40.0,0.0,0.0,0,
173,Utiles escolares,7453078538341,Lapiz de colores Pointer,28.0,0.0,0.0,0,
173,Utiles escolares,7453086101827,Silicon Liquido 30 Ml,15.0,0.0,0.0,0,
173,Utiles escolares,7453086101834,Silicon Liquido 60 Ml,22.0,0.0,0.0,0,
173,Utiles escolares,7501214974529,Tijeras STUDMARK,90.0,0.0,0.0,0,
173,Utiles escolares,7503002936337,Regla plastica,20.0,2.0,2.0,2.0,
173,Utiles escolares,7613035956247,Pack de Cafe Presto,320.0,0.0,0.0,0,
173,Utiles escolares,7707314795945,Sellador chiquito,50.0,0.0,0.0,0,
173,Utiles escolares,7754005381925,Masking Tape Pegafan,30.0,22.0,22.0,22.0,
173,Utiles escolares,98207013497,Cuaderno de Resorte Mediano,15.0,0.0,0.0,0,
173,Utiles escolares,98207013503,Cuaderno de Resorte grande SCRIBE,35.0,0.0,0.0,0,
173,Vidrio,193,Taza de Vidrio color blanca,55.0,0.0,0.0,0,
173,Vidrio,6953440503577,Taza de Vidrio tazon con tapa,45.0,0.0,0.0,0,
173,Vidrio,7452018312669,Set de Vasos de Vidrio de colores 6 Piezas,230.0,0.0,0.0,0,
173,Vidrio,7453089147358,TAZA DE VIDRIO VILLARY GIFT,50.0,0.0,0.0,0,
